title,author,price,url
Baro Ghater Shesh Ghat বার ঘাটের শেষ ঘাট,সালেক উদ্দীন,150.0,http://books.com.bd/9895
Kolpobiggan O Rohosso Golpo কল্পবিজ্ঞান ও রহস্য গল্প,বিপ্রদাশ বড়ুয়া,150.0,http://books.com.bd/14793
Onongo Rongo অনঙ্গ রঙ্গ,মোস্তফা মীর,200.0,http://books.com.bd/14783
Ojogor (Okhondo) অজগর,হরিপদ দত্ত,480.0,http://books.com.bd/14788
Outsider আউটসাইডার,শামসুদ্দীন চৌধুরী,500.0,http://books.com.bd/12032
Atnogan আত্মজ্ঞান,আব্দুল হালিম তালুকদার,120.0,http://books.com.bd/25342
Ahmad Sharif আহমদ শরীফ,আহমদ কবির,180.0,http://books.com.bd/25343
Uttor-Adhunik Poribesh উত্তর-আধুনিক পরিবেশ,শামসুদ্দীন চৌধুরী,350.0,http://books.com.bd/25344
Boitik Kahini Eso Vut Tarai ভৌতিক কাহিনি এসো ভূত তাড়াই,শেখ আবদুল হাকিম,220.0,http://books.com.bd/25345
World Famous Children's Classics ওয়ার্ল্ড ফেমাস চিলড্রেন ক্লাসিক,তারিক মাহমুদ,400.0,http://books.com.bd/25346
Kona Tarongo কণা তরঙ্গ,রেজা এলিয়েন,240.0,http://books.com.bd/25347
Kotha O Shahitto কথা ও সাহিত্য,হরিপদ দত্ত,240.0,http://books.com.bd/14778
Quran O Manob Mon কোরআন ও মানব মন,সৈয়দ আব্দুল লতিফ,250.0,http://books.com.bd/25351
Geetanjoli [Bor] গীতাঞ্জলী,আবদার রাশিদ,380.0,http://books.com.bd/11618
Geetanjoli [sb] গীতাঞ্জলী,রবীন্দ্রনাথ ঠাকুর,50.0,http://books.com.bd/9008
Greecer Myth গ্রিসের মিথ,শামসুদ্দীন চৌধুরী,250.0,http://books.com.bd/25352
Charte Arketipy চারটে আর্কেটাইপ,শামসুদ্দীন চৌধুরী,300.0,http://books.com.bd/25353
Tom Swarer Dudsahosik Abijan টম সয়ারের দুঃসাহসিক অভিযান,হোসাইন রিদওয়ান আলী খান,300.0,http://books.com.bd/25354
Drupodi mythology ধ্রুপদী মিথলজি,শামসুদ্দীন চৌধুরী,800.0,http://books.com.bd/25357
Nandon Tatto নন্দন তত্ত্ব,শামসুদ্দীন চৌধুরী,1200.0,http://books.com.bd/25358
Poribesh O Biggan পরিবেশ ও বিজ্ঞান,ড. আলী আসগর,380.0,http://books.com.bd/25359
Pakhi O Potongora Jokhon manush Chilo পাখি ও পতঙ্গরা যখন মানুষ ছিল,হরিপদ দত্ত,120.0,http://books.com.bd/25360
Projoniy Dashonik Darona প্রয়োজনীয় দার্শনিক ধারণা,শামসুদ্দীন চৌধুরী,375.0,http://books.com.bd/25361
Plator Pathshala প্লেটোর পাঠশালা,শামসুদ্দীন চৌধুরী,130.0,http://books.com.bd/25362
Bangladesher Gonhotta1971 বাংলাদেশের গণহত্যা’৭১,খালেক বিন জয়েনউদ্দীন,480.0,http://books.com.bd/25363
Bangladesher Shadinota O Bangabandhu বাংলাদেশের স্বাধীনতা ও বঙ্গবন্ধু,খালেক বিন জয়েনউদ্দীন,200.0,http://books.com.bd/25365
Banglar Mukh Ami Dekhiachi[Born] বাংলার মুখ আমি দেখিয়াছি,শঙ্কর সেনগুপ্ত,600.0,http://books.com.bd/25366
Ranur Prothamvag রাণুর প্রথমভাগ,বিভূতিভূষণ মুখোপাধ্যায়,250.0,http://books.com.bd/25367
VaratShilper Sharonggo ভারতশিল্পের ষড়ঙ্গ,অবনীন্দ্রনাথ ঠাকুর,150.0,http://books.com.bd/25368
Varjiler Eneed ভার্জিলের ঈনিড,শামসুদ্দীন চৌধুরী,500.0,http://books.com.bd/25369
Vautik Uponnash Vuttaruya ভৌতিক উপন্যাস ভূততাড়ুয়া,শেখ আবদুল হাকিম,180.0,http://books.com.bd/25370
Hakkolberi Finer DudsaHosik Avizan হাক্‌ল্‌বেরি ফিনের দুঃসাহসিক অভিযান,হোসাইন রিদওয়ান আলী খান,400.0,http://books.com.bd/25372
Malloban মাল্যবান,জীবনানন্দ দাশ,180.0,http://books.com.bd/14801
Mither Majhe Bashobash মিথের মাঝে বসবাস,শামসুদ্দীন চৌধুরী,375.0,http://books.com.bd/25373
Mogli মোগলি,সিজান মাহমুদ তপন,160.0,http://books.com.bd/25375
Molla Vaiyer Hasir Golpo মোল্লা ভাইয়ের হাসির গল্প,মোসাদ্দেক আহমেদ,100.0,http://books.com.bd/25376
Jhonotar Itihash-1:Vumikaparbo যৌনতার ইতিহাস-১ : ভূমিকাপর্ব,শামসুদ্দীন চৌধুরী,275.0,http://books.com.bd/25377
Jhonotar Itihash-2:Sukher babohar যৌনতার ইতিহাস-২ : সুখের ব্যবহার,শামসুদ্দীন চৌধুরী,450.0,http://books.com.bd/25378
Jhonotar Itihash-3:Nijer Proti Jhotno যৌনতার ইতিহাস-৩ : নিজের প্রতি যত্ন,শামসুদ্দীন চৌধুরী,430.0,http://books.com.bd/25379
Jhonotar Totter Tin Path যৌনতার তত্ত্বের তিন পাঠ,শামসুদ্দীন চৌধুরী,275.0,http://books.com.bd/25380
Rajnoitik Motadorssho O Annanno Prosoggo রাজনৈতিক মতাদর্শ ও অন্যান্য প্রসঙ্গ,হায়দার আকবর খান রনো,150.0,http://books.com.bd/25382
Richuyal Theke Romance রিচুয়াল থেকে রোমান্স,শামসুদ্দীন চৌধুরী,300.0,http://books.com.bd/25383
Relgari Koto Dur রেলগাড়ি কত দূর,সুব্রত বড়ুয়া,120.0,http://books.com.bd/25384
Romer Mithy রোমের মিথ,শামসুদ্দীন চৌধুরী,250.0,http://books.com.bd/25385
Sherlock Holmes Omnibus শার্লক হোমস অমনিবাস,তারিক মাহমুদ,500.0,http://books.com.bd/25386
Sherlock Holmeser Shrestho Avijan শার্লক হোমসের শ্রেষ্ঠ অভিযান,স্যার আর্থার কোনান ডয়েল,120.0,http://books.com.bd/25387
Sanggarami Sukornno সংগ্রামী সুকর্ন,আনিস সিদ্দিকী,180.0,http://books.com.bd/25388
Sahoj chitrosikka সহজ চিএশিক্ষা,অবনীন্দ্রনাথ ঠাকুর,100.0,http://books.com.bd/25390
Sahitto Samalochona সাহিত্য সমালোচনা,আহমদ কবির,960.0,http://books.com.bd/25392
Hatrimatim Pakhir Jonmokatha হাট্টিমাটিম পাখির জম্মকথা,হরিপদ দত্ত,100.0,http://books.com.bd/25393
Hason Razar Gan হাসন রাজার গান,ড. আবুল আহসান চৌধুরী,300.0,http://books.com.bd/25394
Homor হোমর,শামসুদ্দীন চৌধুরী,250.0,http://books.com.bd/25395
Homrer Eliyad হোমরের ইলিয়াদ,শামসুদ্দীন চৌধুরী,350.0,http://books.com.bd/25397
Chader Pahar [Bornayon] চাঁদের পাহাড়,বিভূতিভূষণ বন্দ্যোপাধ্যায়,100.0,http://books.com.bd/14820
Gopal Varer Hasir Golpo [Adigonto Prk] গোপাল ভাঁড়ের হাসির গল্প,ফারহানা কাইয়ুম অপর্ণা,70.0,http://books.com.bd/10141
Ai Boita Tomar এই বইটা তোমার,লুৎফর রহমান রিটন,800.0,http://books.com.bd/25876
Kato Kathar Khoi কত কথার খই,মোশাররফ হোসেন ভূঞা,300.0,http://books.com.bd/25877
Katha Kathasahitto কথা কথাসাহিত্য,হাসান আজিজুল হক,300.0,http://books.com.bd/25878
Kornokusum O Kalopakhar Projapoti কর্ণকুসুম ও কালোপাখার প্রজাপতি,আখতার হুসেন,250.0,http://books.com.bd/25880
Kacher Manush কাছের মানুষ,ফারুক হোসেন,400.0,http://books.com.bd/25881
Kishorsamoggro[SK] কিশোরসমগ্র,শামসুজ্জামান খান,700.0,http://books.com.bd/25883
Krishi O Unnoyonchinta কৃষি ও উন্নয়নচিন্তা,শাইখ সিরাজ,500.0,http://books.com.bd/25884
Krishi Sangbadikota কৃষি সাংবাদিকতা,অধ্যাপক ড. গোলাম রহমান,350.0,http://books.com.bd/25885
Khushir Pora Mojar Chara খুশির পড়া মজার ছড়া,শৈলেন্দ্র হালদার,200.0,http://books.com.bd/25886
Ganesh Dhanesh Ranesh Ebang Vhuter Baccha গণেশ ধনেশ রণেশ এবং ভূতের বাচ্চা,লুৎফর রহমান রিটন,300.0,http://books.com.bd/25887
"Good morning, Kido the Foringni গুড মর্নিং কিডো দ্য ফড়িংনি",ধ্রুব এষ,150.0,http://books.com.bd/25888
Golkunhdar Hiro গোলকুন্ডার হিরে,দীপ মুখোপাধ্যায়,200.0,http://books.com.bd/25889
Ghurir Moto Uri ঘুড়ির মতো উড়ি,ফারুক হোসেন,300.0,http://books.com.bd/25890
Ghure Asi Pranirajje ঘুরে আসি প্রাণিরাজ্যে,রহিম শাহ,250.0,http://books.com.bd/25891
Chad Utheche Fhul Futeche চাঁদ উঠেছে ফুল ফুটেছে,আনোয়ারুল ইসলাম,400.0,http://books.com.bd/25892
Char Beharar Palki চার বেহারার পালকি,আবুল মোমেন,200.0,http://books.com.bd/25893
Chirodin Tomar Akash চিরদিন তোমার আকাশ,সাজ্‌জাদ আরেফিন,500.0,http://books.com.bd/25894
Chorai Chorai Jibon Gorai ছড়ায় ছড়ায় জীবন গড়ায়,আসলাম সানী,250.0,http://books.com.bd/25895
Amader Shishu Sahitto Chondomoy Sonali rekha আমাদের শিশু সাহিত্য ছন্দোময় সোনালি রেখা,রাশেদ রউফ,400.0,http://books.com.bd/25896
Bangladesher Shadinota Sangrame Shilhpi Samaj বাংলাদেশের স্বাধীনতা সংগ্রামে শিল্পী সমাজ,বীরেন সোম,700.0,http://books.com.bd/25923
Batase Bisorjjon বাতাসে বিসর্জন,সৌভিক রেজা,100.0,http://books.com.bd/25924
Bristi Niye Bishti Golpo বৃষ্টি নিয়ে বিশটি গল্প,আমীরুল ইসলাম,400.0,http://books.com.bd/25926
Braziler Makorsha O Arekti Golpo ব্রাজিলের মাকড়সা ও আরেকটি গল্প,ফরিদুর রেজা সাগর,300.0,http://books.com.bd/25927
Vasha Sahitto sangskiti Katha ভাষা সাহিত্য সংস্কৃতি কথা,সেলিনা হোসেন,500.0,http://books.com.bd/25929
Vuter Biyer Nimontrone ভূতের বিয়ের নিমন্ত্রণে,লুৎফর রহমান রিটন,300.0,http://books.com.bd/25930
Madubok মধুবক,হাশেম খান,250.0,http://books.com.bd/25931
Mayer Jonno Rupkatha মায়ের জন্য রূপকথা,আমীরুল ইসলাম,350.0,http://books.com.bd/25933
Mahasurir Behala মাহসুরির বেহালা,জাহিদ রেজা নূর,350.0,http://books.com.bd/25934
Michiler Rupkatha মিছিলের রূপকথা,আমীরুল ইসলাম,400.0,http://books.com.bd/25935
Mitul O Tar Robot মিতুল ও তার রবোট,মুহম্মদ জাফর ইকবাল,200.0,http://books.com.bd/25936
Muktir Sangram মুক্তির সংগ্রাম,আনিসুজ্জামান,850.0,http://books.com.bd/25937
Mrittusojjay Ami Eka মৃত্যুশয্যায় আমি একা,মাহবুব তালুকদার,150.0,http://books.com.bd/25938
Meghnar Jonno lekha মেঘনার জন্য লেখা,ফরিদুর রেজা সাগর,300.0,http://books.com.bd/25939
Meye Tumi Fuler Moto Ho মেয়ে তুমি ফুলের মতো হও,ফারুক নওয়াজ,200.0,http://books.com.bd/25940
Ronbir Chhora রনবী'র ছড়া,রফিক উন নবী,250.0,http://books.com.bd/25941
Rabindranath: Tar Aloi Tar Chayi রবীন্দ্রনাথ : তাঁর আলোয় তাঁর ছায়ায়,সনৎকুমার সাহা,300.0,http://books.com.bd/25942
Rastro O Sangskriti Samajikota রাষ্ট্র ও সংস্কৃতিক সামাজিকতা,সিরাজুল ইসলাম চৌধুরী,300.0,http://books.com.bd/25945
Russiar Rupkatha রাশিয়ার রূপকথা,রহিম শাহ,175.0,http://books.com.bd/25944
Ratul Mama Filmster রাতুলমামা ফিল্মস্টার,ফরিদুর রেজা সাগর,300.0,http://books.com.bd/25943
Lal Zebrar Magic লাল জেব্রার ম্যাজিক,লুৎফর রহমান রিটন,300.0,http://books.com.bd/25947
Liliputer Chotovai লিলিপুটের ছোটভাই,লুৎফর রহমান রিটন,250.0,http://books.com.bd/25948
Sudhui Rabindranath শুধুই রবীন্দ্রনাথ,শাহাবুদ্দীন নাগরী,300.0,http://books.com.bd/25950
Shubosokal শুভসকাল,মারুফুল ইসলাম,200.0,http://books.com.bd/25951
Sheyal Hate Deyale শেয়াল হাঁটে দেয়ালে,হাশেম খান,120.0,http://books.com.bd/25952
Shaunak R Half Russian Evaner Adventure শৌনক আর হাফ রাশান ইভানের অ্যাডভেঞ্চার,জাহিদ রেজা নূর,300.0,http://books.com.bd/25953
Sholoi Dekha 71 ষোলোয় দেখা ৭১,আবদুল্লাহ আল আমিন,150.0,http://books.com.bd/25954
Sokalbelar Pakhi সকালবেলার পাখি,রহিম শাহ,600.0,http://books.com.bd/25955
Samudrer Niche Koyekdin সমুদ্রের নিচে কয়েকদিন,তপন বন্দ্যোপাধ্যায়,250.0,http://books.com.bd/25956
Saiji সাঁইজি,মারুফুল ইসলাম,200.0,http://books.com.bd/25957
Sumoner Bondu সুমনের বন্ধু,কাইজার চৌধুরী,400.0,http://books.com.bd/25958
Surjo Othar Somoy সূর্য ওঠার সময়,সুজন বড়ুয়া,160.0,http://books.com.bd/25959
Sonali Dinguli সোনালী দিনগুলি,আবুল মাল আব্দুল মুহিত,600.0,http://books.com.bd/25960
Sritimoy Kormojibon স্মৃতিময় কর্মজীবন,আবুল মাল আব্দুল মুহিত,600.0,http://books.com.bd/25961
Hartaler Bhutbaba হরতালের ভূতবাবা,সেলিনা হোসেন,300.0,http://books.com.bd/25962
Hatrimatim Chara হাট্টিমাটিম ছড়া,রহিম শাহ,200.0,http://books.com.bd/25963
Shell Silverstein He Bideshi Chora শেল সিলভারস্টেন হে বিদেশি ছড়া,আমীরুল ইসলাম,240.0,http://books.com.bd/25964
21 August Shorojontrere Arekti Din ২১ আগস্ট ষড়যন্ত্রের আরেকটি দিন,বদরুল হাসান কচি,150.0,http://books.com.bd/25966
Agniban অগ্নিবাণ,জাফর পাঠান,100.0,http://books.com.bd/25967
Online Shangbadikota অনলাইন সাংবাদিকতা,নাসির আহমাদ রাসেল,150.0,http://books.com.bd/25968
Aborod Pronoyrat অবরোধে প্রণয়রাত,খান চমন-ই-এলাহি,135.0,http://books.com.bd/25969
Aronnani অরণ্যানী,আল হেলাল আজাদী,175.0,http://books.com.bd/25970
Abdul Sankkat আব্দুল সংকট,শফিক হিরো,100.0,http://books.com.bd/25971
Amar Noyone Tumi আমার নয়নে তুমি,মৌলি মালিকা কামাল,200.0,http://books.com.bd/25972
Uronto Danar Doirghe উড়ন্ত ডানার দৈর্ঘ্যে,মুহম্মদ নূরুল হুদা,100.0,http://books.com.bd/25973
Eikhane Amader Hridoy এইখানে আমাদের হৃদয়,কামাল আতাউর রহমান,120.0,http://books.com.bd/25974
Ek Jhuri Golpo এক ঝুড়ি গল্প,প্রদীপ কুমার কর্মকার,135.0,http://books.com.bd/25975
Ek Guccho Sada Kabita একগুচ্ছ সাদা কবিতা,রিশাল ফয়সাল,82.0,http://books.com.bd/25976
Elachipurer Sei Look এলাচিপুরের সেই লোক,মাহমুদ কামাল,120.0,http://books.com.bd/25978
Kaan Pete Roi কান পেতে রই,উম্মে হাবিবা মুন্নী,140.0,http://books.com.bd/25979
Kerala : Soundorjer Debi কেরালা : সৌন্দর্যের দেবী,ড. প্রভাস চন্দ্র রায়,250.0,http://books.com.bd/25980
Kokiler Daak কোকিলের ডাক,আবদুশ শুকুর খান,140.0,http://books.com.bd/25981
Ekdin Bukjole Neme একদিন বুকজলে নেমে,স. ম. শামসুল আলম,120.0,http://books.com.bd/25977
Chai Bish Amorota চাই বিষ অমরতা,মহাদেব সাহা,120.0,http://books.com.bd/25983
Chorakobitar Alongkar ছড়া কবিতার অলংকার,হাসান রাউফুন,150.0,http://books.com.bd/25984
Janaker Protikriti O Amar Kabita জনকের প্রতিকৃতি ও আমার কবিতা,মাহবুব আলতমাস,120.0,http://books.com.bd/25985
Jalpahaar Char Chomotkar জল পাহাড় চার চমৎকার,সাযযাদ কাদির,150.0,http://books.com.bd/25989
Jolmohol জলমহল,সাফিনা আক্তার,30.0,http://books.com.bd/25990
Jatiyo Sanggsade জাতীয় সংসদে,সুধাংশু শেখর হালদার,250.0,http://books.com.bd/25991
Zia Mane Biplob জিয়া মানে বিপ্লব,শামীম আনসারী,200.0,http://books.com.bd/25992
Julee Rahmaner Kabita জুলি রহমানের কবিতা,জুলি রহমান,550.0,http://books.com.bd/25993
Josner Aloway Anudito Bishannata জোছনার আলোয় অনূদিত বিষণ্নতা,ইফতেখার হালিম,120.0,http://books.com.bd/25994
Daake Mohakal ডাকে মহাকাল,নার্গিস পারভীন,150.0,http://books.com.bd/25995
Trisna Prohor তৃষ্ণা প্রহর,শ্রাবণ নজরুল,100.0,http://books.com.bd/25996
Tomay Prothom Dekhechi তোমায় প্রথম দেখেছি,ড. প্রভাস চন্দ্র রায়,150.0,http://books.com.bd/25997
Tomar Name Ekta Kusum Dediketet Tobe তোমার নামে একটা কুসুম ডেডিকেটেড টবে,রাহাত রাস্তি,130.0,http://books.com.bd/25998
Dekhbo Bangladesh Gorbo Bangladesh দেখব বাংলাদেশ গড়ব বাংলাদেশ,জাহাঙ্গীর আলম শোভন,250.0,http://books.com.bd/25999
Droher Dohon দ্রোহের দহন,জাফর পাঠান,135.0,http://books.com.bd/26000
Nij Dayittwe Hasun নিজ দায়িত্বে হাসুন,ইমন চৌধুরী,150.0,http://books.com.bd/26001
Nile Caffeer Valobasha নীল ক্যাফের ভালোবাসা,সোহানুর রহমান অনন্ত,135.0,http://books.com.bd/26002
Punornirbachito Ami পুনর্নিবাচিত আমি,অমিতাভ পাল,100.0,http://books.com.bd/26003
Priyo Kobita [GB] প্রিয় কবিতা,গৌরশংকর বন্দ্যোপাধ্যায়,140.0,http://books.com.bd/26004
Priyo Shawdesh প্রিয় স্বদেশ,কামাল আতাউর রহমান,135.0,http://books.com.bd/26005
Prem Kokhono Modur Kokhono Bedonabidhur প্রেম কখনো মধুর কখনো বেদনাবিধুর,ওবায়দুল হক মিলন,150.0,http://books.com.bd/26006
Bangladesh Bhasani Naper Rajniti বাংলাদেশে ভাসানী ন্যাপের রাজনীতি,শামিমা আকতার লিপি,450.0,http://books.com.bd/26012
Fese Gelen Gedu Chacha ফেঁসে গেলেন গেদু চাচা,মো. মঈন উদ্দিন,135.0,http://books.com.bd/26007
Fenir Sangbadik O Songbadpatro ফেনীর সাংবাদিক ও সংবাদপত্র,শাহাদাত হোসেন,200.0,http://books.com.bd/26008
Facebook Triangle ফেসবুক ট্রায়াঙ্গল,রাহমাতুন নোমান,135.0,http://books.com.bd/26010
Bangla Shahitto Parichoy বাংলা সাহিত্য পরিচয়,কামাল আতাউর রহমান,200.0,http://books.com.bd/26011
Birohee Nolok বিরহী নোলক,নার্গিস পারভীন,150.0,http://books.com.bd/26014
Beche Achi Sopnomanus বেঁচে আছি স্বপ্নমানুষ,মহাদেব সাহা,100.0,http://books.com.bd/26015
Mujibnama মুজিবনামা,শফিক হিরো,100.0,http://books.com.bd/26016
Mustibaddho Hat মুষ্টিবদ্ধ হাত,জাফর পাঠান,100.0,http://books.com.bd/26017
Rajar Hukum রাজার হুকুম,মোল্লা জামান,120.0,http://books.com.bd/26018
Shakespearer Golpo শেক্সপিয়ারের গল্প,রেজা কারিম,120.0,http://books.com.bd/26021
Shishu O Shishu শিশু ও শিশু,শফিক হিরো,100.0,http://books.com.bd/26020
Srabone Barsha শ্রাবণে বর্ষা,ওবায়দুল হক মিলন,135.0,http://books.com.bd/26022
Swopnanaree স্বপ্ননারী,এন এইচ কে মিঠু,120.0,http://books.com.bd/26027
Sangbade Boichitro সংবাদে বৈচিত্র্য,শওকত আলী রতন,100.0,http://books.com.bd/26023
Songsaptok Shekh Hasina সংশপ্তক শেখ হাসিনা,তানভীর আলাদিন,200.0,http://books.com.bd/26024
Somoyer Katha সময়ের কথা,এম এম খালেদ সাইফুল্লা,250.0,http://books.com.bd/26025
Sahochinton সহচিন্তন,সাযযাদ কাদির,350.0,http://books.com.bd/26026
Swapnonongar স্বপ্ননোঙর,আব্দুর রহীম আজাদ,250.0,http://books.com.bd/26028
Bangladesher Kobi O Kobita [SS] বাংলাদেশের কবি ও কবিতা,শফিক সাইফুল,800.0,http://books.com.bd/26013
Lokkho Amar Pokkho Neoya লক্ষ্য আমার পক্ষ নেওয়া,আখতারুজ্জামান আজাদ,400.0,http://books.com.bd/26019
Time Machine টাইম মেশিন,মোস্তফা মীর,100.0,http://books.com.bd/25355
Dhormo Noitikota O Jibondorshon ধর্ম নৈতিকতা ও জীবনদর্শন,জে. এইচ. তালুকদার,400.0,http://books.com.bd/26102
Dola দোলা,পি. আর. প্ল্যাসিড,250.0,http://books.com.bd/26101
Tokyor Chithi টোকিওর চিঠি,পি. আর. প্ল্যাসিড,200.0,http://books.com.bd/26098
Zonggi Moilbad O Biponno Manobadikar জঙ্গী মৌলবাদ ও বিপন্ন মানবাধিকার,শাহরিয়ার কবির,300.0,http://books.com.bd/26097
Chokath Periye চৌকাঠ পেরিয়ে,কমলকলি,150.0,http://books.com.bd/26096
Chadbeger Gor চাঁদবেগের গড়,খালেকদাদ চৌধুরী,250.0,http://books.com.bd/26095
Uzaner Jatri উজানের যাত্রী,মোহাম্মদ জয়নুল আবেদিন,150.0,http://books.com.bd/26088
An Introduction To Applied Linguistics And ELT এন ইন্ট্রোডাকশন টু অ্যাপ্লায়েড লিঙ্গুইস্টিক্স এন্ড ইএলটি,জুরাানা আজিজ,500.0,http://books.com.bd/26078
Banking Finance Economics and Capital Market ব্যাংকিং ফিন্যান্স ইকোনোমিক্স এ্যান্ড ক্যাপিটাল মার্কেট,নাসিরউদ্দিন আহমেদ,350.0,http://books.com.bd/26079
Effective Teaching Skills ইফেক্টিভ টিচিং স্কীলস,অধ্যাপক ডাঃ এম এ হান্নান ফিরোজ,500.0,http://books.com.bd/26080
Opposites Attract অপোজিটস অ্যাট্রাক,রেমি স্টেফানি রোজারিও,300.0,http://books.com.bd/26081
Selected Poems of Quazi Rosy( সিলেক্টেড পয়েমস অব কাজী রোজি,সিদ্দিক মাহমুদুর রহমান,120.0,http://books.com.bd/26082
The Meter Franking Cancellation of Bangladesh দ্য মেটার ফ্রাঙ্কীন ক্যান্সেলেশন অব বাংলাদেশ,ইশতিয়াক আহমেদ খান,250.0,http://books.com.bd/26083
Anittyo Shor অনিত্য স্বর,মাহমুদা রুনু,150.0,http://books.com.bd/26084
Alo Adarer Satkahon আলো আঁধারের সাতকাহন,কাশফিয়া আঁখি,250.0,http://books.com.bd/26086
English Bornnomalay Bangla Vashar Path ইংরেজি বর্ণমালায় বাংলা ভাষার পাঠ,মোজাম্মেল হক,150.0,http://books.com.bd/26087
Anno Rokom Shukh অন্য রকম সুখ,রিতা আলম,150.0,http://books.com.bd/26085
Ekjon Mohanaoker Katha একজন মহানায়কের কথা,ঐন্দ্রিলা আহমেদ,300.0,http://books.com.bd/26089
Ekti Atmar Apomitru একটি আত্মার অপমৃত্যু,খালেকদাদ চৌধুরী,300.0,http://books.com.bd/26090
Allergy O Asthma Rog O Protikar এলার্জি ও এ্যাজমা রোগ ও প্রতিকার,ডা. গোবিন্দ চন্দ্র দাস,250.0,http://books.com.bd/26091
Kingbodontti Jatiyo Neta Abdur Razzak কিংবদন্তি জাতীয় নেতা আব্দুর রাজ্জাক,মাহবুবুর রহমান রিপন,300.0,http://books.com.bd/26092
Qur'an Kanika কোরআন কণিকা,মোহাম্মদ আবদুর রায্‌যাক,300.0,http://books.com.bd/26093
Chorui Pakhir Kichir Michir চড়ুই পাখির কিচির মিচির,হাসান শরীফ,150.0,http://books.com.bd/26094
Durdommo Koishor দুর্দম্য কৈশোর,জুয়েল আহসান কামরুল,250.0,http://books.com.bd/26100
Issera Sob ইচ্ছেরা সব,সায়ীদ আব্দুল করিম,30.0,http://books.com.bd/3742
Hashir Pach Uponnash হাসির পাঁচ উপন্যাস,মোস্তফা মামুন,500.0,http://books.com.bd/10969
Hollywooder Hoichoi Shaheb হলিউডের হইচই সাহেব,ফরিদুর রেজা সাগর,120.0,http://books.com.bd/216
Ajgubi Rat আজগুবি রাত,সৈয়দ মনজুরুল ইসলাম,225.0,http://books.com.bd/434
Hong Konger Hakkani Shaheb হংকং-এর হাক্কানী সাহেব,ফরিদুর রেজা সাগর,100.0,http://books.com.bd/439
Daruchini Deepe দারুচিনি দ্বীপে,রাবেয়া খাতুন,200.0,http://books.com.bd/446
Appayan আপ্যায়ন,শওকত ওসমান,450.0,http://books.com.bd/479
Bongobondhur Somadhite বঙ্গবন্ধুর সমাধিতে,সৈয়দ শামসুল হক,80.0,http://books.com.bd/526
Ek Mutho Jonmobhumi এক মূঠো জন্মভূমি,সৈয়দ শামসুল হক,120.0,http://books.com.bd/597
Prithimi Tomake Ami Bhalobashi পৃথিবী তোমাকে আমি ভালবাসি,মহাদেব সাহা,50.0,http://books.com.bd/780
Amar Chokeh আমার চোখ,আনিসুজ্জামান,300.0,http://books.com.bd/565
Valentine Jokes ভ্যালেন্টাইন জোকস,আহসান হাবীব,60.0,http://books.com.bd/80
Charti Kishor Upannash চারটি কিশোর উপন্যাস,নাসরীন জাহান,300.0,http://books.com.bd/40
Pachti Uponnash পাঁচটি উপন্যাস,নাসরীন জাহান,500.0,http://books.com.bd/55
Megher Shonali Chul মেঘের সোনালী চুল,নাসরীন জাহান,50.0,http://books.com.bd/373
Shornoloker Ghora স্বর্ণলোকের ঘোড়া,নাসরীন জাহান,150.0,http://books.com.bd/665
Gorosthane Kokiler Korun Ahban গোরোস্তানের কোকিলের করূণ আহ্ববান,শামসুর রহমান,80.0,http://books.com.bd/188
Muuktijuddher Kobita মুক্তিযুদ্ধের কবিতা,কবীর চৌধুরী,175.0,http://books.com.bd/815
Amar Pitar Mukh আমার পিতার মুখ,সিরাজুল ইসলাম চৌধুরী,250.0,http://books.com.bd/357
Chobol ছোবল,হাসান আজিজুল হক,120.0,http://books.com.bd/22200
Tin Prober Jibon তিন পর্বের জীবন,সৈয়দ মনজুরুল ইসলাম,200.0,http://books.com.bd/371
Tinti Kishor Uponnash তিনটি কিশোর উপন্যাস,স্বদেশ রায়,75.0,http://books.com.bd/77
Kernish E Jhulonto Golap কার্নিশে ঝুলন্ত গোলাপ,আনোয়ারা সৈয়দ হক,275.0,http://books.com.bd/157
Kaler Dhuloy Lekha কালের ধুলোয় লেখা,শামসুর রহমান,300.0,http://books.com.bd/90
Neel Mosha নীল মশা,জাকারিয়া স্বপন,225.0,http://books.com.bd/207
Fire Asha ফিরে আসা,রাহাত খান,60.0,http://books.com.bd/630
Shakespeareer Golpo শেক্সপীয়ারের গল্প,কবীর চৌধুরী,200.0,http://books.com.bd/820
Odhikarbhittik Unnayan অধিকারভিত্তিক উন্নয়ন,আতিউর রহমান,275.0,http://books.com.bd/62
Bangladesh Amar Bangladesh বাংলাদেশ আমার বাংলাদেশ,রামেন্দু মজুমদার,380.0,http://books.com.bd/528
Uponnash Shomogro [Ssh] -6 উপন্যাস সমগ্র-৬,সৈয়দ শামসুল হক,250.0,http://books.com.bd/363
Sreshtho Kobita [Anannya] শ্রেষ্ঠ কবিতা,মোহাম্মদ সাদিক,275.0,http://books.com.bd/10202
Meghpahar মেঘপাহাড়,ওয়াসি আহমেদ,90.0,http://books.com.bd/2725
Hasan Hafizur Rahman jibon o sahitto হাসান হাফিজুর রহমান জীবন ও সাহিত্য,অন্যান্য,400.0,http://books.com.bd/3024
Shirostran Guli শিরস্ত্রাণ গুলি,অন্যান্য,100.0,http://books.com.bd/3304
Twok O Chuler Jotno ত্বক ও চুলের যত্ন,ডঃ ওয়াইনজা,170.0,http://books.com.bd/3306
Bangladesher Pakhi [MAT] বাংলাদেশের পাখি,এম এ তাহের,1500.0,http://books.com.bd/3403
Hridoy Bodol হৃদয় বদল,নিজামউদ্দিন লস্কর,220.0,http://books.com.bd/2567
Jinghibad O Gonomaddhom জঙ্গিবাদ ও গণমাধ্যম,জিয়াউল কবির সুমন,580.0,http://books.com.bd/27983
Sreshtho Romantice Uponyash [HA] শ্রেষ্ঠ রোমান্টিক উপন্যাস,হুমায়ূন আহমেদ,600.0,http://books.com.bd/10849
Kajoler Dinratri কাজলের দিনরাত্রি,মুহম্মদ জাফর ইকবাল,175.0,http://books.com.bd/17147
Jotodure Jai [Afbr] যত দূরে যাই,ইমদাদুল হক মিলন,100.0,http://books.com.bd/17660
Book Of Knowledge [Afsar Brths] বুক অব নলেজ,সিকান্দার আবুল বাশার,350.0,http://books.com.bd/27744
Neelake Porira Niye Giyechilo নীলকে পরীরা নিয়ে গিয়েছিল,সারওয়ার-উল-ইসলাম,90.0,http://books.com.bd/10812
Natok Natore নাটক নাটোরে,ফরিদুর রেজা সাগর,50.0,http://books.com.bd/10273
Bangladesher Ful বাংলাদেশের ফুল,এম এ তাহের,1500.0,http://books.com.bd/9801
Amajaniya আমাজনিয়া,জেমস রলিন্স,400.0,http://books.com.bd/29365
Headhunters হেডহান্টারস,জো নেসবো,300.0,http://books.com.bd/29364
The Boy In The Striped Pajamas দ্য বয় ইন দি স্ট্রাইপ্‌ড পাজামাস,জন বয়েন,150.0,http://books.com.bd/29363
The Dresden Files: Storm Front দ্য ড্রেসডেন ফাইল্‌স : স্টর্ম ফ্রন্ট,জিম বুচার,240.0,http://books.com.bd/29362
The Divorce Of Suspicious X দ্য ডিভোশন অব সাসপেক্ট এক্স,কিয়েগো হিগাশিনো,280.0,http://books.com.bd/29361
Samvala সাম্ভালা (এক রোমাঞ্চকর অভিযাত্রা),শরীফুল হাসান,720.0,http://books.com.bd/29360
Somoye Siri Beye Ekti Bullet সময়ের সিঁড়ি বেয়ে একটি বুলেট,জাবেদ রাসিন,200.0,http://books.com.bd/29359
Rita Hayworth And Shashanka Redemption রিটা হেওয়ার্থ অ্যান্ড শশাঙ্ক রিডেম্পশান,স্টিফেন কিং,140.0,http://books.com.bd/29358
Minimalist মিনিমালিস্ট,মাশুদুল হক,320.0,http://books.com.bd/29357
Blackgete ব্ল্যাকগেট,জাবেদ রাসিন,220.0,http://books.com.bd/29356
Britrito Adhar বিস্তৃত আধাঁর,জাবেদ রাসিন,350.0,http://books.com.bd/29355
Before The Fall বিফোর দ্য ফল,নোয়া হলি,350.0,http://books.com.bd/29354
The Dresden Files: Fullmoon দ্য ড্রেসডেন ফাইল্‌স: ফুলমুন,জিম বুচার,270.0,http://books.com.bd/29353
First Family ফার্স্ট ফ্যামিলি,ডেভিড বালদাশি,380.0,http://books.com.bd/29352
Fallen ফলেন,ক্যারিন স্লটার,380.0,http://books.com.bd/29351
Nemesis [AA] নেমেসিস,আইজাক আজিমভ,440.0,http://books.com.bd/29350
Three: Fertiysix A M থ্রি: ফরটিসিক্স এ. এম,নিক পিরোগ,150.0,http://books.com.bd/29349
Three: Ten A M 3:10 AM থ্রি : টেন এ এম ৩:১০ এএম,নিক পিরোগ,140.0,http://books.com.bd/29348
THREE AM থ্রি এ এম,নিক পিরোগ,130.0,http://books.com.bd/29347
Three: Twentiwan AM: Three: Thirtyfour AM থ্রি : টোয়েন্টিওয়ান এএম : থ্রি: থার্টিফোর এএম,নিক পিরোগ,300.0,http://books.com.bd/29346
Tomisra তমিস্রা,জাবেদ রাসিন,250.0,http://books.com.bd/29345
Double Indemnity ডাবল ইনডেমনিটি,তানজীরুল ইসলাম,150.0,http://books.com.bd/29344
Danay Agun ডানায় আগুন,আরিয়ান শুভ,250.0,http://books.com.bd/29343
Dogma ডগমা,জাবেদ রাসিন,280.0,http://books.com.bd/29342
Trash ট্র্যাশ,অ্যান্ডি মুলিগান,220.0,http://books.com.bd/29341
Tel No One টেল নো ওয়ান,হারলান কোবেন,320.0,http://books.com.bd/29340
Chandrahoto চন্দ্রাহত,জাবেদ রাসিন,140.0,http://books.com.bd/29339
Dresden files: Ggrave Peril ড্রেসডেন ফাইল্‌স: গ্রেভ পেরিল,জিম বুচার,280.0,http://books.com.bd/29338
The Client দ্য ক্লায়েন্ট,জন গ্রিশাম,350.0,http://books.com.bd/29337
Arcon আর্কন,তানজীম রহমান,300.0,http://books.com.bd/29336
After Dark আফটার ডার্ক,হারুকি মুরাকামি,200.0,http://books.com.bd/29335
Asuya অসূয়া,জাবেদ রাসিন,140.0,http://books.com.bd/29334
Octarine অক্টারিন,তানজীম রহমান,380.0,http://books.com.bd/29333
Arohee Andho Prohor আরোহী অন্ধ প্রহর,রবিন জামান খান,200.0,http://books.com.bd/29332
Aar Ami Hobo Dhongsotara আর আমি হবো ধ্বংসতারা,তানজীম রহমান,400.0,http://books.com.bd/29331
Adharer Jatri আঁধারের যাত্রী,শরীফুল হাসান,250.0,http://books.com.bd/29330
Andhare Goheen Niruddese আঁধারের গহীন নিরুদ্দেশে,ওয়াসি আহমেদ,150.0,http://books.com.bd/29329
Awlad Miar Vaater Hotel আওলাদ মিয়ার ভাতের হোটেল,নিয়াজ মেহেদী,140.0,http://books.com.bd/29328
Sopto Ripu সপ্ত রিপু,রবিন জামান খান,450.0,http://books.com.bd/29327
Sisifase Bondi সিসিফাসে বন্দি,তানিয়া সুলতানা,200.0,http://books.com.bd/29326
Soptos সপ্তশ,সালেহ তিয়াস,130.0,http://books.com.bd/29325
Shapod Shone শ্বাপদ সনে,নাবিল মুহতাসিম,200.0,http://books.com.bd/29324
Shongkhoronga Jol শঙ্খরঙা জল,তানিয়া সুলতানা,180.0,http://books.com.bd/29323
The Lost Symbol দ্য লস্ট সিম্বল,ড্যান ব্রাউন,500.0,http://books.com.bd/29322
Ratri Sheser Gaan রাত্রি শেষের গান,শরীফুল হাসান,150.0,http://books.com.bd/29321
Robindonath Ekhane Kkhono Khete Asen Ni রবীন্দ্রনাথ এখানে কখনও খেতে আসেন নি,মোহাম্মদ নাজিম উদ্দিন,300.0,http://books.com.bd/29320
Je Hirokkhonde Ghumie Kukurdol যে হীরকখণ্ডে ঘুমিয়ে কুকুরদল,কিশোর পাশা ইমন,450.0,http://books.com.bd/29319
Megh Bisader Golpo মেঘ বিষাদের গল্প,শরীফুল হাসান,200.0,http://books.com.bd/29318
Mrittu Dea Vora Chand মৃত্যু দিয়ে ভরা চাঁদ,শাহেদ জামান,200.0,http://books.com.bd/29317
Mrigotrisha মৃগতৃষা,কিশোর পাশা ইমন,350.0,http://books.com.bd/29316
Mithoscriya মিথস্ক্রিয়া,কিশোর পাশা ইমন,320.0,http://books.com.bd/29315
Manosha মানসা,শাহনাজ পান্না,200.0,http://books.com.bd/29314
Bajikor বাজিকর,নাবিল মুহতাসিম,280.0,http://books.com.bd/29313
Bazi বাজি,নাবিল মুহতাসিম,340.0,http://books.com.bd/29312
Forty Eight Hours ফোরটিএইট আওয়ার্স,রবিন জামান খান,200.0,http://books.com.bd/29311
Phoenix ফিনিক্স,জাহিদ হোসেন,270.0,http://books.com.bd/29310
Proloy প্রলয়,সালমান হক,200.0,http://books.com.bd/29309
Pendulum পেন্ডুলাম,মোহাম্মদ নাজিম উদ্দিন,320.0,http://books.com.bd/29308
Inferno ইনফার্নো,ড্যান ব্রাউন,480.0,http://books.com.bd/29288
Nemesis নেমেসিস,মোহাম্মদ নাজিম উদ্দিন,300.0,http://books.com.bd/29307
Nexus নেক্সাস,মোহাম্মদ নাজিম উদ্দিন,400.0,http://books.com.bd/29306
Nishachor নিশাচর,বাপ্পী খান,140.0,http://books.com.bd/29305
Nikhajkabbo নিখোঁজকাব্য,সালমান হক,180.0,http://books.com.bd/29304
The Da Vinci Code দ্য দা ভিঞ্চি কোড,ড্যান ব্রাউন,400.0,http://books.com.bd/29303
Thriller Golposongkolon-4 থৃলার গল্পসঙ্কলন -৪,মোহাম্মদ নাজিম উদ্দিন,320.0,http://books.com.bd/29302
Thriller Golposongkolon-3 থৃলার গল্পসঙ্কলন-৩,মোহাম্মদ নাজিম উদ্দিন,280.0,http://books.com.bd/29301
Thriller Golpo Songkolon-2 থৃলার গল্প সংকলন-২,মোহাম্মদ নাজিম উদ্দিন,250.0,http://books.com.bd/29300
Thriller Golpo Songkolon থৃলার গল্প সংকলন,মোহাম্মদ নাজিম উদ্দিন,220.0,http://books.com.bd/29299
Deception Point ডিসেপশন পয়েন্ট,ড্যান ব্রাউন,300.0,http://books.com.bd/29298
Jal জাল,মোহাম্মদ নাজিম উদ্দিন,240.0,http://books.com.bd/29297
Janaranyae Eka Koyekjon জনারন্যে একা কয়েকজন,শরীফুল হাসান,250.0,http://books.com.bd/29296
Keu Keu Katha Rakhe কেউ কেউ কথা রাখে,মোহাম্মদ নাজিম উদ্দিন,280.0,http://books.com.bd/29295
Kadduseas কাদ্যুসেয়াস,জাহিদ হোসেন,270.0,http://books.com.bd/29294
Korachi করাচি,মোহাম্মদ নাজিম উদ্দিন,300.0,http://books.com.bd/29293
Contract কন্ট্রাক্ট,মোহাম্মদ নাজিম উদ্দিন,340.0,http://books.com.bd/29292
Confession কনফেশন,মোহাম্মদ নাজিম উদ্দিন,300.0,http://books.com.bd/29291
Ek Jora Chokh Khoje Arek Jora Chokheke একজোড়া চোখ খোঁজে আরেক জোড়া চোখকে,জাহিদ হোসেন,140.0,http://books.com.bd/29290
Ishworer Mukosh ঈশ্বরের মুখোশ,জাহিদ হোসেন,240.0,http://books.com.bd/29289
Oshprissota অস্পৃশ্যতা,নজরুল ইসলাম,250.0,http://books.com.bd/29287
Alba Nera আলবা নেরা,তানিয়া সুলতানা,280.0,http://books.com.bd/29286
Origin অরিজিন,ড্যান ব্রাউন,500.0,http://books.com.bd/29285
Oparthib অপার্থিব,সুস্ময় সুমন,150.0,http://books.com.bd/29284
1952 : Nechok Kono Songkha Noy ১৯৫২ : নিছক কোন সংখ্যা নয়,মোহাম্মদ নাজিম উদ্দিন,400.0,http://books.com.bd/29283
25 Se March ২৫ শে মার্চ,রবিন জামান খান,250.0,http://books.com.bd/29282
Humayunama হুমায়ুননামা,গুলবদন বেগম,200.0,http://books.com.bd/21722
Himur Rupali Ratri হিমুর রূপালী রাত্রি,হুমায়ূন আহমেদ,200.0,http://books.com.bd/21559
Himu Ebong Ekti Russian Pori হিমু এবং একটি রাশিয়ান পরী,হুমায়ূন আহমেদ,150.0,http://books.com.bd/21754
Hashte Mana হাসতে মানা,কাজী আব্দুল আলিম,50.0,http://books.com.bd/21584
Shoundorjototto কোরআনের আলেকে সৌন্দর্যতত্ত্ব,এস. এম. জাকির হুসাইন,100.0,http://books.com.bd/21699
Srishtikorta Shottii Achen! সৃষ্টিকর্তা সত্যিই আছেন!,এস. এম. জাকির হুসাইন,180.0,http://books.com.bd/21686
Surjer Din সূর্যের দিন,হুমায়ূন আহমেদ,100.0,http://books.com.bd/21550
Shuorthobodhok Nam Shobdokosh সুঅর্থবোধক নাম শব্দকোষ,খন্দকার মাশহুদ-উল-হাছান,200.0,http://books.com.bd/21633
Safoller Montro সাফল্যের মন্ত্র,অগ ম্যান্ডিনো,150.0,http://books.com.bd/29281
Sroshtar Shondhane স্রষ্টার সন্ধানে,শামায়েল,100.0,http://books.com.bd/21635
Somoyer Hishabe Bhul সময়ের হিসাবে ভুল,আব্দুল কাদেরী,180.0,http://books.com.bd/21748
Sheet O Onnanno Golpo শীত ও অন্যান্য গল্প,হুমায়ূন আহমেদ,120.0,http://books.com.bd/21556
Shikkha Poribhasha Kosh [gp] শিক্ষা পরিভাষা কোষ,ড. সুলতান মাহমুদ ভূইয়া,580.0,http://books.com.bd/21746
Shishutosh Golposamogro শিশুতোষ গল্পসমগ্র,সুকুমার রায়,325.0,http://books.com.bd/29280
Rubaiyat-E-Jalaluddin রুবাইয়াৎ-ই-জালালউদ্দীন,মুহম্মদ জালালউদ্দীন বিশ্বাস,150.0,http://books.com.bd/29279
Rosh-Kosh রস-কষ,আহসান হাবীব,120.0,http://books.com.bd/21753
Mogol Somrat Aourongojeb মোগল সম্রাট আওরঙ্গজেব,মুহম্মদ জালালউদ্দীন বিশ্বাস,150.0,http://books.com.bd/29278
Megher Arale Chaad: Shottoke Dekhar Obyartho Upay মেঘের আড়ালে চাঁদ: সত্যকে দেখার অব্যর্থ উপায়,এস. এম. জাকির হুসাইন,170.0,http://books.com.bd/21764
Manusher Adi Uthsho মানুষের আদি উৎস,আখতার-উল-আলম,180.0,http://books.com.bd/21599
Manusher Mullo Ebong Shotto মানুষের মূল্য এবং সত্য,এস. এম. জাকির হুসাইন,100.0,http://books.com.bd/21704
Mohakashe Mohatrash মহাকাশে মহাত্রাস,মুহম্মদ জাফর ইকবাল,80.0,http://books.com.bd/21603
Mokkar Poth মক্কার পথ,শাহেদ আলী,290.0,http://books.com.bd/21604
Mohapurush মহাপুরুষ,হুমায়ূন আহমেদ,100.0,http://books.com.bd/21551
Bhoutik Omonibash [HA] ভৌতিক অমনিবাস,হুমায়ূন আহমেদ,500.0,http://books.com.bd/21532
Bhingroher Praner Shondhane ভিন গ্রহের প্রাণের সন্ধানে,আনিসুল হক,120.0,http://books.com.bd/21531
"Bhalobasho, Bacho ভালোবাসো, বাঁচো",আনিসুল হক,120.0,http://books.com.bd/21530
Bangke Khao Chumu! ব্যাঙকে খাও চুমু!,ব্রায়ান ট্রেসি,220.0,http://books.com.bd/29277
Bideshi Premer Pongktimala বিদেহী প্রেমের পংক্তিমালা,এস. এম. জাকির হুসাইন,130.0,http://books.com.bd/21718
Project Nebula প্রজেক্ট নেবুলা,মুহম্মদ জাফর ইকবাল,150.0,http://books.com.bd/21542
Beej Gonito Mojar Hote Pare বীজগণিত ও মজার হতে পারে,ইয়াকভ পেরেলম্যান,200.0,http://books.com.bd/21758
Bigganer 100 Mojar khela বিজ্ঞানের একশ মজার খেলা,মুহম্মদ জাফর ইকবাল,100.0,http://books.com.bd/21544
Biggani Shofdar Ali'r Moha Moha Abishkar বিজ্ঞানী সফদর আলীর মহা মহা আবিষ্কার,মুহম্মদ জাফর ইকবাল,200.0,http://books.com.bd/21537
Bany Cirontany বাণী চিরন্তনী,কাজী আব্দুল আলিম,350.0,http://books.com.bd/29276
Baibel Quran O Biggan বাইবেল কোরআন ও বিজ্ঞান,ড. মরিস বুকাইলি,250.0,http://books.com.bd/29275
Bangladesher Bichar Babostha Abong Nimno Adalater Bichar বাংলাদেশের বিচার ব্যবস্থা এবং নিম্ন আদালতের বিচার,এ. কে. এম. আবদুল আউয়াল মজুমদার,400.0,http://books.com.bd/29274
Boktritar Byakaron বক্তৃতার ব্যাকরণ,এস. এম. জাকির হুসাইন,130.0,http://books.com.bd/21688
Fera [TN] ফেরা,তসলিমা নাসরিন,100.0,http://books.com.bd/21644
Fire Faoya Sukh ফিরে পাওয়া সুখ,জসীম উদ্দিন (হিরন),80.0,http://books.com.bd/29273
Pakhi Tumi Hsedin Rate Kedechile Keno? পাখি তুমি সেদিন রাতে কাঁদছিলে কেন?,নাসরীন জাহান,75.0,http://books.com.bd/801
Adhar Kora Alo আধাঁর করা আলো,তৌহিদুর রহমান,200.0,http://books.com.bd/9796
Golpshomogro -2[Alm] গল্পসমগ্র-২,আল মাহমুদ,600.0,http://books.com.bd/9818
Heavens Fall হেভেনস ফল,আহসান সেনান,250.0,http://books.com.bd/9821
Bangladesher Lokproshashon [EA] বাংলাদেশ লোকপ্রশাসন,এমাজউদ্দীন আহমদ,275.0,http://books.com.bd/9891
Pret প্রেত,মুহম্মদ জাফর ইকবাল,150.0,http://books.com.bd/21545
Priyo Rasul (Sa.)-Er Priyo Mo Ze Za প্রিয় রসুল (সা.) -এর প্রিয় মো জে জা,মুহম্মদ জালালউদ্দীন বিশ্বাস,200.0,http://books.com.bd/29272
Proshner Dorshon প্রশ্নের দর্শন,এস. এম. জাকির হুসাইন,120.0,http://books.com.bd/21624
Proshanto Attay Mrittuhin Porom Shanti প্রশান্ত আত্মায় মৃত্যুহীন পরম শান্তি,এস. এম. জাকির হুসাইন,120.0,http://books.com.bd/21692
Probase Amra প্রবাসে আমরা,সাদিকুল আওয়াল,180.0,http://books.com.bd/29271
Bishoy Bhittik Pobitro Quraner Bani বিষয় ভিত্তিক পবিত্র কুরআনের বাণী,মো: আব্দুস সাত্তার খান,450.0,http://books.com.bd/21533
Nripoti নৃপতি,হুমায়ূন আহমেদ,100.0,http://books.com.bd/21557
Nishikabbo নিশিকাব্য,হুমায়ূন আহমেদ,100.0,http://books.com.bd/21552
Nirbachito Column নির্বাচিত কলাম,তসলিমা নাসরিন,150.0,http://books.com.bd/21643
Nastiker Monostotto নাস্তিকের মনস্তত্ত্ব,এস. এম. জাকির হুসাইন,80.0,http://books.com.bd/21708
Nal Piran নাল পিরান,আনিসুল হক,200.0,http://books.com.bd/29270
Namajer Mohajagotik Rohossho নামাযের মহাজাগতিক রহস্য,এস. এম. জাকির হুসাইন,100.0,http://books.com.bd/21707
Natok Somogro [MZI] নাটকসমগ্র,মুহম্মদ জাফর ইকবাল,425.0,http://books.com.bd/21613
Mati O Manusher Chashabash মাটি ও মানুষের চাষবাস,শাইখ সিরাজ,300.0,http://books.com.bd/10248
Nut Boltu নাট বল্টু,মুহম্মদ জাফর ইকবাল,150.0,http://books.com.bd/21543
Nobo Jatoker Shundor Nam [SAH] নব জাতকের সুন্দর নাম,সাইয়েদ আশেকুল হাই,100.0,http://books.com.bd/21616
Notun Notun Mojar Khela নতুন নতুন মজার খেলা,কাজী আব্দুল আলিম,50.0,http://books.com.bd/21657
Dhormo Ki? Islam Ki? ধর্ম কী? ইসলাম কী?,এস. এম. জাকির হুসাইন,100.0,http://books.com.bd/21703
Quraner Aloke Dhormer Manchitro O Bhetorer Gyan কোরআনের আলোকে ধর্মের মানচিত্র ও ভেতরের জ্ঞান,এস. এম. জাকির হুসাইন,100.0,http://books.com.bd/21749
Dhaka Namer Shohor O Onnanno ঢাকা নামের শহর ও অন্যান্য,মুহম্মদ জাফর ইকবাল,180.0,http://books.com.bd/29269
Dhongshattok Dhyan! ধ্বংসাত্মক ধ্যান!,এস. এম. জাকির হুসাইন,120.0,http://books.com.bd/21571
Omicronic Rupantor ওমিক্রণিক রূপান্তর,মুহম্মদ জাফর ইকবাল,120.0,http://books.com.bd/21546
Uponnashsomogro [RA] [Gyankosh] উপন্যাসসমগ্র,রবীন্দ্রনাথ ঠাকুর,600.0,http://books.com.bd/29268
Ak British GoeandarDaeary এক ব্রিটিশ গোয়েন্দার ডায়েরি (ইসলামের বিরুদ্ধে ষড়যন্ত্রে নিয়োজিত),ড. এ আর খান,100.0,http://books.com.bd/21629
Allahor Poricoy আল্লাহর পরিচয়,এস. এম. জাকির হুসাইন,100.0,http://books.com.bd/29267
Allahor Namer Marefot আল্লাহর নামের মারেফত,এস. এম. জাকির হুসাইন,180.0,http://books.com.bd/21716
Allahor Nam Totto O Anushongik Proshongo আল্লাহর নাম তত্ত্ব ও আনুষঙ্গিক প্রসঙ্গ,মিজানুর রহমান ফকির,200.0,http://books.com.bd/21715
Allah'r Ostitto O Nidorshon আল্লাহর অস্তিত্ব ও নিদর্শন,প্রকৌঃ মিয়া মোহাম্মদ লোকমান,120.0,http://books.com.bd/21525
Al Quraner Shottotar Okatto Proman আল-কোরআনের সত্যতার অকাট্য প্রমাণ,এস. এম. জাকির হুসাইন,140.0,http://books.com.bd/21714
Arober Etihash আরবের ইতিহাস,প্রফেসর পি. কে. হিট্টির,280.0,http://books.com.bd/21528
Amar Shottokothon আমার সত্যকথন,স্কোয়াড্রন লীডার (অব.) মুহাম্মদ নূরুল ইসলাম,180.0,http://books.com.bd/21737
Afsoser Shokti Ebong Thar Shotbyabohar আফসোসের শক্তি এবং তার সদ্ব্যবহার,এস. এম. জাকির হুসাইন,80.0,http://books.com.bd/21701
Quraer Aloke Addhatik Shoktir Utsho Ebong Alokiker Sannidalav কোরআনের আলোকে আধ্যাত্মিক শক্তির উৎস এবং অলৌকিকের সান্নিধ্যলাভ,এস. এম. জাকির হুসাইন,200.0,http://books.com.bd/21689
Attopolobdhi Ebong Moner Shokti আত্মোপলব্ধি এবং মনের শক্তি,এস. এম. জাকির হুসাইন,240.0,http://books.com.bd/21529
Joino Monobiggan যৌন মনোবিজ্ঞান,হ্যাভলক এলিস,160.0,http://books.com.bd/29266
Jokhon Giyeche Dube Ponchomir Chd যখন গিয়েছে ডুবে পঞ্চমীর চাঁদ,হুমায়ূন আহমেদ,100.0,http://books.com.bd/21558
Khuku Gelo Dhaka খুকু গেল ঢাকা,আবু সালেহ,75.0,http://books.com.bd/10297
Pracheen Prithibir Khoje প্রাচীন পৃথিবীর খোঁজে,আলী ইমাম,300.0,http://books.com.bd/10302
Pracheen Shobbotar Khoje প্রাচীন সভ্যতার খোঁজে,আলী ইমাম,300.0,http://books.com.bd/10303
Dhyaner Shokti Ebong Nobojibon ধ্যানের শক্তি এবং নবজীবন,এস. এম. জাকির হুসাইন,120.0,http://books.com.bd/21696
Dhoni Howar Biggan ধনী হওয়ার বিজ্ঞান,ওয়ালেস ডি. ওয়াটলস্‌,180.0,http://books.com.bd/29265
The Spirit of Islam And A Short History Of The Saracens দ্য স্পিরিট অব ইসলাম এ্র্যান্ড এ শর্ট হিস্ট্রি অব দ্য স্যারাসিন্‌স্‌,সৈয়দ আমীর আলী,280.0,http://books.com.bd/29264
Marma Roopkotha মারমা রূপকথা,আশরাফুল হক রাজীব,60.0,http://books.com.bd/10368
The Present দ্য প্রেজেন্ট (কাজ ও জীবনকে উপভোগের গোপন রহস্য),সুহৃদ সরকার,150.0,http://books.com.bd/29263
The Choice-2 দি চয়েস -২য় খণ্ড,আখতার-উল-আলম,200.0,http://books.com.bd/21637
Deep [Ahsan Habeeb] দ্বীপ,আহসান হাবীব,160.0,http://books.com.bd/29262
Dekha Alo Na Dekha Rup [GyanKosh] দেখা আলো না দেখা রূপ,মুহম্মদ জাফর ইকবাল,130.0,http://books.com.bd/21569
The Exorcist দি একসরসিস্ট,হুমায়ূন আহমেদ,180.0,http://books.com.bd/29261
Dorjar Opashe দরজার ওপাশে,হুমায়ূন আহমেদ,180.0,http://books.com.bd/21549
Tomader Proshno Amar Uttor তোমাদের প্রশ্ন আমার উত্তর,মুহম্মদ জাফর ইকবাল,150.0,http://books.com.bd/21638
T-Rexer shondhane টি-রেক্সের সন্ধানে,মুহম্মদ জাফর ইকবাল,100.0,http://books.com.bd/21538
Gyaner Monostotto জ্ঞানের মনস্তত্ত্ব,এস. এম. জাকির হুসাইন,100.0,http://books.com.bd/21702
Jurul Chowdhuryr Manikjorh জারুল চৌধুরীর মানিকজোড়,মুহম্মদ জাফর ইকবাল,100.0,http://books.com.bd/29260
Chelemanushi ছেলেমানুষী,মুহম্মদ জাফর ইকবাল,90.0,http://books.com.bd/21564
Char Kholifar Jibone চার খলিফার জীবনী,মুহম্মদ জালালউদ্দীন বিশ্বাস,200.0,http://books.com.bd/21563
Gopon Mrittu O Nonobijon-2 গোপন মৃত্যু ও নবজীবন-২,এস. এম. জাকির হুসাইন,100.0,http://books.com.bd/21695
Gopon Mrittu O Nonobijon-1 গোপন মৃত্যু ও নবজীবন-১,এস. এম. জাকির হুসাইন,140.0,http://books.com.bd/21694
Golpoguccho [Gyankosh] গল্পগুচ্ছ,রবীন্দ্রনাথ ঠাকুর,450.0,http://books.com.bd/29259
Goniter Bisshoykor Jogot-1st Part গণিতের বিস্ময়কর জগৎ-১ম খণ্ড,এস. এম. জাকির হুসাইন,200.0,http://books.com.bd/21583
Khelay Khelay Biggan [SA] খেলায় খেলায় বিজ্ঞান,শেখ আনোয়ার,150.0,http://books.com.bd/21593
Khelaghor [SZH] খেলাঘর,এস. এম. জাকির হুসাইন,120.0,http://books.com.bd/21592
Khachar Vitor Ochin Pakhi খাঁচার ভেতর অচিন পাখি,এস. এম. জাকির হুসাইন,100.0,http://books.com.bd/21591
Quraner Guptogan কোরআনের গুপ্তজ্ঞান,এস. এম. জাকির হুসাইন,120.0,http://books.com.bd/21626
Quraner Monajat And Hamd কোরআনের মোনাজাত এবং হামদ,এস. এম. জাকির হুসাইন,80.0,http://books.com.bd/29258
Quraner Oloukik Uccharon Ebong Tar Shoktir Rohossho কোরআনের অলৌকিক উচ্চারণ এবং তার শক্তির রহস্য,এস. এম. জাকির হুসাইন,140.0,http://books.com.bd/21693
Quranic Self Control O Mrittuhin Jibon কোরানিক সেলফ্ কন্ট্রোল এবং মৃত্যুহীন জীবন,এস. এম. জাকির হুসাইন,150.0,http://books.com.bd/21691
Kishor Uponnashsomogro-5 [MZI] কিশোর উপন্যাসসমগ্র-৫,মুহম্মদ জাফর ইকবাল,425.0,http://books.com.bd/21595
Kishor Uponnashsamogro -4 [MZI] কিশোর উপন্যাসসমগ্র -৪,মুহম্মদ জাফর ইকবাল,450.0,http://books.com.bd/21755
Kishor Uponnashshomogro -3 [MZI] কিশোর উপন্যাসসমগ্র-৩,মুহম্মদ জাফর ইকবাল,400.0,http://books.com.bd/21541
Kishor Uponnashsomogro-2 [MZI] কিশোর উপন্যাসসমগ্র-২,মুহম্মদ জাফর ইকবাল,375.0,http://books.com.bd/21594
Kishor Uponnash shomogro-1 [MZI] কিশোর উপন্যাসসমগ্র-১,মুহম্মদ জাফর ইকবাল,350.0,http://books.com.bd/21539
Kalema Taieara- O Sahadar Marephot কলেমা তাইয়েবা ও শাহাদার মারেফত,এস. এম. জাকির হুসাইন,120.0,http://books.com.bd/29257
Computere Hate Khori--1[Gyankosh] কম্পিউটারে হাতে খড়ি - ১,মোঃ আজিজুর রহমান খান,100.0,http://books.com.bd/29256
Adi Banglar Etihash-2 আদি বাংলার ইতিহাস-২,মোঃ শহীদুর রহমান,700.0,http://books.com.bd/29255
Adi Banglar Etihash-1 আদি বাংলার ইতিহাস -১,মোঃ শহীদুর রহমান,700.0,http://books.com.bd/29254
Alpo Swalpo Romma Golpo অল্প স্বল্প রম্য গল্প,আহসান হাবীব,120.0,http://books.com.bd/29253
Ontorer Tirthojattra অন্তরের তীর্থযাত্রা,এস. এম. জাকির হুসাইন,160.0,http://books.com.bd/21620
Ontorer Shukh O Addhatik Dawai অন্তরের অসুখ ও আধ্যাত্মিক দাওয়াই,এস. এম. জাকির হুসাইন,120.0,http://books.com.bd/21561
Moncho Natok 1971[Ha] মঞ্চ নাটক ১৯৭১,হুমায়ূন আহমেদ,100.0,http://books.com.bd/21605
Mastering Web Design And Development - 2nd Part মাস্টারিং ওয়েব ডিজাইন এন্ড ডেভেলপমেন্ট-২য় খণ্ড,বাপ্পী আশরাফ,450.0,http://books.com.bd/29252
Mastering Web Design And Development - Part 1 মাস্টারিং ওয়েব ডিজাইন এন্ড ডেভেলপমেন্ট - ১ম খণ্ড,বাপ্পী আশরাফ,450.0,http://books.com.bd/29251
Microsoft Word XP 2007 মাইক্রোসফ্‌ট ওয়ার্ড এক্সপি-২০০৭,মোঃ আজিজুর রহমান খান,200.0,http://books.com.bd/29250
SPSS 16.01 For Windows এসপিএসএস ১৬.০১ ফর উইন্ডোজ,মোঃ আজিজুর রহমান খান,200.0,http://books.com.bd/29249
Adobe Premier Pro CS6 এডোবি প্রিমিয়ার প্রো সিএস ৬,বাপ্পী আশরাফ,420.0,http://books.com.bd/29248
A S P (2 Part) এ এস পি (দ্বিতীয় খন্ড),কামরুল হায়দার,400.0,http://books.com.bd/29247
Internet E Ghore Boshei Ay ইন্টারনেটে ঘরে বসেই আয়,মোজাহেদুল ইসলাম ঢেউ,200.0,http://books.com.bd/21585
Engineering drawing ইঞ্জিনিয়ারিং ড্রয়িং,প্রকৌশলী মোঃ শাহা আলম,250.0,http://books.com.bd/29246
Art of programming contest আর্ট অফ প্রোগ্রামিং কনটেস্ট,আহমেদ শামসুল আরেফীন,250.0,http://books.com.bd/29245
Electronic Commerce : Agamee Diner Babsha ইলেক্ট্রনিক কমার্স : আগামী দিনের ব্যবসা,মোঃ আজিজুর রহমান খান,130.0,http://books.com.bd/29244
Computer programming language: C সবার জন্য কম্পিউটার প্রোগ্রামিং ল্যাংগুয়েজ : C (৪র্থ সংস্করণ),মোঃ কামরুজ্জামান নিটন,450.0,http://books.com.bd/29243
Object Oriented Programming And C++ অবজেক্ট ওরিয়েন্টেড প্রোগ্রামিং এবং সি++,মোঃ কামরুজ্জামান নিটন,370.0,http://books.com.bd/29242
Software Installation And Usage সফটওয়্যার ইনস্টলেশন ও ব্যবহার,মোঃ আজিজুর রহমান খান,250.0,http://books.com.bd/29240
Redhat FeDora Linux (with CD / DVD) রেডহ্যাট ফিডোরা লিনাক্স (সিডি/ ডিভিডিসহ),সুহৃদ সরকার,520.0,http://books.com.bd/29239
Advanced Mobile Phone Engineering অ্যাডভান্সড মোবাইল ফোন ইঞ্জিনিয়ারিং,ইঞ্জিনিয়ার সফিকুল ইসলাম,230.0,http://books.com.bd/29238
Mastering Internet মাস্টারিং ইন্টারনেট,মোঃ আজিজুর রহমান খান,350.0,http://books.com.bd/29237
Autodasc Maya-8.5 অটোডেস্ক মায়া-৮.৫,মৌসুমী আক্তার,450.0,http://books.com.bd/29236
"Mastering Microsoft Excel XP, 2003, 2007,97,2003 And 2010 মাস্টারিং মাইক্রোসফ্‌ট এক্‌সেস এক্সপি, ২০০৩, ২০০৭ এন্ড ২০১০",বাপ্পী আশরাফ,175.0,http://books.com.bd/29235
Mastering Microsoft Excel XP & 2007 মাস্টারিং মাইক্রোসফ্ট এক্সেল এক্সপি এবং 2007,মুহাম্মদ আহসানুল্লাহ,150.0,http://books.com.bd/29234
"Microsoft Office (including training guide CD) version 2007, 2010 and 2013 মাইক্রোসফ্‌ট অফিস (ট্রেনিং গাইড সিডিসহ) ভার্সন ২০০৭, ২০১০ এবং ২০১৩",বাপ্পী আশরাফ,250.0,http://books.com.bd/29233
Microsoft Windows version XP And Vista মাইক্রোসফ্‌ট উইন্ডোজ ভার্সন এক্সপি এন্ড ভিসটা,বাপ্পী আশরাফ,200.0,http://books.com.bd/29232
Macromedia Director 8.5 ম্যাক্রোমিডিয়া ডিরেক্টর ৮.৫ (লিংগো ও সিডিসহ),বাপ্পী আশরাফ,450.0,http://books.com.bd/29231
DATA STRUCTURE AND ALGORITHMS APPLIED APROACH ডাটা স্ট্রাকচার এন্ড আলগোরিদমস অ্যাপ্লায়েড অপ্ৰাচ,প্রফেসর ড. মো: ইসমাইল জাবিউল্লাহ,320.0,http://books.com.bd/29210
Visual Basic-6 সবার জন্য ভিজুয়্যাল বেসিক-৬,মোঃ কামরুজ্জামান নিটন,335.0,http://books.com.bd/29230
Freer Razze Internet ফ্রির রাজ্যে ইন্টারনেট,ইঞ্জিঃ মোঃ ওমর ফয়সাল,100.0,http://books.com.bd/29229
"Mastering Microsoft FrontPage version: XP, 97, 2000 and 2003 মাষ্টারিং মাইক্রোসফ্‌ট ফ্রন্টপেজ ভার্সন: এক্সপি, ৯৭, ২০০০ এন্ড ২০০৩",বাপ্পী আশরাফ,150.0,http://books.com.bd/29228
PC Hardware and Assembly Guide (CD) পিসি হার্ডওয়্যার ও এ্যাসেম্বল গাইড (সিডি সহ),মোঃ আজিজুর রহমান খান,300.0,http://books.com.bd/29227
Python Programming Foundation পাইথন প্রোগ্রামিং ফাউন্ডেশন,মোহাম্মদ মিজানুর রহমান (নয়ন),250.0,http://books.com.bd/29226
VB.NET And Database Programming VB.NET এবং ডাটাবেজ প্রোগ্রামিং,মোঃ কামরুজ্জামান নিটন,350.0,http://books.com.bd/29225
Mastering Joomla Site Building মাস্টারিং জুমলা সাইট বিল্ডিং,সুহৃদ সরকার,400.0,http://books.com.bd/29224
Tally ERP-9 (CD) ট্যালি ইআরপি-৯ (সিডি সহ),মোঃ আজিজুর রহমান খান,450.0,http://books.com.bd/29223
Total Graphics Design ইন্টারনেটে অর্থ উপার্জনসহ টোটাল গ্রাফিক্স ডিজাইন,বাপ্পী আশরাফ,490.0,http://books.com.bd/29222
Computer Hardware Guide কম্পিউটার হার্ডওয়্যার গাইড,মোজাহেদুল ইসলাম ঢেউ,300.0,http://books.com.bd/29221
Quark Express-7 কোয়ার্ক এক্সপ্রেস-৭,বাপ্পী আশরাফ,200.0,http://books.com.bd/29220
Qbasic programming কিউবেসিক প্রোগ্রামিং,শাওন সুহৃদ,280.0,http://books.com.bd/29219
Somaj Bodole Bongobondur Blue-Print সমাজ বদলে বঙ্গবন্ধুর ব্লু প্রিন্ট,অধ্যাপক আবু সাইয়িদ,300.0,http://books.com.bd/10590
"Kacher Cricket Durer Cricket কাছের ক্রিকেট, দূরের ক্রিকেট",উৎপল শুভ্র,175.0,http://books.com.bd/10621
Computer Hardware কম্পিউটার হার্ডওয়্যার,কামরুল হায়দার,300.0,http://books.com.bd/29218
Computer Hardware Maintenance And Troubleshooting [EMH] কম্পিউটার হার্ডওয়্যার মেইনট্যানেন্স এন্ড ট্রাবলশুটিং,ইঞ্জিনিয়ার মোঃ মমিনুল হক,350.0,http://books.com.bd/29217
Introduction To Computer Fundamentals ইন্ট্রোডাকশন টু কম্পিউটার ফান্ডামেন্টালস,প্রফেসর ড. মো: ইসমাইল জাবিউল্লাহ,250.0,http://books.com.bd/29216
Computer Avidhan [Gyankosh] কম্পিউটার অভিধান (ছোট),তারিকুল ইসলাম চৌধুরী,165.0,http://books.com.bd/29215
Computer Avidhan [Gyankosh] কমপিউটার অভিধান (বড়),তারিকুল ইসলাম চৌধুরী,450.0,http://books.com.bd/29185
"Complete (Advanced And Professional) Mastering Microsoft Excel-version XP-20077, 2010 and 2013 (with CD) কমপ্লিট(অ্যাডভান্সড ও প্রোফেশনাল) মাস্টারিং মাইক্রোসফট এক্সেল-ভার্সন এক্সপি-২০০৭, ২০১০ ও ২০১৩ (সিডিসহ)",বাপ্পী আশরাফ,330.0,http://books.com.bd/29214
Computer Hardware Maintenance And Troubleshooting কমপিউটার হার্ডওয়্যার মেইনট্যানেন্স এন্ড ট্রাবলশুটিং,তারিকুল ইসলাম চৌধুরী,200.0,http://books.com.bd/29213
Linux System Administration লিনাক্স সিস্টেম অ্যাডমিনিস্ট্রেশন,প্রকৌশলী মোহাম্মদ মিজানুর রহমান,430.0,http://books.com.bd/29212
Linux Enterprise Solutions লিনাক্স এন্টারপ্রাইজ সলিউশন,প্রকৌশলী মোহাম্মদ মিজানুর রহমান,160.0,http://books.com.bd/29211
Software Development In C # সফটওয়্যার ডেভেলপমেন্ট ইন সি #,আহমেদ শামসুল আরেফীন,280.0,http://books.com.bd/21634
Oracle SQL And PL / SQL (11G And 12C) ওরাকল এসকিউএল এবং পিএল/এসকিউএল (১১জি এবং ১২সি),মোহাম্মদ মিজানুর রহমান (নয়ন),300.0,http://books.com.bd/21745
Odesk And Outsourcing Practical Outsourcing (CD) ওডেস্ক অ্যান্ড আউটসোর্সিং প্র্যাকটিক্যাল আউটসোর্সিং (সিডি সহ),মো: মিজানুর রহমান,400.0,http://books.com.bd/29209
Expert Networking এক্সপার্ট নেটওয়ার্কিং,সুহৃদ সরকার,450.0,http://books.com.bd/29208
HTMLl 5 : Sohoj Path With (CD) এইচটিএমএল ৫ : সহজ পাঠ (সিডি সহ),সুহৃদ সরকার,340.0,http://books.com.bd/29207
Windows 8 And 7 উইন্ডোজ ৮ অ্যান্ড ৭,বাপ্পী আশরাফ,350.0,http://books.com.bd/29206
Internete Attokarmosongsthan-1 ইন্টারনেটে আত্মকর্মসংস্থান-১ (ডিভিডি সহ),মো: মিজানুর রহমান,480.0,http://books.com.bd/29205
E-commerce And joomla! : Witchcraft ই-কমার্স এন্ড জুমলা! : ভার্চুমার্ট,মো: মিজানুর রহমান,320.0,http://books.com.bd/29203
Abohaoa O Jolobayu Biggan আবহাওয়া ও জলবায়ু বিজ্ঞান (পঞ্চম সংস্করণ),রফিক আহমেদ,300.0,http://books.com.bd/21520
Advance Microsoft Excel 2013 অ্যাডভান্স মাইক্রোসফ্‌ট এক্সেল-২০১৩,মো: মিজানুর রহমান,350.0,http://books.com.bd/29202
Cisco Networking সিসকো নেটওয়াকিং,সুহৃদ সরকার,360.0,http://books.com.bd/29201
C Language Complete Reference সি ল্যাংগুয়েজ কমপ্লিট রেফারেন্স,সরদার তারেক হাবিব,400.0,http://books.com.bd/29200
Achievement And Creativity Tests শিক্ষালব্ধ জ্ঞান ও সৃজনশীলতার অভীক্ষা,অধ্যাপক নীহাররঞ্জন সরকার,200.0,http://books.com.bd/29199
Shikkhon Totto শিক্ষণ তত্ত্ব,অধ্যাপক নীহাররঞ্জন সরকার,250.0,http://books.com.bd/21578
Ashavabik Monobiggan : Manosik Badhir Lokhon Karon O Adhunik Chikitsha Poddhoti অস্বাভাবিক মনোবিজ্ঞান : মানসিক ব্যাধির লক্ষণ কারণ ও আধুনিক চিকিৎসা পদ্ধতি,অধ্যাপক নীহাররঞ্জন সরকার,400.0,http://books.com.bd/21617
"Mastering Microsoft Word : Version - 2007, 2010, 2013 মাষ্টারিং মাইক্রোসফ্‌ট ওয়ার্ড : ভার্সন-২০০৭, ২০১০, ২০১৩",বাপ্পী আশরাফ,350.0,http://books.com.bd/29198
"Microsoft Project And Microsoft Office - 2007, 2010 and 2013 মাইক্রোসফ্‌ট প্রোজেক্ট ও মাইক্রোসফ্‌ট অফিস - ২০০৭, ২০১০ ও ২০১৩",বাপ্পী আশরাফ,340.0,http://books.com.bd/29197
"Microsoft Office (Training Guide) XP, 2003, 2007 and 2010 মাইক্রোসফ্‌ট অফিস (ট্রেনিং গাইড) এক্সপি, ২০০৩, ২০০৭ এবং ২০১০",বাপ্পী আশরাফ,200.0,http://books.com.bd/29196
Adobe Macromedia Dreamweaver অ্যাডোভি ম্যাক্রোমিডিয়া ড্রীমওয়েভার,মো: মিজানুর রহমান,350.0,http://books.com.bd/29195
Hozrot Muhammad (Sm) Ar Jiboni হযরত মোহাম্মদ (সঃ) এর জীবনী,শেখ মোহাম্মদ ইসমাইল,420.0,http://books.com.bd/29194
Monoshomikkhon Motodhara মনোসমীক্ষণ মতধারা,প্রফেসর মঞ্জুর আহমদ,100.0,http://books.com.bd/21609
Monobigganer Etihas O Motobad মনোবিজ্ঞানের ইতিহাস ও মতবাদ,অধ্যাপক নীহাররঞ্জন সরকার,230.0,http://books.com.bd/21607
Monoboigganik Porimapon O Porishongkhan মনোবৈজ্ঞানিক পরিমাপণ ও পরিসংখ্যান,অধ্যাপক নীহাররঞ্জন সরকার,400.0,http://books.com.bd/21608
Monobiggan O Jibon (Snatok O Snatokottor) মনোবিজ্ঞান ও জীবন (স্নাতক ও স্নাতকোত্তর),অধ্যাপক নীহাররঞ্জন সরকার,370.0,http://books.com.bd/21606
Beganing Joomla বিগীনিং জুমলা,মো: মিজানুর রহমান,220.0,http://books.com.bd/29193
Big Bang Theke Homo Sapiens বিগ ব্যাং থেকে হোমো স্যাপিয়েনস,মুহম্মদ জাফর ইকবাল,175.0,http://books.com.bd/29192
Forex trading ফরেক্স ট্রেডিং,মো: মিজানুর রহমান,380.0,http://books.com.bd/29191
Php And mysql পিএইচপি অ্যান্ড মাইএসকিউএল,মো: মিজানুর রহমান,430.0,http://books.com.bd/29190
Advanced Joomla! অ্যাডভান্সড জুমলা!,মো: মিজানুর রহমান,240.0,http://books.com.bd/29189
Javascript জাভাস্ক্রিপ্ট,মো: মিজানুর রহমান,500.0,http://books.com.bd/29188
CorelDraw & Photo-Paint কোরেল ড্র এবং ফটোপেইন্ট,বাপ্পী আশরাফ,450.0,http://books.com.bd/29186
Advanced WordPress অ্যাডভান্সড ওয়ার্ডপ্রেস,মো: মিজানুর রহমান,350.0,http://books.com.bd/29184
Oshovabi Monobiggan অস্বভাবী মনোবিজ্ঞান,প্রফেসর মঞ্জুর আহমদ,200.0,http://books.com.bd/21621
Object-oriented programming php অবজেক্ট ওরিয়েন্টেড প্রোগ্রামিং পিএইচপি,মো: মিজানুর রহমান,370.0,http://books.com.bd/29183
AutoCAD Blue Book অটোক্যাড ব্লু বুক,প্রকৌশলী মোঃ শাহা আলম,450.0,http://books.com.bd/29182
"Microsoft Word in a Week (version 97, 2000, XP, 2003) মাইক্রোসফ্‌ট ওয়ার্ড ইন এ উইক (ভার্সন ৯৭, ২০০০, এক্সপি, ২০০৩)",বাপ্পী আশরাফ,100.0,http://books.com.bd/29181
Vocabulary Plus ভোকাবুলারি প্লাস,এস. এম. জাকির হুসাইন,150.0,http://books.com.bd/21663
Visual Basic .Net And Windows Programming ভিজুয়্যাল বেসিক ডট নেট এবং উইন্ডোজ প্রোগ্রামিং,মোঃ কামরুজ্জামান নিটন,300.0,http://books.com.bd/29180
Universal Writing Skills ইউনিভার্সাল রাইটিং স্কিলস,এস. এম. জাকির হুসাইন,200.0,http://books.com.bd/21669
Super-Fluency in Speaking and Writing সুপার-ফ্লুয়েন্সি ইন স্পিকিং এন্ড রাইটিং,এস. এম. জাকির হুসাইন,200.0,http://books.com.bd/21685
Selected Essays সিলেক্টেড এসেস,এস. এম. জাকির হুসাইন,150.0,http://books.com.bd/21661
Microsoft PowerPoint Computer Handheld XP2003 মাইক্রোসফ্‌ট পাওয়ারপয়েন্ট কম্পিউটারে হাতেখড়ি এক্সপি-২০০৩,বাপ্পী আশরাফ,75.0,http://books.com.bd/21726
IELTS Vocabulary And Reading Practice আইইএলটিএস ভোকাবুলারি এন্ড রিডিং প্রাকটিস,এস. এম. জাকির হুসাইন,180.0,http://books.com.bd/21678
English Power ইংলিশ পাওয়ার,এস. এম. জাকির হুসাইন,375.0,http://books.com.bd/21673
5-Day Basic English Course ৫-ডে বেসিক ইংলিশ কোর্স,এস. এম. জাকির হুসাইন,180.0,http://books.com.bd/21675
Ekti Kalo Borkhar Rohosso একটি কালো বোরখার রহস্য,আবুল বাশার (ভারত),150.0,http://books.com.bd/29179
Eisob Valobasa Miche Noy এইসব ভালোবাসা মিছে নয়,আবদুল্লাহ আল ইমরান,180.0,http://books.com.bd/29178
Uttorheen Proshno উত্তরহীন প্রশ্ন,সৈয়দ বোরহান কবীর,300.0,http://books.com.bd/29177
Ure Jay Nill Tip উড়ে যায় নীল টিপ,আবদুল্লাহ আল ইমরান,150.0,http://books.com.bd/29176
Erani Cholochittro: 10 Nari Nirmata ইরানী চলচ্চিত্র: ১০ নারী নির্মাতা,উদিসা ইসলাম,225.0,http://books.com.bd/29175
Ami Ekdin Nikhoj Hobo আমি একদিন নিখোঁজ হবো,সাদাত হোসাইন,200.0,http://books.com.bd/29174
Amar Sadinota আমার স্বাধীনতা,বিলি উইলিয়াম গমেজ,390.0,http://books.com.bd/29173
Amar Ar Kothao Jaoyar Nei আমার আর কোথাও যাওয়ার নেই,সাদাত হোসাইন,150.0,http://books.com.bd/29172
Amra Agaro Jon আমরা এগারো জন,উইলিয়াম গোমেজ,450.0,http://books.com.bd/29171
Amra Eksonge Hetechilam আমরা একসঙ্গে হেঁটেছিলাম,আবু হাসান শাহরিয়ার,170.0,http://books.com.bd/29170
Attojobnik আত্মজৈবনিক,মোনায়েম সরকার,600.0,http://books.com.bd/29169
Apleshastro আপেলশাস্ত্র,ইশতিয়াক আহমেদ,135.0,http://books.com.bd/29168
Attohonnon Kingba Hopnoporano Akhan আত্মহনন কিংবা স্বপ্নপোড়ানো আখ্যান,রুবাইয়াৎ আহমেদ,95.0,http://books.com.bd/29167
Ainer Sohoj Path-2 আইনের সহজ পাঠ-২,তানজিম আল ইসলাম,240.0,http://books.com.bd/29166
Hirimba হিড়িম্বা,রুবাইয়াৎ আহমেদ,135.0,http://books.com.bd/29165
Hawya Horiner Chadmari হাওয়া হরিণের চাঁদমারি,সুব্রত অগাস্টিন গোমেজ,100.0,http://books.com.bd/29164
Horinsotorkopoth হরিণসতর্কপথ,নিতুপূর্ণা,110.0,http://books.com.bd/29163
Srostha Ek Mohan Shilpi স্রষ্টা এক মহান শিল্পী,মোঃ তাজুল ইসলাম মাস্টার,120.0,http://books.com.bd/29162
Mokarom Shaheber Dinkal মোকারম সাহেবের দিনকাল,জামাল রেজা,150.0,http://books.com.bd/10764
Shadhinatajuddhe Amra স্বাধীনতাযুদ্ধে আমরা,উইলিয়াম গোমেজ,390.0,http://books.com.bd/29161
Showpner Ami O Annora স্বপ্নের আমি ও অন্যরা,রায়হান রাইন,180.0,http://books.com.bd/29160
Surjjo Bidayer Din সূর্য বিদায়ের দিন,এম.এস. নাহার খন্দকার,45.0,http://books.com.bd/29159
Simana Chariye সীমানা ছাড়িয়ে,রুবাইয়াৎ আহমেদ,150.0,http://books.com.bd/29158
Sineola-3 সিনেঅলা -৩,রুদ্র আরিফ,575.0,http://books.com.bd/29157
Medical Representative: Safoller Totto Talash মেডিকেল রিপ্রেজেন্টেটিভ: সাফল্যের তত্ত্ব -তালাশ,পিনাকী ভট্টাচার্য,150.0,http://books.com.bd/29153
Sineola-2 সিনেঅলা-২,রুদ্র আরিফ,500.0,http://books.com.bd/29156
Sineola সিনেঅলা,রুদ্র আরিফ,500.0,http://books.com.bd/29155
Cineman সিনেম্যান,সৈয়দ নাজমুস সাকিব,215.0,http://books.com.bd/29154
Sangbadikotha (2nd-part) সাংবাদিকতা (২য় পাঠ),আর রাজী,200.0,http://books.com.bd/29152
Shangbadikota [Bhasachitr] সাংবাদিকতা,আর রাজী,600.0,http://books.com.bd/29151
Shomvaboner Protichayay সম্ভাবনার প্রতিচ্ছায়ায়,শিল্পী রহমান,180.0,http://books.com.bd/29150
Sandyarag সন্ধ্যারাগ,আরিফুর রহমান,150.0,http://books.com.bd/29149
Samaj-Jibon O Songskriti সমাজ-জীবন ও সংস্কৃতি,শহিদুল ইসলাম,240.0,http://books.com.bd/29148
Piles fistula O colorectal cancer পাইলস ফিস্টুলা ও কলোরেক্টাল ক্যান্সার,অধ্যাপক ডা. এ. কে. এম ফজলুল হক,160.0,http://books.com.bd/25031
Swadhinotar Prothom Shaheed Nobab Sirajouddoula স্বাধীনতার প্রথম শহীদ নবাব সিরাজউদ্দৌলা,ড. মুহাম্মদ ফজলুল হক,300.0,http://books.com.bd/17636
Shongkho Ghosher Songge Nirbasoner Dine শঙ্খ ঘোষের সঙ্গে নির্বাসনের দিনে,ফজলুল হক,150.0,http://books.com.bd/29147
Shogourobe Choulitechhe সগৌরবে চলিতেছে,লুৎফর হাসান,100.0,http://books.com.bd/29146
Shereshtho Kobita [AHS] শ্রেষ্ঠ কবিতা,আবু হাসান শাহরিয়ার,390.0,http://books.com.bd/29145
Jononetri Shekh Hasinar 100 Nirbachito Vashon (2part) (1981-2018) জননেত্রী শেখ হাসিনার ১০০ নির্বাচিত ভাষণ (২য় খণ্ড) (১৯৮১-২০১৮),নূহ-উল-আলম লেনিন,750.0,http://books.com.bd/29144
Jononetri Shekh Hasinar 100 Nirbachito Vashon (1part) (1981-2018) জননেত্রী শেখ হাসিনার ১০০ নির্বাচিত ভাষণ (১ম খণ্ড) (১৯৮১-২০১৮),নূহ-উল-আলম লেনিন,750.0,http://books.com.bd/29143
Rhampmdeler Bathtabe Ondho Kocchop র‌্যাম্পমডেলের বাথটাবে অন্ধ কচ্ছপ,রুদ্র আরিফ,100.0,http://books.com.bd/29142
Rashtronayok Sheikh Hasina রাষ্ট্রনায়ক শেখ হাসিনা,আহমেদ আমিনুল ইসলাম,500.0,http://books.com.bd/29141
Rommopedia-2015 রম্যপিডিয়া-২০১৫,ফাহিম হাসান,240.0,http://books.com.bd/29140
Rabindronath : Onyo Aloy Ishwor Atma Karon রবীন্দ্রনাথ : অন্য আলোয় ঈশ্বর আত্মা কারণ,পিনাকী ভট্টাচার্য,150.0,http://books.com.bd/29139
Rabindronattobikkhon O Manobmukti Prosongo রবীন্দ্রনাট্যবীক্ষণ ও মানবমুক্তি প্রসঙ্গ,আহমেদ আমিনুল ইসলাম,180.0,http://books.com.bd/29138
Bongobondhu Shekh Mujibur Rahman [Bhasha C] বঙ্গবন্ধু শেখ মুজিবুর রহমান,তানভীর আহমেদ সিডনী,70.0,http://books.com.bd/29106
Rangmohal রঙমহাল,রুবাইয়াৎ আহমেদ,135.0,http://books.com.bd/29137
Rongbunot রঙবুনট,সিলভিয়া নাজনীন,600.0,http://books.com.bd/29136
Rongbahar রঙবাহার,বিক্রমাদিত্য,300.0,http://books.com.bd/29135
Judhoporader Bichar O Gonotontre Pendulam যুদ্ধাপরাধের বিচার ও গণতন্ত্রের পেন্ডুলাম,নজরুল কবীর,125.0,http://books.com.bd/29134
Juddho Sheshe Juddher Golpo যুদ্ধ শেষে যুদ্ধের গল্প,শিল্পী রহমান,350.0,http://books.com.bd/29133
Jaittachi Jaittachi Koi Jaittachi Jani Na যাইত্যাছি যাইত্যাছি কই যাইত্যাছি জানি না,আবু হাসান শাহরিয়ার,200.0,http://books.com.bd/29132
Zothazoggo Nissongta যথাযোগ্য নিঃসঙ্গতা,শাহাদৎ রুমন,80.0,http://books.com.bd/29131
Manhattan Diary ম্যানহাটন ডায়রি,আবদুল্লাহ জাহিদ,250.0,http://books.com.bd/29130
Muhurtoma মুহূর্তমা,শামসেত তাবরেজী,120.0,http://books.com.bd/29129
Mukhra (Narir Swor Naribader Protikriti) মুখরা (নারীর স্বর-নারীবাদের প্রতিকৃতি),উদিসা ইসলাম,300.0,http://books.com.bd/29128
Mujib Hottar Shorojontro মুজিব হত্যার ষড়যন্ত্র,সুখরঞ্জন দাশগুপ্ত,300.0,http://books.com.bd/29127
Mukhomukhi : Ritwik-Sattyajit মুখোমুখি ঋত্বিক-সত্যজিৎ,উদিসা ইসলাম,270.0,http://books.com.bd/29126
Mirar Mayabi Mukh মীরার মায়াবী মুখ,মো. আসিফ উর রহমান,180.0,http://books.com.bd/29125
Mamujir Nowkay মামুজির নৌকায়,কামরুজ্জামান কামু,80.0,http://books.com.bd/29124
Maflar মাফলার,ইশতিয়াক আহমেদ,120.0,http://books.com.bd/29123
Manush Jibonanndo মানুষ জীবনানন্দ,লাবন্য দাশ,150.0,http://books.com.bd/29122
Manobsongobirol মানবসঙ্গবিরল,সালাহ উদ্দিন শুভ্র,110.0,http://books.com.bd/29121
Manabjanam মানবজনম,সাদাত হোসাইন,695.0,http://books.com.bd/29120
Mondira মন্দিরা,পীর হাবিবুর রহমান,100.0,http://books.com.bd/29119
Moner Ojon : Manosik Osusthotay Counselinger Proyojoniyota মনের ওজন : মানসিক অসুস্থতায় কাউন্সেলিংয়ের প্রয়োজনীয়তা,শিল্পী রহমান,250.0,http://books.com.bd/29118
Brojsundorir Kotha ব্রজসুন্দরীর কথা,রহমান হেনরী,200.0,http://books.com.bd/29117
Boka Valluker Diary-2 বোকা ভাল্লুকের ডায়েরি -২,ফাহিম হাসান,280.0,http://books.com.bd/29116
Besorkari Kobita বেসরকারি কবিতা,মাহবুব কবির,100.0,http://books.com.bd/29115
Bristir Matlami বৃষ্টির মাতলামি,সাকিরা পারভীন,150.0,http://books.com.bd/29114
Brishtir Kono Bidesh Nei বৃষ্টির কোনো বিদেশ নেই,ফেরদৌস নাহার,80.0,http://books.com.bd/29113
Bishshosera Aro 50 Cholocitro বিশ্বসেরা আরো ৫০ চলচ্চিত্র,মুম রহমান,260.0,http://books.com.bd/29112
Bishshosera 50 Cholocitro বিশ্বসেরা ৫০ চলচ্চিত্র,মুম রহমান,260.0,http://books.com.bd/29111
Bigghanider Prem বিজ্ঞানীদের প্রেম,শর্মিলা সিনড্রেলা,200.0,http://books.com.bd/29110
Balay Shat বালাই ষাট,পিনাকী ভট্টাচার্য,140.0,http://books.com.bd/29109
Badminton Niyom O Umpiring ব্যাডমিন্টন নিয়ম ও আম্পায়ারিং,শেখ নূর ইসলাম,100.0,http://books.com.bd/29108
Boro Hoye Doctor Hobo বড় হয়ে ডাক্তার হবো,ডা. মোহাম্মদ ফারহাদ উদ্দীন,200.0,http://books.com.bd/29107
Face By Face ফেস বাই ফেস,মাহবুব মোর্শেদ,175.0,http://books.com.bd/29105
Premer Jokhom Premei Sare প্রেমের জখম প্রেমেই সারে,তাপস রায়,150.0,http://books.com.bd/29104
Prem Noy Valobasa প্রেম নয় ভালোবাসা,অনুরূপ আইচ,150.0,http://books.com.bd/29103
Prem Prokriti প্রেম প্রকৃতি,কে এম সাজেদুল ইসলাম,430.0,http://books.com.bd/29102
Fasoya Trufo : Prem O Dehogrosto Flimmaker ফ্রাঁসোয়া ত্রুফো: প্রেম ও দেহগ্রস্ত ফিল্মমেকার,রুদ্র আরিফ,260.0,http://books.com.bd/29101
Prayogik Nattocola : Unnoyon Natto Prokriya প্রায়োগিক নাট্যকলা : উন্নয়ন নাট্য প্রক্রিয়া,আহসান খান,250.0,http://books.com.bd/29100
Protibadi Chhora O Bhabsongit প্রতিবাদী ছড়া ও ভাবসংগীত,এনায়েত হোসেন,390.0,http://books.com.bd/29099
Prokasshe Gopon Bolar Din প্রকাশ্যে গোপন বলার দিন,কবির হুমায়ূন,70.0,http://books.com.bd/29098
Postmortem পোস্টমর্টেম,মেসবাহ য়াযাদ,270.0,http://books.com.bd/29097
Pitaputro পিতাপুত্র,হুমায়ুন কবীর ঢালী,110.0,http://books.com.bd/29096
Pahar Hobo পাহাড় হবো,শিল্পী রহমান,180.0,http://books.com.bd/29095
pachti Shroti Natok পাঁচটি শ্রুতি নাটক,তানভীর আহমেদ সিডনী,100.0,http://books.com.bd/29094
Political Jokes পলিটিক্যাল জোকস্,সন্দীপন বসু,100.0,http://books.com.bd/29093
Porider Golpo পরীদের গল্প,আমীরুল ইসলাম,110.0,http://books.com.bd/29092
Poet Of Politics পোয়েট অব পলিটিক্স,পীর হাবিবুর রহমান,200.0,http://books.com.bd/29091
Pongchok পঞ্চক,কমলেশ রায়,135.0,http://books.com.bd/29090
Nutse And Coffee নোটস এ্যান্ড কফি,টি এম সাব্বির,200.0,http://books.com.bd/29089
Noishobder Dakghor নৈঃশব্দ্যের ডাকঘর,আবু হাসান শাহরিয়ার,290.0,http://books.com.bd/29088
Shekh Hasina : Nettri Theke Rastronayek শেখ হাসিনা : নেত্রী থেকে রাষ্ট্রনায়ক,সৈয়দ বোরহান কবীর,270.0,http://books.com.bd/29087
Nilduari নীলদুয়ারী,রুহুল ফরাজী,215.0,http://books.com.bd/29086
Nirbashito Bhalobasa নির্বাসিত ভালোবাসা,আবদুল্লাহ জাহিদ,180.0,http://books.com.bd/29085
Nirbachito Golpo [SA] নির্বাচিত গল্প,শওকত আলী,550.0,http://books.com.bd/29084
Nibhritochore Parapar নিভৃতচরে পারাপার,রুহুল ফরাজী,180.0,http://books.com.bd/29083
Nirbachito Kabita [MBC] নির্বাচিত কবিতা,মৃণাল বসুচৌধুরী,300.0,http://books.com.bd/29082
Nirbachito Kabita [MK] নির্বাচিত কবিতা,মাহবুব কবির,350.0,http://books.com.bd/29081
Nisongo Nokkhotro নিঃসঙ্গ নক্ষত্র,সাদাত হোসাইন,470.0,http://books.com.bd/29080
Natok Sangroho [Bhasha C] নাটক সংগ্রহ,আফসার আহমদ,350.0,http://books.com.bd/29079
Nokhotrochurner Ghran নক্ষত্রচূর্ণের ঘ্রাণ,সেলিম মোজাহার,135.0,http://books.com.bd/29078
Nondito Lekhok Kobir Sakkhatkar নন্দিত লেখক কবির সাক্ষাৎকার,মিজান মল্লিক,230.0,http://books.com.bd/29077
Nodir Chokhe Pani O Onnanno Koyatrain নদীর চোখে পানি ও অন্যান্য কোয়াটরেন,ইমতিয়াজ মাহমুদ,100.0,http://books.com.bd/29076
Dhulomakha Sangshoy ধুলোমাখা সংশয়,মনিরুজ্জামান আকন্দ,150.0,http://books.com.bd/29075
Dhormo O Nastikota Bishoye Bangali Communistder Vrantiporbo ধর্ম ও নাস্তিকতা বিষয়ে বাঙালি কমিউনিস্টদের ভ্রান্তিপর্ব,পিনাকী ভট্টাচার্য,150.0,http://books.com.bd/29074
Parasychology : Dikhondito প্যারাসাইকোলজি : দ্বিখণ্ডিত,হাসান তারেক চৌধুরী,150.0,http://books.com.bd/29073
Drissho Shikarer Bandhuk দৃশ্য শিকারের বন্দুক,আমজাদ সুজন,70.0,http://books.com.bd/29072
Dipaboli Mitrer Prottaborton দীপাবলী মিত্রের প্রত্যাবর্তন,ড. আতাউল করিম,135.0,http://books.com.bd/29071
Kobitar Bivasutro কবিতার বিভাসূত্র,ফকির ইলিয়াস,120.0,http://books.com.bd/29047
Dohoner Rat দহনের রাত,মুস্তাফিজ শফি,100.0,http://books.com.bd/29070
Tumul Preme Chotobha তুমুল প্রেমে ছোটভাই,মাসুম রেজা,180.0,http://books.com.bd/29069
Tinti Natok [Bhsha C] তিনটি নাটক,বাকার বকুল,270.0,http://books.com.bd/29068
Muktir Jonno Juddho মুক্তির জন্য যুদ্ধ,অন্যান্য,90.0,http://books.com.bd/11159
Tokta তক্তা,শামসেত তাবরেজী,100.0,http://books.com.bd/29067
Death Certificate ডেথ সার্টিফিকেট,ইশতিয়াক আহমেদ,100.0,http://books.com.bd/29066
Doshti Onubad Natok দশটি অনুবাদ নাটক,শাহাদৎ রুমন,230.0,http://books.com.bd/29065
Televisione Onusondhani Sangbadikata টেলিভিশনে অনুসন্ধানী সাংবাদিকতা,জি এম ফয়সাল আলম,150.0,http://books.com.bd/29064
Jiyontokal জিয়ন্তকাল,রুবাইয়াৎ আহমেদ,100.0,http://books.com.bd/29063
Janalara Opase [Bhasha C] জানালার ওপাশে,সাদাত হোসাইন,150.0,http://books.com.bd/29062
Jonmojoljoyontee জন্মজলজয়ন্তী,শহিদুল শ্যানন,150.0,http://books.com.bd/29061
Humayun Ahmeder Cholocchitro Chirayot Rosbodh হুমায়ূন আহমেদের চলচ্চিত্র চিরায়ত রসবোধ,শাহাদৎ রুমন,398.0,http://books.com.bd/29060
Nobonatlipi (Charti Natok) নবনাটলিপি (চারটি নাটক),ইউসুফ হাসান অর্ক,270.0,http://books.com.bd/29059
Cholo Boro Hoi চলো বড় হই,তুষার আব্দুল্লাহ,300.0,http://books.com.bd/29058
Chomonbahar চমনবাহার,ফাহিম হাসান,150.0,http://books.com.bd/29057
Condrabotir Khoje চন্দ্রাবতীর খোঁজে,ড. আতাউল করিম,135.0,http://books.com.bd/29056
Gashful O Sondhamaloteera ঘাসফুল ও সন্ধ্যামালতীরা,লুৎফর হাসান,135.0,http://books.com.bd/29055
Goponiyotar Malikana গোপনীয়তার মালিকানা,হামীম কামরুল হক,150.0,http://books.com.bd/29054
Galpocchobi গল্পছবি,সাদাত হোসাইন,300.0,http://books.com.bd/29053
Kow O Meger Kobita কৈ ও মেঘের কবিতা,মাহবুব কবির,60.0,http://books.com.bd/29052
Kusum Kusum Prem কুসুম কুসুম প্রেম,চঞ্চল শাহরিয়ার,110.0,http://books.com.bd/29051
Kierostamir Cine-Rasta কিয়ারোস্তামির সিনে-রাস্তা,রুদ্র আরিফ,675.0,http://books.com.bd/29050
Showkot Alir Uponnass : Kolakoushol O Boishistto শওকত আলীর উপন্যাস : কলাকৌশল ও বৈশিষ্ট্য,শাফিক আফতাব,570.0,http://books.com.bd/29049
Computer Beboharer 555 Tips কম্পিউটার ব্যবহারের ৫৫৫ টিপস,নুরুন্নবী চৌধুরী হাছিব,450.0,http://books.com.bd/29048
Arshinagar আরশিনগর,সাদাত হোসাইন,450.0,http://books.com.bd/29046
Premer Kabita [AS] প্রেমের কবিতা,অসীম সাহা,230.0,http://books.com.bd/29045
Asamapto Omor Prem অসমাপ্ত অমর প্রেম,খন্দকার নাদিমুল ইসলাম,150.0,http://books.com.bd/29044
Oronne Jabu Ghuri অরণ্যে যাবো গৌরী,আব্দুল্লাহ্ জামিল,100.0,http://books.com.bd/29043
Operation Pure Hasi অপারেশন পিওর হাসি,রাজীব কামাল শ্রাবণ,180.0,http://books.com.bd/29042
Aporupkotha অপরূপকথা,বিক্রমাদিত্য,120.0,http://books.com.bd/29041
Sheemaboddho সীমাবদ্ধ,মঈনুল আহসান সাবের,50.0,http://books.com.bd/11267
Oporazito [Bhasha C] অপরাজিত,নাঈমা আফরোজ সম্পা,200.0,http://books.com.bd/29040
Andarmahal অন্দরমহল,সাদাত হোসাইন,650.0,http://books.com.bd/29039
Odhikrito Bhukhonder Kobita অধিকৃত ভূখণ্ডের কবিতা,রহমান হেনরী,150.0,http://books.com.bd/29038
Ojana Opekha অজানা অপেক্ষা,অপলা হায়দার,100.0,http://books.com.bd/29037
2071 ২০৭১,সৈয়দ বোরহান কবীর,360.0,http://books.com.bd/29036
100 Premer Kobita [AHS] ১০০ প্রেমের কবিতা,আবু হাসান শাহরিয়ার,250.0,http://books.com.bd/29035
100 Premer Kobita [MS] ১০০ প্রেমের কবিতা,মহাদেব সাহা,175.0,http://books.com.bd/879
100 Chora ১০০ ছড়া,খালেদ হোসাইন,135.0,http://books.com.bd/29034
49 Purbbo Hoya Huthong ৩৯ পূর্ব হোয়া হুথং,কবির হুমায়ূন,120.0,http://books.com.bd/29033
Comicrajjo : 14 Nari Nirmata কমিকরাজ্য : ১৪ নারী নির্মাতা,উদিসা ইসলাম,220.0,http://books.com.bd/29032
Pach Taruneer 5 Ti Natok পাঁচ তরুণের ৫টি নাটক,খন্দকার সোহেল,150.0,http://books.com.bd/29031
Ostad Ayed Ali Kha ওস্তাদ আয়েত আলী খাঁ,মোবারক হোসেন খান,40.0,http://books.com.bd/29030
Atotuku Choya Lage এতোটুকু ছোঁয়া লাগে,মযহারুল ইসলাম,100.0,http://books.com.bd/29029
Akaki Akjon একাকী একজন,নাসরিন চৌধুরী,100.0,http://books.com.bd/29028
Akattore Mujibnogor একাত্তরে মুজিবনগর,বি.বি. বিশ্বাস,100.0,http://books.com.bd/29027
"Akti Kobita : Eliyet Robondronath O Aro Dojon একটি কবিতা: এলিয়েট, রবীন্দ্রনাথ ও আরও দুজন",মনজুরে মওলা,140.0,http://books.com.bd/29026
Ek Muthote Dukkho Amar Ek Muthote Prem এক মুঠোতে দুঃখ আমার এক মুঠোতে প্রেম,শাহাবুদ্দিন নাগরী,40.0,http://books.com.bd/29025
Chotodr Bongobondhu Jiboni-Tumi amader Pita ছোটদের বঙ্গবন্ধু- জীবনী তুমি আমাদের পিতা,আমীরুল ইসলাম,150.0,http://books.com.bd/11422
Ek Dofar Probakta : M A Aziz Smarakgronho এক দফার প্রবক্তা : এম এ আজিজ স্মারকগ্রন্হ,শরীফ শমশির,700.0,http://books.com.bd/29024
Ek Kicher Saman এক কুঁচের সমান,হেনা সুলতানা,100.0,http://books.com.bd/29023
Aei Kal Aei Desh এই কাল এই দেশ,এ. জেড. এম. আবদুল আলী,150.0,http://books.com.bd/29022
A Shohor Amar Noy এ শহর আমার নয়,ফাহমিদুল হক,75.0,http://books.com.bd/29021
Ujane Ferar Protidhoni উজানে ফেরার প্রতিধ্বনি,মযহারুল ইসলাম,60.0,http://books.com.bd/29020
Itehasher Chera Pata ইতিহাসের ছেঁড়া পাতা,আয়াত আলী পাটওয়ারী,120.0,http://books.com.bd/29019
Ami Ak Soceton Manush আমি এক সচেতন মানুষ,সৈয়দ খিজির হায়াত,60.0,http://books.com.bd/29013
Alongker Annesha অলঙ্কার অন্বেষা,নরেন বিশ্বাস,110.0,http://books.com.bd/24556
Sohi Mujibnama সহি মুজিবনামা,আসলাম সানী,25.0,http://books.com.bd/29018
Motiur Rahman Nijami Albodor Theke Montri মতিউর রহমান নিজামী: আলবদর থেকে মন্ত্রী,আলী আকবর টাবী,120.0,http://books.com.bd/29017
Tar Aktu Ghum Proyojon তার একটু ঘুম প্রয়োজন,মনজুরে মওলা,90.0,http://books.com.bd/29016
Shrestha Kobita [AAP] শ্রেষ্ঠ কবিতা,আয়াত আলী পাটওয়ারী,300.0,http://books.com.bd/29015
Ami O Bonlota Shen আমি ও বনলতা সেন,শেখ হাফিজুর রহমান,150.0,http://books.com.bd/29014
Amar Joto Bitto Provu আমার যত বিত্ত প্রভু,তাজুল ইমাম,100.0,http://books.com.bd/29012
Amra Harbo Na আমরা হারবো না,কামাল লোহানী,250.0,http://books.com.bd/29011
Abru আব্রু,ওয়াহিদ রেজা,80.0,http://books.com.bd/29010
Aguner Dalpala আগুনের ডালপালা,মাসুদুজ্জামান,60.0,http://books.com.bd/29009
Hip Hip Hurre [Agme Prk] হিপ হিপ হুররে,লুৎফর রহমান রিটন,50.0,http://books.com.bd/29008
Hasir Fasi হাসির ফাঁসি,নূরুল ইসলাম মোল্লা নীলু,100.0,http://books.com.bd/29007
Haranobigopti Soundeffect Bangalisomogro Jobanpir Kochukhayen Abong Sonadiyagucho হারানোবিজ্ঞপ্তি : সাউন্ডইফেক্ট : বাঙালিসমগ্র : জবানপির : কচুখাইন এবং সোনাদিয়াগুচ্ছ,খোকন কায়সার,125.0,http://books.com.bd/29006
Habijabi [Agame Prk] হাবিজাবি,সেজান মাহমুদ,150.0,http://books.com.bd/29005
Sowgat Zug O Mohammad Nasiruddin সওগাত যুগ ও মোহাম্মদ নাসিরউদ্দীন,আব্দুল গাফফার চৌধুরী,150.0,http://books.com.bd/29004
Sadhinator Krisnopokkho স্বাধীনতার কৃষ্ণপক্ষ,আয়াত আলী পাটওয়ারী,100.0,http://books.com.bd/29003
Sorgo Theke Prottaborton স্বর্গ থেকে প্রত্যাবর্তন,শেখ হাফিজুর রহমান,60.0,http://books.com.bd/29002
Sopner Pakhibash (Veatnamer Muktijuddher Golpo) স্বপ্নের পাখিবাস (ভিয়েতনামের মুক্তিযুদ্ধের গল্প),মাহমুদ উল আলম,80.0,http://books.com.bd/29001
Ki Khaben Koto Khaben কি খাবেন কত খাবেন,ডা. সুমন চৌধুরী,200.0,http://books.com.bd/11509
Bachun Deerghodin বাঁচুন দীর্ঘদিন,ডা. মিজানুর রহমান কল্লোল,200.0,http://books.com.bd/10881
Bhutonkor Choudhury ভূতঙ্কর চৌধুরী,শামীম শাহেদ,55.0,http://books.com.bd/11052
Shomudro Shojjay Icche Pakhi সমুদ্র শয্যায় ইচ্ছে পাখি,নাসরীন নঈম,100.0,http://books.com.bd/10185
Shodesh Boidesh স্বদেশ বৈদেশ,গোলাম শফিক,300.0,http://books.com.bd/29000
Antorjatik Fasibad Birodhi Andolon O Rabindronath আন্তর্জাতিক ফ্যাসিবাদ বিরোধী আন্দোলন ও রবীন্দ্রনাথ,বিশ্বজিৎ ঘোষ,55.0,http://books.com.bd/28999
Ek Minit Bhalobasha Palon Korun এক মিনিট ভালবাসা পালন করুন,সৈয়দ আল ফারুক,50.0,http://books.com.bd/11368
Sei Muktijuddho সেই মুক্তিযুদ্ধ,অমর রায়,80.0,http://books.com.bd/28998
srestishilota O 0nnanno সৃষ্টিশীলতা ও অন্যান্য,মুহম্মদ নূরুল হুদা,80.0,http://books.com.bd/28997
Surjosakkhi সূর্যসাক্ষী,পান্না কায়সার,90.0,http://books.com.bd/28996
Shimantto Shahar সীমান্ত শহর,নিশাত খান,70.0,http://books.com.bd/28995
Sylheter 200 Bachorer Andolon সিলেটের দুইশত বছরের আন্দোলন,তাজুল মোহাম্মদ,120.0,http://books.com.bd/28994
Sangbidhanik Sarker Banam Tatyabadhayok Sarker সাংবিধানিক সরকার বনাম তত্ত্ববধায়ক সরকার,আয়াত আলী পাটওয়ারী,300.0,http://books.com.bd/28993
Somoyer Mukh Tahader Kotha সময়ের মুখ তাঁহাদের কথা,মুস্তাফা নূরউল ইসলাম,100.0,http://books.com.bd/28992
Somoyke Ami Ultopaye Hete Jete Dekheshi সময়কে আমি উল্টোপায়ে হেঁটে যেতে দেখেছি,তারিক সুজাত,100.0,http://books.com.bd/28991
Sobuj Diner Lalkabbo সবুজ দিনের লালকাব্য,ইকতিয়ার চৌধুরী,60.0,http://books.com.bd/28990
Muslim Bangla Amar Juge মুসলিম বাঙ্গলা আমার যুগে,আবু জাফর শামসুদ্দীন,175.0,http://books.com.bd/898
Chayamanush Bhangamanush ছায়ামানুষ ভাঙ্গামানুষ,হাসান হাফিজ,80.0,http://books.com.bd/10521
Sob Pakhi Gore Fere সব পাখি ঘরে ফেরে,সিরাজুল ইসলাম মুনির,30.0,http://books.com.bd/28989
Moe Mone Nirle Gopone মনে মনে নিরলে গোপনে,হাসান হাফিজ,130.0,http://books.com.bd/10070
Muslim Dorshon Pariciti মুসলিম দর্শন পরিচিতি,ড: এম আবদুল হামিদ,175.0,http://books.com.bd/24856
Shilpokolar Itihash শিল্পকলার ইতিহাস,বোরহানউদ্দীন খান জাহাঙ্গীর,250.0,http://books.com.bd/10179
Kobitashomogro [AJO] কবিতাসমগ্র,আবু জাফর ওবায়দুল্লাহ,300.0,http://books.com.bd/11288
Great Gatsby গ্রেট গ্যাটসবি,কবীর চৌধুরী,200.0,http://books.com.bd/11472
Boka Kheye Boguray বকা খেয়ে বগুড়ায়,ফরিদুর রেজা সাগর,100.0,http://books.com.bd/10560
Spasta Jyoti Al Quran স্পষ্ট জ্যোতি আল কুরআন,মুস্তাফা জামান আব্বাসী,450.0,http://books.com.bd/10715
MP'r Karadohon এমপির কারাদহন,গোলাম মাওলা রনি,275.0,http://books.com.bd/19423
Shastho Bishoyok Nirbachito Column স্বাস্থ্য বিষয়ক নির্বাচিত কলাম,ডা. এ বি এম আব্দুল্লাহ,350.0,http://books.com.bd/10174
Bhool ভুল,খসরু চৌধুরী,225.0,http://books.com.bd/651
Nirapod Motor Driving O Rokkhonabekkhon Shikkha নিরাপদ মটর ড্রাইভিং ও রক্ষণাবেক্ষণ শিক্ষা,খান মোঃ বাবুল,175.0,http://books.com.bd/10091
Bangladesher Katha : Sokol Desher Sera বাাংলাদেশের কথা : সকল দেশের সেরা,আলী ইমাম,50.0,http://books.com.bd/28988
Jouboner Kalobela যৌবনের কালবেলা,মিনা ফারাহ,160.0,http://books.com.bd/28987
Shotabdir Shrestho Premer Kobita শতাব্দীর শ্রেষ্ঠ প্রেমের কবিতা,মুহম্মদ নূরুল হুদা,100.0,http://books.com.bd/28986
Lorai [Agme Prk] লড়াই,আলী ইমাম,30.0,http://books.com.bd/28985
Droher Podaboli দ্রোহের পদাবলী,শেখ হাফিজুর রহমান,100.0,http://books.com.bd/28984
Romiyo Juliyet রোমিও জুলিয়েট,মুহম্মদ নূরুল হুদা,40.0,http://books.com.bd/28983
Rubboti Pinjukori রুব্বতি পিঞ্চুকরাই,খোকন কায়সার,150.0,http://books.com.bd/28982
Ruddho Diner Aronnora রুদ্ধ দিনের অরণ্যেরা,ডা. সারাহ বানু শুচি,100.0,http://books.com.bd/28981
Rakkhoshraz O Sarnnomrig রাক্ষসরাজ ও স্বর্ণমৃগ,এস. এম. আবীর চৌধুরী মীম,70.0,http://books.com.bd/28980
Gronthoniti O Bibidh Prosongo গ্রন্থনীতি ও বিবিধ প্রসঙ্গ,গোলাম মঈনউদ্দিন,55.0,http://books.com.bd/28979
Rmoniyo Pacali রমণীয় পাঁচালী,মোহাম্মদ আমীন,80.0,http://books.com.bd/28978
"Rabindronath Upoma Abong Ami রবীন্দ্রনাথ, উপমা এবং আমি",নূরুদ্দিন জাহাঙ্গীর,100.0,http://books.com.bd/28977
Rrang Deyese Projapoti রঙ দিয়েছে প্রজাপতি,মোর্শেদা জামান লিজি,125.0,http://books.com.bd/28976
Roktopuj Gathe Jaway Machi রক্তপুঁজে গেঁথে যাওয়া মাছি,আকিমুন রহমান,120.0,http://books.com.bd/28975
Jottosob Ajgubi যত্তোসব আজগুবি,এখ্‌লাসউদ্দিন আহ্‌মদ,50.0,http://books.com.bd/28974
Jakhane Khonon Kori Sekhane Modhu যেখানে খনন করি সেখানেই মধু,শাহাবুদ্দিন নাগরী,150.0,http://books.com.bd/28973
Je Sopno Dekte Janto যে স্বপ্ন দেখতে জানতো,আনিসুল হক,100.0,http://books.com.bd/28972
Juddho O Jibon যুদ্ধ ও জীবন,রশীদ হায়দার,100.0,http://books.com.bd/28971
Juddho Shesh Hoyne যুদ্ধ শেষ হয়নি,সালাউদ্দিন বাদল,60.0,http://books.com.bd/28970
Joker Dhon [Agme Prk] যকের ধন,হেমেন্দ্রকুমার রায়,100.0,http://books.com.bd/28969
Mohoniyo Narak মোহনীয় নরক,মোহাম্মদ আমীন,450.0,http://books.com.bd/28968
Megher Nitombe Matha Rekhe মেঘের নিতম্বে মাথা রেখে,এনামুল হক,60.0,http://books.com.bd/28967
Meghla Akash মেঘলা আকাশ,সৈয়দা রাজিয়া আহমেদ,120.0,http://books.com.bd/28966
Meghna O Golpoburo মেঘনা ও গল্পবুড়ো,ফরিদুর রেজা সাগর,30.0,http://books.com.bd/28965
Hazar Kabita হাজার কবিতা,মুহম্মদ নূরুল হুদা,600.0,http://books.com.bd/28964
Mmukhosher Ontorale মুখোশের অন্তরালে,শিমিন শাহরিন,150.0,http://books.com.bd/5546
Muktir Rupali Batash মুক্তির রূপালী বাতাস,সালাউদ্দিন বাদল,60.0,http://books.com.bd/28963
Maanushie Sera মানুষই সেরা,মোহাম্মদ আমীন,40.0,http://books.com.bd/28962
Manush [Agme Prk] মানুষ,মামুনুর রশীদ,60.0,http://books.com.bd/28961
Moronottor মরণোত্তর,ফরিদুর রহমান,60.0,http://books.com.bd/28960
Dhaka Shomogro-3 [MM] ঢাকা সমগ্র-৩,মুনতাসীর মামুন,400.0,http://books.com.bd/10308
Dhaka Shomogro-4 [MM] ঢাকা সমগ্র-৪,মুনতাসীর মামুন,350.0,http://books.com.bd/10237
The Battles of Islam দ্য ব্যাটেলস অব ইসলাম,মেজর জেনারেল : সৈয়দ মুহাম্মদ ইবরাহিম,200.0,http://books.com.bd/24980
Morce Pora Stangun মরচে পড়া স্টেনগান,হাসনাত আবদুল হাই,180.0,http://books.com.bd/28959
Montobbo Mregoya মন্তব্য মৃগয়া,শওকত ওসমান,70.0,http://books.com.bd/28958
Moddho Boyosher Songkot মধ্য বয়সের সঙ্কট,মিনা ফারাহ,150.0,http://books.com.bd/28957
Modhumiter Mukhomukhi মধুমতির মুখোমুখি,রুহুল আমিন,100.0,http://books.com.bd/28956
Mozar Mozar Chora [Agame Prk] মজার মজার ছড়া,লুৎফর রহমান রিটন,100.0,http://books.com.bd/28955
Voter ভোটার,আয়াত আলী পাটওয়ারী,100.0,http://books.com.bd/28954
Nondito Kanna Nindito Hashi নন্দিত কান্না নিন্দিত হাসি,মোহাম্মদ আমীন,100.0,http://books.com.bd/28953
Buyr Bosonte বৈরী বসন্তে,প্রণব ভট্ট,60.0,http://books.com.bd/28952
Boicittromoy Tother Socittro Noble Prize বৈচিত্রময় তথ্যে সচিত্র নোবেল প্রাইজ,মোহাম্মদ আমীন,200.0,http://books.com.bd/28951
Busher Iraq Juddho বুশের ইরাক যুদ্ধ,মিনা ফারাহ,120.0,http://books.com.bd/28950
Buddhijeebee Dekh Sob বুদ্ধিজীবী দেখ সব,সাখাওয়াত টিপু,100.0,http://books.com.bd/28949
Bishas Korun Ami Rajaker Noi বিশ্বাস করুন আমি রাজাকার নই,"হামিদুল হোসেন তারেক, বীর বিক্রম",70.0,http://books.com.bd/28948
Bisshoshahitter Classroome বিশ্বসাহিত্যের ক্লাসরুমে,মুহম্মদ আকতার হোসেন,200.0,http://books.com.bd/24240
Bisshokobitar Sonali Shosyo বিশ্বকবিতার সোনালি শস্য,খোন্দকার আশরাফ হোসেন,200.0,http://books.com.bd/28947
Bishoghonta বিশ্বঘন্টা,প্রদ্যোত কুমার সেন,80.0,http://books.com.bd/28946
Beye Jounojibon 50 devorce বিয়ে যৌনজীবন ৫০% ডিভোর্স,মিনা ফারাহ,150.0,http://books.com.bd/28945
Babui বাবুই,হাসনাত আবদুল হাই,80.0,http://books.com.bd/28944
"Bagh Vut Seral O Mosha বাঘ, ভূত বেড়াল ও মশা",মনজুরে মওলা,150.0,http://books.com.bd/28943
Bangladesher Monipuri Troye Songscritir Tribeni Songgome বাংলাদেশের মণিপুরী: ত্রয়ী সংস্কৃতির ত্রিবেণী সঙ্গমে,এ. কে. শেরাম,100.0,http://books.com.bd/28942
Banglasdesher Samajik Itihas Rajnoitik Dhara বাংলাদেশের সামাজিক ইতিহাস : রাজনৈতিক ধারা,শেখ আবদুল জলিল,350.0,http://books.com.bd/28941
Bangladesher Moulbadi বাংলাদেশের মৌলবাদী,অধ্যাপক সৈয়দ মোদাচ্ছের আলী,40.0,http://books.com.bd/28940
Bangladesh-1992 বাংলাদেশ ১৯৯২,ড. মোহাম্মদ হাননান,150.0,http://books.com.bd/28939
Bonkubabu Ebang Mamdor Goppo বঙ্কুবাবু এবং মামদোর গপ্পো,এখ্‌লাসউদ্দিন আহ্‌মদ,60.0,http://books.com.bd/28938
Bongo Songscritir Somajtontro বঙ্গ সংস্কৃতির সমাজতত্ত্ব,শেখ মাসুম কামাল,150.0,http://books.com.bd/28937
Phokalor And Gender : Loko Oitijjo Prittotonto O Nariri Sotontro Shor ফোকলোর ও জেন্ডার : লোক ঐতিহ্যে পিতৃতন্ত্র ও নারীর স্বতন্ত্র স্বর,সুস্মিতা চক্রবর্তী,300.0,http://books.com.bd/28936
Fere Asheo Promithuse ফিরে এসো প্রমিথিউস,আয়াত আলী পাটওয়ারী,100.0,http://books.com.bd/28935
Project Vutong Adhunikong প্রোজেক্ট ভূতং আধুনিকং,সেজান মাহমুদ,50.0,http://books.com.bd/13604
Preyo Bangladesh প্রিয় বাংলাদেশ,লুৎফর রহমান রিটন,100.0,http://books.com.bd/28934
Probasher Pachali প্রবাসের পাঁচালী,ফাহিম রেজা নূর,100.0,http://books.com.bd/28933
Om ওম,শামীম আজাদ,70.0,http://books.com.bd/28932
Abong Tumi এবং তুমি,আজিজুর রহমান আজিজ,200.0,http://books.com.bd/28931
Akhonoi Uthibo Chand এখনই উঠিবে চাঁদ,অমর রায়,75.0,http://books.com.bd/28930
"Ekoda, Ek Juddhe একদা, এক যুদ্ধে",হাসনাত আবদুল হাই,150.0,http://books.com.bd/24247
Akto Daroy Sumittra একটু দাঁড়াও সুমিত্রা,মুস্তফা হাবীব,60.0,http://books.com.bd/28929
Ei Basonte Tomake এই বসন্তে তোমাকে,নাসির আহমেদ,150.0,http://books.com.bd/28928
Uddhaner Aral Theke উদ্যানের আড়াল থেকে,ভূঁইয়া শফিকুল ইসলাম,150.0,http://books.com.bd/28927
Uditi উদিতি,মোর্শেদা জামান লিজি,100.0,http://books.com.bd/28926
Indira Road ইন্দিরা রোড,লিলিয়ান,220.0,http://books.com.bd/28925
Abirvab আবির্ভাব,প্রদ্যোত কুমার সেন,100.0,http://books.com.bd/28924
Amader Songcriti O Songgram আমাদের সংস্কৃতি ও সংগ্রাম,কামাল লোহানী,250.0,http://books.com.bd/28923
Amader Rajniti Chole Bake Bake আমাদের রাজনীতি চলে বাঁকে বাঁকে,আনজির লিটন,30.0,http://books.com.bd/28922
Oporup Europe অপরূপ ইউরোপ,সাকিল চৌধুরী,160.0,http://books.com.bd/10512
Komola Ronger Dinguli কমলা রঙের দিনগুলি,আসমা আব্বাসী,130.0,http://books.com.bd/10840
Chotoder Zia ছোটদের জিয়া,বোরহান আহমেদ,125.0,http://books.com.bd/11388
Banglar Sheikh Mujib বাংলার শেখ মুজিব,মোঃ মজিবুর রহমান,150.0,http://books.com.bd/11123
Brammoner Barir Kakatua ব্রাহ্মণের বাড়ির কাকাতুয়া,আবদুল্লাহ আবু সায়ীদ,200.0,http://books.com.bd/10891
Rajarajrar Goppo রাজরাজড়ার গপ্পো,এখ্‌লাসউদ্দিন আহ্‌মদ,160.0,http://books.com.bd/10155
Amjupite Atonko আমঝুপিতে আতঙ্ক,সৈয়দ সাদরুল হুদা,60.0,http://books.com.bd/28921
Adho Alo Adho Adhar আধো আলো আধো আঁধার,অমর রায়,100.0,http://books.com.bd/707
Akasher Opare Akash [Agme Prk] আকাশের ওপারে আকাশ,তাসরীনা শিখা,250.0,http://books.com.bd/28920
Adibashi Kobita Songgroho আদিবাসী কবিতাসংগ্রহ,হাফিজ রশীদ খান,200.0,http://books.com.bd/28919
Akash Puran আকাশ পুরাণ,তারিক সুজাত,100.0,http://books.com.bd/28918
Ami And Ami আমি এবং আমি,মুহম্মদ মুহিউদ্দিন,100.0,http://books.com.bd/28917
He Andho Joler Raza হে অন্ধ জলের রাজা,আসাদ মান্নান,140.0,http://books.com.bd/28916
Khoy Purush ক্ষয় পুরুষ,শাহজাহান কবীর,60.0,http://books.com.bd/28915
Redoye Roktokhoron হৃদয়ে রক্তক্ষরণ,ডি. এম. ফিরোজ শাহ,100.0,http://books.com.bd/28914
Hridoy Bidarok হৃদয় বিদারক,আশরাফ আহমেদ,250.0,http://books.com.bd/28913
Mritir Karnishe স্মৃতির কার্ণিশে,শামস মনোয়ার,125.0,http://books.com.bd/28912
Shakhana Amar Dhupshaya Din সেখানে আমার ধুপছায়া দিন,জাহান আরা,80.0,http://books.com.bd/28911
Sei Aak Jhare সেই এক ঝড়ে,শিহাব সরকার,90.0,http://books.com.bd/28910
Sugondhi Moyur Lo সুগন্ধ ময়ূর লো,হাবীবুল্লাহ সিরাজী,50.0,http://books.com.bd/28909
Sanai [Agme Prk] সানাই,মোর্শেদা জামান লিজি,250.0,http://books.com.bd/28908
Shamvrom Hanir Agey O Porey সম্ভবহানির আগে ও পরে,বিশ্বজিৎ চৌধুরী,70.0,http://books.com.bd/28907
Songshot Betorko সংসদ বিতর্ক,সৈয়দা সাজেদা চৌধুরী,200.0,http://books.com.bd/28906
Shat Doshoker Cchorasomoggro ষাট দশকের ছড়াসমগ্র,আবু সালেহ,300.0,http://books.com.bd/28905
Shrestho Cina Kobita শ্রেষ্ঠ চীনা কবিতা,ফয়েজ আহ্‌মদ,200.0,http://books.com.bd/28904
Shaser Bilash শেষের বিলাস,প্রদ্যোত কুমার সেন,80.0,http://books.com.bd/28903
Shiekh Hafizur Rahmaner Kabitha শেখ হাফিজুর রহমানের কবিতা,অনুপম হাসান,400.0,http://books.com.bd/28902
Shucita শুচিতা,হাসনাত আবদুল হাই,125.0,http://books.com.bd/24327
Shokunera Valo Ache শকুনেরা ভালো আছে,হাসানআল আবদুল্লাহ্,45.0,http://books.com.bd/28901
Shoharer Jhal Rang শহরের জল রং,শামস মনোয়ার,125.0,http://books.com.bd/28900
Lag Valki Lag লাগ ভেল্কি লাগ,এনায়েত কবীর,200.0,http://books.com.bd/28899
Rajnoitik Chhanda-Ras রাজনৈতিক ছন্দ-রস,এ্যাডভোকেট বারেক সিকদার,300.0,http://books.com.bd/28898
Rajnoitik Kolam [GAC] রাজনৈতিক কলাম,গোলাম আকবর চৌধুরী,225.0,http://books.com.bd/28897
Dhaka Smriti Bismritir Nogori -1 ঢাকা স্মৃতি বিস্মৃতির নগরী,মুনতাসীর মামুন,550.0,http://books.com.bd/11088
Na Manush [HAF] না মানুষ,হাফিজ আল ফারুকী,90.0,http://books.com.bd/10659
Porir Boyosh Charsho Bochor পরির বয়র চারশো বছর,ইমদাদুল হক মিলন,200.0,http://books.com.bd/10558
Putuler Moto Meye পুতুলের মতো মেয়ে,প্রণব ভট্ট,125.0,http://books.com.bd/11006
Bodle Jan Ekhoni বদলে যান এখনই,তারিক হক,225.0,http://books.com.bd/9726
"Bolechi, Bolchi, Bolbo বলেছি বলছি বলব",শাহ্‌ মোয়াজ্জেম হোসেন,650.0,http://books.com.bd/3145
Se Fire Ashte Cheyechilo সে ফিরে আসতে চেয়েছিলো,ফিরোজ আশরাফ,130.0,http://books.com.bd/10167
Abeg আবেগ,অরুণ চৌধুরী,40.0,http://books.com.bd/11218
Uttap উত্তাপ,অরুণ চৌধুরী,50.0,http://books.com.bd/11217
Unish Shotoke Bangladesher Shongbad Samoyik Potro -12 Part উনিশ শতকে বাংলাদেশের সংবাদ-সাময়িকপত্র -১২,মুনতাসীর মামুন,200.0,http://books.com.bd/10826
Ek Chilte Roddur এক চিলতে রোদ্দুর,আবুল বাশার বুলবুল,100.0,http://books.com.bd/10863
Gonomaddhome Bangladesher Muktijuddho -14 Part গণমাধ্যমে বাংলাদেশের মুক্তিযুদ্ধ -১৪,মুনতাসীর মামুন,700.0,http://books.com.bd/9985
Gonomaddhome Bangladesher Muktijuddho -17Part গণমাধ্যমে বাংলাদেশের মুক্তিযুদ্ধ -১৭,মুনতাসীর মামুন,600.0,http://books.com.bd/9988
Gonomaddhome Bangladesher Muktijuddho-7 Part গণমাধ্যমে বাংলাদেশের মুক্তিযুদ্ধ -৭ম খন্ড,মুনতাসীর মামুন,450.0,http://books.com.bd/9996
Gonomaddhome Bangladesher Muktijuddho -8 Part গণমাধ্যমে বাংলাদেশের মুক্তিযুদ্ধ-৮,মুনতাসীর মামুন,500.0,http://books.com.bd/10844
Gonomaddhome Bangladesher Muktijuddho -3Part গণমাধ্যমে বাংলাদেশের মুক্তিযুদ্ধ-৩,হাসিনা আহমেদ,800.0,http://books.com.bd/12627
Proshashoner Ondormohol: Bangladesh প্রশাসনের অন্দরমহল : বাংলাদেশ,মুনতাসীর মামুন,400.0,http://books.com.bd/10729
Bashonakushum বাসনাকুসুম,ইশরাত জাহান উর্মি,125.0,http://books.com.bd/9896
Muktijuddher Golposhomogro [RK] মুক্তিযুদ্ধের গল্পসমগ্র,রাবেয়া খাতুন,300.0,http://books.com.bd/11259
Smritir Jotirmoy Aloy Jader Dekhechi স্মৃতির জ্যোতির্ময় আলোয় যাঁদের দেখেছি,রাবেয়া খাতুন,150.0,http://books.com.bd/10993
Jameneer Japit Jibon যামিনীর যাপিত জীবন,মুহম্মদ মুহিউদ্দিন,200.0,http://books.com.bd/28896
Megher Velay Vese মেঘের ভেলায় ভেসে,তাসরীনা শিখা,225.0,http://books.com.bd/28895
Mago Tor Choron Tole মাগো তোর চরণ তলে,আনোয়ারা খানম,125.0,http://books.com.bd/24263
Mosrin Krisno Golap মসৃণ কৃষ্ণ গোলাপ,আবু জাফর ওবায়দুল্লাহ,50.0,http://books.com.bd/28894
Monolog মনোলগ,শামস আল মমীন,150.0,http://books.com.bd/28893
Bihongo Uriye Dau বিহঙ্গ উড়িয়ে দাও,আহমেদ শরীফ শুভ,80.0,http://books.com.bd/28892
Bish Bochorer Ful বিশ বছরের ফুল,আবু সাঈদ শাহিন,60.0,http://books.com.bd/28891
Ive luge Love Story আইভি লিগ লাভ স্টোরি,রাশীদুল বারী,100.0,http://books.com.bd/28890
Biplober Istahar বিপ্লবের ইস্তেহার,রাশীদুল বারী,65.0,http://books.com.bd/28889
Bidut Abiskarer Itikatha বিদ্যুৎ আবিস্কারের ইতিকথা,মাহমূদ সাইয়েদ,200.0,http://books.com.bd/28888
Bikele Akjon বিকেলে একজন,হাসনাত আবদুল হাই,200.0,http://books.com.bd/28887
Bagdebi Amar Dorojey বাগদেবী আমার দরজায়,তুষার কবির,70.0,http://books.com.bd/28886
Bangladesher Kabitar Kabi বাংলাদেশের কবিতার কবি,ড. ইয়াসমিন আরা লেখা,250.0,http://books.com.bd/28885
Bangladesher Udsob O Mela : Brihotor Khulna Zela বাংলাদেশের উৎসব ও মেলা : বৃহত্তর খুলনা জেলা,ড. শেখ গাউস মিয়া,1000.0,http://books.com.bd/28884
Bangladesher Etihas Pothon Pathon বাংলাদেশে ইতিহাস পঠন পাঠন,ড. মমতাজউদ্দীন পাটোয়ারী,70.0,http://books.com.bd/28883
Valobasar Boyas Nei ভালোবাসার বয়স নেই,শিউলী খন্দকার,200.0,http://books.com.bd/26356
The Time Machine দ্য টাইম মেশিন,ইশতিয়াক আহমেদ,120.0,http://books.com.bd/15173
Ditio Jibon [Kakoli Prk] দ্বিতীয় জীবন,আনিসুল হক,100.0,http://books.com.bd/24597
Nari : Adhikar O Ain নারী : অধিকার ও আইন,সা'দ উল্লাহ,250.0,http://books.com.bd/7378
Kosto[MAJ] কষ্ট,এম এ জলিল,200.0,http://books.com.bd/24930
Sombrom Samachar সম্ভ্রম সমাচার,শুক্লা পঞ্চমী,275.0,http://books.com.bd/24910
Liberation War & Bangladesh : Testimony of A soldier টেস্টিমোনি অভ এ সোলডার,ব্রিগেডিয়ার শামসুদ্দিন আহমেদ,600.0,http://books.com.bd/28166
Magura Gura Gura মাগুরা গুঁড়া গুঁড়া,ফরিদুর রেজা সাগর,75.0,http://books.com.bd/24862
Shrestho Adhunik Ganer Shorolipi শ্রেষ্ঠ আধুনিক গানের স্বরলিপি,শঙ্কর রায়,150.0,http://books.com.bd/24673
Shershtho Deshattobodhok Ganer Swaralipi শ্রেষ্ঠ দেশাত্মবোধক গানের স্বরলিপি,শঙ্কর রায়,150.0,http://books.com.bd/24674
Srestho Robindroshongeet Sworolipi শ্রেষ্ঠ রবীন্দ্র সঙ্গীত স্বরলিপি,শঙ্কর রায়,100.0,http://books.com.bd/24677
Boni Adam [Somoy Prk] বণী আদম,শওকত ওসমান,150.0,http://books.com.bd/7327
Math Magic [Spomoy Prk] ম্যাথ ম্যাজিক,আবুল বাসার,300.0,http://books.com.bd/7340
"Pi,e O Onnanno Mojar Shongkha পাই ও অন্যান্য মজার সংখ্যা",আবুল বাসার,200.0,http://books.com.bd/7343
Super Power Memory সুপার পাওয়ার মেমোরি,আবুল বাসার,200.0,http://books.com.bd/7348
Rabindro-Bhabna রবীন্দ্র-ভাবনা,আহমদ শরীফ,60.0,http://books.com.bd/7356
Moddhojuger Kaboo-Shongroho মধ্যযুগের কাব্য-সংগ্রহ,আহমদ শরীফ,200.0,http://books.com.bd/7358
Kotha-shahitto Showkat Osman কথা-সাহিত্য শওকত ওসমান,বুলবন ওসমান,100.0,http://books.com.bd/7360
Bidyashagor Rochonasangroho বিদ্যাসাগর রচনাসংগ্রহ,আনিসুজ্জামান,400.0,http://books.com.bd/7361
Anukabboshomogro অণুকাব্যসমগ্র,দন্ত্যস রওশন,150.0,http://books.com.bd/7172
Kishor Uponnashshomogro-3[AI] কিশোর উপন্যাসসমগ্র-৩,আলী ইমাম,250.0,http://books.com.bd/7213
Kishorshomogro-1[FRS] কিশোরসমগ্র-১,ফরিদুর রেজা সাগর,300.0,http://books.com.bd/7214
Bhushorgo Switzerland ভূস্বর্গ সুইজারল্যান্ড,রাবেয়া খাতুন,125.0,http://books.com.bd/7221
Oraurir Din-Vol 2 ওড়াউড়ির দিন (২য় খন্ড),আবদুল্লাহ আবু সায়ীদ,250.0,http://books.com.bd/7009
Teerthojatri Tinjon Tarkik তীর্থযাত্রী তিনজন তার্কিক,মুহাম্মাদ হুমায়ুন কবির,175.0,http://books.com.bd/7016
Augaster Ekrat আগস্টের একরাত,সেলিনা হোসেন,350.0,http://books.com.bd/7049
Shondeho [Sommoy Prk] সন্দেহ,আনোয়ারা সৈয়দ হক,250.0,http://books.com.bd/7254
Ekushe February Shokol Bhashay Kotha Koy একুশে ফেব্রুয়ারি সকল ভাষার কথা কয়,মুহাম্মদ হাবিবুর রহমান,60.0,http://books.com.bd/7466
Bangladesh: Bangali Monos Rashtrogothon O Adhunikota বাংলাদেশ বাঙ্গালী মানস রাষ্ট্রগঠন ও আধুনিকতা,মুনতাসীর মামুন,100.0,http://books.com.bd/7620
Jot Shorkarer Shesh Bochor জোট সরকারের শেষ বছর,ড. মহিউদ্দীন খান আলমগীর,150.0,http://books.com.bd/7619
Uponnashshomogro-3 [AM] উপন্যাসসমগ্র-৩,আল মাহমুদ,250.0,http://books.com.bd/7184
Poriti Unish Din Chilo [Anannya] পরিটি উনিশ দিন ছিল,ইমদাদুল হক মিলন,50.0,http://books.com.bd/11400
Shadhinota ‘71 [Anannya] স্বাধীনতা '৭১,কাদের সিদ্দিকী,700.0,http://books.com.bd/11146
Valentine E Ekti Golap ভ্যালেন্তাইনে একটি গোলাপ,মাহবুব উল হক,50.0,http://books.com.bd/10344
In Evil Hour ইন ইভল আউয়ার,সাঈদ হাসান দারা,225.0,http://books.com.bd/7149
Cholochitrer Chalchitro [Somoy Prk] চলচ্চিত্রের চালচিত্র,নূহ-উল-আলম লেনিন,440.0,http://books.com.bd/24371
Kishoresomogro-12 [FRS] কিশোরসমগ্র- ১২,ফরিদুর রেজা সাগর,500.0,http://books.com.bd/24369
"O Brikhho O Nishorgo ও বৃক্ষ, ও নিসর্গ",বিপ্রদাশ বড়ুয়া,125.0,http://books.com.bd/7725
Nirbachito Rochonaboli-1 [S kb] নির্বাচিত রচনাবলী-১,শাহরিয়ার কবির,250.0,http://books.com.bd/7720
Pakhir Bhubon পাখির ভুবন,বিপ্রদাশ বড়ুয়া,125.0,http://books.com.bd/7726
Patajhuriyai S. O.S পাতাঝুরিয়ায় এস. ও. এস,ফরিদুর রেজা সাগর,75.0,http://books.com.bd/26194
Probondhoshomogro [Rth] প্রবন্ধসমগ্র,রবীন্দ্রনাথ ঠাকুর,750.0,http://books.com.bd/7722
Bahadur Piprhe বাহাদুর পিঁপড়ে,ধ্রুব এষ,80.0,http://books.com.bd/26198
Rochonashomogro -1 [NI] রচনাসমগ্র-১,নীলিমা ইব্রাহিম,350.0,http://books.com.bd/7718
Rochonaboli -1 [S sen] রচনাবলী,সত্যেন সেন,600.0,http://books.com.bd/7719
Potro O Prempotro পত্র ও প্রেমপত্র,শামসুর রহমান,250.0,http://books.com.bd/7144
Shona Ache Jana Nei শোনা আছে জানা নেই,ইফফাত আরা,40.0,http://books.com.bd/7746
Science Magic সায়েন্স ম্যাজিক,সুজন হায়দার,70.0,http://books.com.bd/7748
Amar Baba আমার বাবা শহীদ বুদ্ধিজীবীর সন্তানদের স্মৃতিকথা,আমীরুল ইসলাম,50.0,http://books.com.bd/26199
Kishorshomogro-1 [S Osman] কিশোরসমগ্র-১,শওকত ওসমান,200.0,http://books.com.bd/7842
Kishorshomogro-2 [K Ch] কিশোরসমগ্র-২,কাইজার চৌধুরী,250.0,http://books.com.bd/7334
Kishorshomogro-2 [S Osman] কিশোরসমগ্র-২,শওকত ওসমান,200.0,http://books.com.bd/7843
Kishorshomogro [AM] কিশোরসমগ্র,আল মাহমুদ,300.0,http://books.com.bd/7844
Kishorshomogro-1 [S kabir] কিশোরসমগ্র-১,শাহরিয়ার কবির,500.0,http://books.com.bd/7848
Kishorshomogro-2 [S kabir] কিশোরসমগ্র-২,শাহরিয়ার কবির,500.0,http://books.com.bd/7849
Kishorshomogro-4 [S kabir] কিশোরসমগ্র-৪,শাহরিয়ার কবির,400.0,http://books.com.bd/7851
Gangchil Deeper Bibhishika গাঙচিল দ্বীপের বিভীষিকা,আলী ইমাম,60.0,http://books.com.bd/7807
Dekhi R Suni দেখি আর শুনি,ধ্রুব এষ,80.0,http://books.com.bd/26202
Bishhonobi Hazrat Muhammad (Sm) বিশ্বনবী হযরত মুহম্মদ (সা.),আবদুল মান্নান সৈয়দ,60.0,http://books.com.bd/7777
Mojar Mojar Onkogulo মজার মজার অংকগুলো,ড. আশরাফ সিদ্দিকী,60.0,http://books.com.bd/7781
Hadiser Bani হাদীসের বাণী,আবুল ফজল,25.0,http://books.com.bd/7776
Kishorshomogro-10 [FRS] কিশোরসমগ্র-১০,ফরিদুর রেজা সাগর,350.0,http://books.com.bd/7101
O Bandhu Kazolvomra ও বন্ধু কাজলভোমরা,আনিসুল হক,160.0,http://books.com.bd/27342
Tratina ত্রাতিনা,মুহম্মদ জাফর ইকবাল,260.0,http://books.com.bd/27346
Doi Soinik [Somoy Prk] দুই সৈনিক,শওকত ওসমান,100.0,http://books.com.bd/27349
Mitru [Somoy Prk] মৃত্যু,ফাহমিদা ফারুক,150.0,http://books.com.bd/27357
Mritu [Oitijjhya] মৃত্যু,এ. এন. এম নূরুল হক,480.0,http://books.com.bd/3246
Rajakarer Mon [Somoy Prk] রাজাকারের মন,মুনতাসীর মামুন,550.0,http://books.com.bd/24401
Rupkothar Bhindeshi রুপকথারা ভিনদেশি,হাসান হাফিজ,150.0,http://books.com.bd/24403
Soronarthi '71 শরনার্থী '৭১,সুখেন্দু সেন,350.0,http://books.com.bd/24406
Sustho Thakar Sohoj upay [Somoy Prk] সুস্থ থাকার সহজ উপায়,ডা. শাহনেওয়াজ চৌধুরী,200.0,http://books.com.bd/24411
"Shabas Bangladesh সাবাশ বাংলাদেশ ক্রিকেট, জাতীয়তাবাদ, সংস্কৃতি",কৌশিক বন্দ্যোপাধ্যায়,275.0,http://books.com.bd/24409
Matra মাত্রা,ধ্রুব এষ,100.0,http://books.com.bd/24410
Streas স্ট্রেস,ডা. সানজিদা শাহরিয়া,200.0,http://books.com.bd/24413
Half Circle হাফ সার্কেল,সুমন্ত আসলাম,180.0,http://books.com.bd/24415
Bangladesh Documents 1971 (part-1) বাংলাদেশ ডকুমেন্টস ১৯৭১ (১ম খন্ড),এ.এস.এম সামছুল আরেফিন,6000.0,http://books.com.bd/24421
Bangladesh Documents 1971 (part-2) বাংলাদেশ ডকুমেন্টস ১৯৭১ (২য় খন্ড),এ.এস.এম সামছুল আরেফিন,6000.0,http://books.com.bd/24422
Bangladesh Documents 1971 (3-part) বাংলাদেশ ডকুমেন্টস ১৯৭১ (৩য় খন্ড),এ.এস.এম সামছুল আরেফিন,6000.0,http://books.com.bd/24423
Bangladesh Documents 1971 (4part) বাংলাদেশ ডকুমেন্টস ১৯৭১ (৪র্থ খন্ড),এ.এস.এম সামছুল আরেফিন,6000.0,http://books.com.bd/24424
Opraptoboyoskota অপ্রাপ্তবয়স্কা,অনুপম দেবাশীষ রায়,125.0,http://books.com.bd/24426
Arunachale Rupkatha অরুণাচলের রুপকথা,রতন কর্মকার,150.0,http://books.com.bd/24427
"Ekattur, Jekhan Theke Shuru একাত্তর, যেখান থেকে শুরু",হাসান ফেরদাউস,300.0,http://books.com.bd/24428
Kishoresomogro-11 [FRS] কিশোরসমগ্র-১১,ফরিদুর রেজা সাগর,300.0,http://books.com.bd/24440
Jononetry Momota Benarjie জননেত্রী মমতা ব্যানার্জী,সঙ্ঘমিত্রা সাহা,700.0,http://books.com.bd/24449
Bangladesh Awami League : Sonkhipto Etihash O Nirbachito Dolil -2nd part বাংলাদেশ আওয়ামী লীগ সংক্ষিপ্ত ইতিহাস ও নির্বাচিত দলিল (দ্বিতীয় খন্ড),নূহ-উল-আলম লেনিন,2500.0,http://books.com.bd/24389
Bangladesh Awami League : Sonkhipto Etihash o Nirbachito Dolil বাংলাদেশ আওয়ামী লীগ সংক্ষিপ্ত ইতিহাস ও নির্বাচিত দলিল,নূহ-উল-আলম লেনিন,2000.0,http://books.com.bd/24458
Bimurta Bosanta বিমূর্ত বসন্ত,মাসুমা সিদ্দিকী,200.0,http://books.com.bd/24460
"Mark Twain : Jar, Rus Biolob O Maxim Gorki মার্ক টোয়েন : জার,রুশ বিপ্লব ও মাক্সিম গোর্কি",মনজুর শামস,225.0,http://books.com.bd/24462
Shoid Pulicer Rokter Reen শহিদ পুলিশের রক্তের ঋণ,আবিদা সুলতানা,200.0,http://books.com.bd/24468
Kobitasonggrah[IG] কবিতাসংগ্রহ,ঈশ্বরচন্দ্র গুপ্ত,250.0,http://books.com.bd/24471
Bongobondhu O Bangladsh Part-2 বঙ্গবন্ধু ও বাংলাদেশ (দ্বিতীয় খন্ড),মুনতাসীর মামুন,1200.0,http://books.com.bd/24486
Bongobondhu O Bangladsh Part-1 বঙ্গবন্ধু ও বাংলাদেশ (প্রথম খন্ড),মুনতাসীর মামুন,1200.0,http://books.com.bd/24487
Bangladesher Jalani Nirapatta বাংলাদেশের জ্বালানি নিরাপত্তা,তুষার আব্দুল্লাহ,140.0,http://books.com.bd/24488
Bichitra'r Nirbachito Kobita বিচিত্রা'র নির্বাচিত কবিতা,মাহবুব রেজা,425.0,http://books.com.bd/24491
Bichitra'r Nirbachito Golpo বিচিত্রা'র নির্বাচিত গল্প,মাহবুব রেজা,600.0,http://books.com.bd/24496
Unish Sotoke Purbobonger Mudron-O-prokashona উনিশ শতকে পূর্ববঙ্গের মুদ্রণ ও প্রকাশনা,মুনতাসীর মামুন,800.0,http://books.com.bd/24519
Unish Sotoke Purbobonger Mudron-O-prokashona (1847-1900) উনিশ শতকে পূর্ববঙ্গের মুদ্রণ ও প্রকাশনা (১৮৪৭-১৯০০),মুনতাসীর মামুন,600.0,http://books.com.bd/24520
Gender O Unnoyonkosh Vol-1 জেন্ডার ও উন্নয়ন কোষ (১খন্ড),সেলিনা হোসেন,1000.0,http://books.com.bd/7581
Gender O Unnoyonkosh Vol-2 জেন্ডার ও উন্নয়ন কোষ (২ খন্ড),সেলিনা হোসেন,1000.0,http://books.com.bd/7295
Notes From Kazan নোটস ফ্রম কাজান,শাহরিয়ার কবির,200.0,http://books.com.bd/7128
Kalratri Khandachitra কালরাত্রি খণ্ডচিত্র,শওকত ওসমান,60.0,http://books.com.bd/24620
Frankenstein ফ্র্যাঙ্কেনস্টাইন,কবীর চৌধুরী,100.0,http://books.com.bd/24627
Gawotry Sondha গায়ত্রী সন্ধ্যা,সেলিনা হোসেন,750.0,http://books.com.bd/24651
Puttra [Somoy Prk] পুত্র,সেলিম আল দীন,80.0,http://books.com.bd/24657
PrioDorShini [Somoy Prk] প্রিয়দর্শিনী,প্রণব ভট্ট,130.0,http://books.com.bd/24659
Tratuler Jagat ত্রাতুলের জগৎ,মুহম্মদ জাফর ইকবাল,140.0,http://books.com.bd/24711
J-Noder Jatri জি-নোডের যাত্রী,জাকারিয়া স্বপন,150.0,http://books.com.bd/24712
Sreshtho Golpo [HA] শ্রেষ্ঠ গল্প,হুমায়ূন আহমেদ,500.0,http://books.com.bd/24736
Kabbosomogro[AHMK] কাব্যসমগ্র,আবু হেনা মোস্তফা কামাল,150.0,http://books.com.bd/24897
Kabbosomogro[HHR] কাব্যসমগ্র,হাসান হাফিজুর রহমান,250.0,http://books.com.bd/24898
Aloi Nachon Patai Patai [Chandrabati Acdy] আলোর নাচন পাতায় পাতায়,আলী ইমাম,300.0,http://books.com.bd/25874
Amar Akash Neele আমার আকাশ নীলে,ফারজানা উর্মি,135.0,http://books.com.bd/7871
Jhilimili Dana ঝিলিমিলি ডানা,মাধুর্য খান,125.0,http://books.com.bd/7878
Sokolei Bhut Noy Keu Keu Bhut সকলেই ভূত নয় কেউ কেউ ভূত,ধ্রুব এষ,125.0,http://books.com.bd/7887
"Fire Esho, Sundoritoma ফিরে এসো, সুন্দরীতমা",আনিসুল হক,100.0,http://books.com.bd/7892
Sobkichu Bhege Chure Jay সবকিছু ভেঙে-চুরে যায়,কবীর চৌধুরী,250.0,http://books.com.bd/7898
Rodonruposhi [Somoy Prk] রোদনরূপসী,আবদুল্লাহ আবু সায়ীদ,125.0,http://books.com.bd/7902
Shirsho 15 Paki Juddhaporadhi শীর্ষ ১৫ পাকি যুদ্ধাপরাধী,ডা. এম এ হাসান,275.0,http://books.com.bd/7909
Koi Hai? কোই হ্যায়?,মুনতাসীর মামুন,600.0,http://books.com.bd/7913
Beyond Land and Time বিয়ন্ড ল্যান্ড এন্ড টাইম,ফয়জুল লতিফ চৌধুরী,300.0,http://books.com.bd/7920
Shishu-Niramoy শিশু-নিরাময়,ডা. প্রণব কুমার চৌধুরী,250.0,http://books.com.bd/7922
Uponnashshomogro [NE] উপন্যাসসমগ্র,নীলিমা ইব্রাহিম,500.0,http://books.com.bd/7924
Ward Number 6 ওয়ার্ড নম্বর ৬,মনজুর শামস,100.0,http://books.com.bd/7942
"Nondini, Tumi Kothay! নন্দিনী, তুমি কোথায়!",মোস্তফা কামাল,150.0,http://books.com.bd/7944
Trish Lokkho Shahid : Bahullo Naki Bastobota ত্রিশ লক্ষ শহিদ : বাহুল্য নাকি বাস্তবতা,আরিফ রহমান,325.0,http://books.com.bd/24361
Charlie And The Chocolate Factory চার্লি অ্যান্ড দ্য চকোলেট ফ্যাক্টরি,রোয়াল্ড ডাল,200.0,http://books.com.bd/24372
Nam Diye Jay Chena নাম দিয়ে যায় চেনা,আলম তালুকদার,100.0,http://books.com.bd/7342
Chader Burir Boyosh Jokhon Sholo চাঁদের বুড়ির বয়স যখন ষোলো,মারজুক রাসেল,40.0,http://books.com.bd/7678
Kaloder Shathe Shadader Dheshe কালোদের সাথে শাদাদের দেশে,মিতালী হোসেন,120.0,http://books.com.bd/7689
Bohe Joboboti Dhara-1 বহে জলবতী ধারা-১,আবদুল্লাহ আবু সায়ীদ,300.0,http://books.com.bd/7690
Iccamatir Shonali-Rupali ইচ্ছামতির সোনালি-রুপালি,আবু হেনা মোস্তফা কামাল,60.0,http://books.com.bd/7694
"Dui Bhuboner Dui Shilpi : Jibonkotha Kolim Sorafi, Mustopa Monowar দুই ভুবনের দুই শিল্পী : জীবনকথা কলিম শরাফী, মুস্তফা মনোয়ার",মারুফ রায়হান,80.0,http://books.com.bd/7697
Jibon Joyi Hobe জীবন জয়ী হবে : সরদার ফজলুল করিমের সাথে কথোপকথন,শান্তনু মজুমদার,75.0,http://books.com.bd/7696
Bigyanshomogro -1 [JH] বিজ্ঞানসমগ্র-১,জহুরুল হক,500.0,http://books.com.bd/7724
Bangladesher Mach [Somoy Prk] বাংলাদেশের মাছ,মোকারম হোসেন,100.0,http://books.com.bd/7730
Manush O Mohabissho [Somoy Prk] মানুষ ও মহাবিশ্ব,শিশিরকুমার ভট্টাচার্য,275.0,http://books.com.bd/7735
Porir Meye Meghoboti পরীর মেয়ে মেঘবতী,হুমায়ূন আহমেদ,100.0,http://books.com.bd/7763
Bhayer Hate Hat ভায়ের হাতে হাত,বুলবন ওসমান,75.0,http://books.com.bd/7786
Khatimander Morodeho Ebong Ek Dojon Mojar Bishoy খ্যাতিমানদের মরদেহ এবং এক ডজন মজার বিষয়,ড .মাহফুজ পারভেজ,250.0,http://books.com.bd/2450
Ditiyo Jonmer Por দ্বিতীয় জন্মের পর,সুমন্ত আসলাম,100.0,http://books.com.bd/7452
Bangladesher Muktijuddhe Markin Bhumikar Gopon Dalil বাংলাদেশের মুক্তিযুদ্ধে মার্কিন ভূমিকার গোপন দলিল,আসিফ রশীদ,100.0,http://books.com.bd/7510
Borendro Onchole Muslim Itihash-Oitijjo বরেন্দ্র অঞ্চলে মুসলিম ইতিহাস-ঐতিহ্য,ড. এ কে এম ইয়াকুব আলী,200.0,http://books.com.bd/7517
Modhojuger Shahitte Shomaj O Shongskritir Roop [Somoy Prk] মধ্যযুগের সাহিত্যে সমাজ ও সংস্কৃতির রূপ,আহমদ শরীফ,200.0,http://books.com.bd/7524
Madhojuger Sahitto Somaz O Sangskriti Rup [Agme Prk] মধ্যযুগের সাহিত্যে সমাজ ও সংস্কৃতির রূপ,আহমদ শরীফ,350.0,http://books.com.bd/28546
Nirbachito Premer Uponnash [KBAB] নির্বাচিত প্রেমের উপন্যাস,কাসেম বিন আবুবাকার,250.0,http://books.com.bd/7538
She Tomar Koto Dour সে তোমার কতো দূউর,মানিক চৌধুরী,40.0,http://books.com.bd/7541
Fobiyaner Zatri ফোবিয়ানের যাত্রী,মুহম্মদ জাফর ইকবাল,150.0,http://books.com.bd/7552
Neta J Rate Nihoto Holen [Katha Prk] নেতা যে রাতে নিহত হলেন,ইমদাদুল হক মিলন,250.0,http://books.com.bd/27296
Kismot Alir Matha Gorom কিসমত আলীর মাথা গরম,জামাল রেজা,120.0,http://books.com.bd/7586
Rilke: Noishobde O Nisshongotay রিলকে : নৈঃশব্দ্যে ও নিঃসঙ্গতায়,জাহানারা পারভীন,175.0,http://books.com.bd/7588
Hance Andersoner Khoje হান্স আন্ডেরসেনের খোঁজে,মুনতাসীর মামুন,100.0,http://books.com.bd/7590
Kokhono Sokhono Kobita Rajneetir Kotha Koy কখনো-সখনো কবিতা রাজনীতির কথা কয়,মুহাম্মদ হাবিবুর রহমান,125.0,http://books.com.bd/7596
Ekattorer Diary [BR] একাত্তরের ডায়েরি,সরদার জহুরুল আনোয়ার,80.0,http://books.com.bd/7598
Oditir Dairy অদিতির ডায়েরি,তাসলিমা জামান পান্না,100.0,http://books.com.bd/7608
Novo Noukar Malla নভো নৌকার মাল্লা,আবু কায়সার,75.0,http://books.com.bd/7611
Muktijuddho Muktir Joy মুক্তিযুদ্ধ মুক্তির জয়,সুফিয়া কামাল,100.0,http://books.com.bd/7491
Durdiner Dinlipi দূর্দিনের দিনলিপি,আবুল ফজল,100.0,http://books.com.bd/7492
Kotha O Kobita কথা ও কবিতা,আবু হেনা মোস্তফা কামাল,150.0,http://books.com.bd/7528
Uttorporb Mujibnogor উত্তরপর্ব মুজিবনগর,শওকত ওসমান,800.0,http://books.com.bd/7615
Pata Orar Drishho পাতা ওড়ার দৃশ্য,ধ্রুব এষ,60.0,http://books.com.bd/7536
Shundor Barir Shohoj Prokoushol সুন্দর বাড়ীর সহজ প্রকৌশল,প্রকৌশলী লেঃ কর্ণেল মোঃ আবদুল কাদির,600.0,http://books.com.bd/7367
Ekushe Februari [Anupam Prk] একুশে ফেব্রুয়ারী,জহির রায়হান,75.0,http://books.com.bd/17069
Ekushe February [Somoy Prk] একুশে ফেব্রুয়ারী,হাসান হাফিজুর রহমান,100.0,http://books.com.bd/7368
Oprokashito-Ogronthito Jibonanondo Dash অপ্রকাশিত-অগ্রন্থিত জীবনানন্দ দাশ,সমরেন্দ্র সেনগুপ্ত,250.0,http://books.com.bd/7369
"Jibonanondo: Tulonay Shomporke জীবনানন্দ : তুলনায়, সম্পর্কে",ফয়জুল লতিফ চৌধুরী,75.0,http://books.com.bd/7370
Pakistani Juddhoporadh 191 Jon পাকিস্তানি যুদ্ধাপরাধী ১৯১ জন,ডা. এম এ হাসান,225.0,http://books.com.bd/7617
Rahnama Part-2 রাহনামা-২,শওকত ওসমান,350.0,http://books.com.bd/7626
Abdul Haque : Smriti Shonchoy-1 আবদুল হক : স্মৃতি সঞ্চয়,সৈয়দ আজিজুল হক,175.0,http://books.com.bd/7372
Araz Ali Matubbar : Shotobarshe Fire Dekha আরজ আলি মাতুব্বর : শতবর্ষে ফিরে দেখা,আইয়ুব হোসেন,250.0,http://books.com.bd/7374
Tora Shob Joyddhoni Kor তোরা সব জয়ধ্বনি কর,আবদুল মান্নান সৈয়দ,300.0,http://books.com.bd/7375
Oporadh Shutrer Shondhane অপরাধ সূত্রের সন্ধানে,সুপন রায়,100.0,http://books.com.bd/7380
Bangladesher Utshob [Somoy Prk] বাংলাদেশের উৎসব,মুনতাসীর মামুন,200.0,http://books.com.bd/7383
Kafkar Nirbachito Golpo কাফকার নির্বাচিত গল্প,কবীর চৌধুরী,150.0,http://books.com.bd/7393
Prem O Kolera প্রেম ও কলেরা,কবীর চৌধুরী,400.0,http://books.com.bd/7394
The Dinner Party দি ডিনার পার্টি,কবীর চৌধুরী,150.0,http://books.com.bd/7396
Lola Grage Er Upakhyan লোলা গ্রেগ-এর উপাখ্যান,কবীর চৌধুরী,110.0,http://books.com.bd/7398
Sophia Lauren: Taar Apon Kotha সোফিয়া লোরেন : তাঁর আপন কথা,খায়রুল আলম সবুজ,250.0,http://books.com.bd/7399
Raiders Of The Last Ark রাইডার্স অভ দি লাস্ট আর্ক,মুনতাসীর মামুন,60.0,http://books.com.bd/7402
Aguner Dana আগুনের ডানা (উইংগস অফ ফায়ার অবলম্বনে),আসিফ রশীদ,80.0,http://books.com.bd/7403
The Vanquished Generales And Liberation War Of Bangladesh দি ব্যাংকীষেদ জেনেরালেস এন্ড দ্য লিবারেশন ওয়ার অফ বাংলাদেশ,মুনতাসীর মামুন,450.0,http://books.com.bd/7405
"Ei Megh, Roudrochaya এই মেঘ, রৌদ্রছায়া",হুমায়ূন আহমেদ,200.0,http://books.com.bd/7410
Ebong Himu... এবং হিমু...,হুমায়ূন আহমেদ,100.0,http://books.com.bd/7411
Srabonmegher Din শ্রাবনমেঘের দিন,হুমায়ূন আহমেদ,250.0,http://books.com.bd/7412
Jolpodmo জলপদ্ম,হুমায়ূন আহমেদ,120.0,http://books.com.bd/7416
Paradigm Shift প্যারাডাইম শিফট,আবেদ চৌধুরী,300.0,http://books.com.bd/7624
Amader Shada Bari আমাদের শাদা বাড়ি,হুমায়ূন আহমেদ,100.0,http://books.com.bd/7419
A Few Youths In The Moon এ ফিউ যৌথস ইন দ্য মুন,হুমায়ূন আহমেদ,100.0,http://books.com.bd/7421
Kew Katha Rakheni [Katha Prk] কেউ কথা রাখেনি,ইমদাদুল হক মিলন,300.0,http://books.com.bd/27266
Faad [AH] ফাঁদ,আনিসুল হক,125.0,http://books.com.bd/7439
"Bhalobasha, Ami Tomar Jonno Kandchi ভালবাসা, আমি তোমার জন্যে কাঁদছি",আনিসুল হক,125.0,http://books.com.bd/7440
Maa [AH] মা,আনিসুল হক,300.0,http://books.com.bd/7444
Bill Gates (The Greatest Enterprenure Of Software) বিল গেটস (দ্যা গ্রেটেস্ট এনট্র্যাপ্রেনার অব সফটওয়্যার),শরিফুল ইসলাম ভুঁইয়া,200.0,http://books.com.bd/7628
Goniter Shotoproshno গণিতের শতপ্রশ্ন,ড. মো. রাশেদ তালুকদার,100.0,http://books.com.bd/7635
Oscar Wielder Golposhomgreo অসকার ওয়াইল্ড গল্পসমগ্র,খসরু চৌধুরী,200.0,http://books.com.bd/7660
Shonirbachito Kobita [S kamal] স্বনির্বাচিত কবিতা,সুফিয়া কামাল,250.0,http://books.com.bd/7662
Nirbachito Kobita [AMS] নির্বাচিত কবিতা,আবদুল মান্নান সৈয়দ,320.0,http://books.com.bd/7665
Anondouddan অানন্দউদ্যান,নির্মলেন্দু গুণ,40.0,http://books.com.bd/7668
Tumi Chuye Jao Brishti Tobu তুমি ছুঁয়ে যাও বৃষ্টি তবু,সুমন্ত আসলাম,100.0,http://books.com.bd/7454
'71 Upakkhan '৭১ উপাখ্যান,সাঈদ হাসান দারা,125.0,http://books.com.bd/7459
Shorkar Shongbidhan O Odhikar সরকার সংবিধান ও অধিকার,মুহাম্মদ হাবিবুর রহমান,75.0,http://books.com.bd/7463
"Jago, Otho, Darao Bangladesh জাগো, ওঠো, দাঁড়াও বাংলাদেশ",মুহাম্মদ হাবিবুর রহমান,100.0,http://books.com.bd/7467
Chawa-Pawa O Na-Pawar Hisheb চাওয়া-পাওয়া ও না-পাওয়ার হিসেব,মুহাম্মদ হাবিবুর রহমান,150.0,http://books.com.bd/7468
Mohajagotik Alor Fire Dekha মহাজাগতিক আলোয় ফিরে দেখা,আসিফ,125.0,http://books.com.bd/7733
Jibon O Bigyan জীবন ও বিজ্ঞান,জহুরুল হক,90.0,http://books.com.bd/7738
Shishur Ittadi শিশুর ইত্যাদি,ডা. প্রণব কুমার চৌধুরী,40.0,http://books.com.bd/7758
Hridoyer Kacher Bishoy হৃদয়ের কাছের বিষয়,রাবেয়া খাতুন,50.0,http://books.com.bd/7766
Hashi Khushi Kolorob হাসি খুশি কলরব,যোগীন্দ্রনাথ সরকার,200.0,http://books.com.bd/7772
Jader Safolle Alokito Bangladesh যাদের সাফল্যে আলোকিত বাংলাদেশ,শুভ কিবরিয়া,400.0,http://books.com.bd/7869
Chora Company Private Limited ছড়া কোম্পানি প্রাইভেট লিমিটেড,লুৎফর রহমান রিটন,80.0,http://books.com.bd/7884
Mofoswale Tv Shangbadikota মফস্বলে টিভি সাংবাদিকতা,তুষার আব্দুল্লাহ,100.0,http://books.com.bd/7225
Misir Ali! Apni Kothay? মিসির আলি! আপনি কোথায়?,হুমায়ূন আহমেদ,150.0,http://books.com.bd/7246
Sreshthogolpo [SO] শ্রেষ্ঠগল্প,শওকত ওসমান,300.0,http://books.com.bd/7261
"Shilpo, Dhormo O Bigganer Shomatotto শিল্প, ধর্ম ও বিজ্ঞানের সমাজতত্ত্ব",বুলবন ওসমান,150.0,http://books.com.bd/7932
Ikaras ইকারাস,মুহম্মদ জাফর ইকবাল,225.0,http://books.com.bd/7267
Yasmin Dhorshon-Hotta-Bichar ইয়াসমিন ধর্ষণ-হত্যা-বিচার,মোঃ মুমিনুর রহমান,75.0,http://books.com.bd/7278
Nirbachito Colum [OK] নির্বাচিত কলাম,ওবায়দুল কাদের,250.0,http://books.com.bd/7279
Nondontotter Gorar Kotha নন্দনতত্ত্বের গোড়ার কথা,বুলবন ওসমান,250.0,http://books.com.bd/7282
Adhunik Poddhotite Mach Chash [Somoy Prk] আধুনিক পদ্ধতিতে মাছ চাষ,কাজী মাহবুবুল হক,150.0,http://books.com.bd/7285
Ekjon Adorsho Manush একজন আদর্শ মানুষ,জব্বার হোসেন,125.0,http://books.com.bd/7287
Dure Jawa Kache Pawar Golpo দূরে যাওয়া কাছে পাওয়ার গল্প,হারুন অর রশীদ,150.0,http://books.com.bd/7292
Manobtontri Abul Fazal : Shotobarshiki Smarokgrontho মানবতন্ত্রী আবুল ফজল : শতবার্ষিক স্মারকগ্রন্থ,আবুল মোমেন,750.0,http://books.com.bd/7294
Shongkhatotter Nana Kotha সংখ্যাতত্ত্বের নানা কথা,সি. স্ট্যানলি ওজিলভি,150.0,http://books.com.bd/7298
Shishur Jonno Poripurok Khabar শিশুদের জন্য পরিপূরক খাবার,ড. মো. আসিরুল হক,100.0,http://books.com.bd/7304
Hironmoy Dukkho Ebong Protidin Ekti Poppy হিরন্ময় দুঃখ এবং প্রতিদিন একটি পপি,রাবেয়া খাতুন,150.0,http://books.com.bd/7310
Oronner Agun Bhora Rate অরণ্যের আগুন-ভরা রাতে,নূহ-উল-আলম লেনিন,80.0,http://books.com.bd/7312
Goniter Moja Goniter Dhadha গণিতের মজা গণিতের ধাঁধাঁ,সুব্রত মজুমদার,125.0,http://books.com.bd/7314
Rup-Rupali রূপ-রূপালী,মুহম্মদ জাফর ইকবাল,250.0,http://books.com.bd/7316
Ontorongo Alap অন্তরঙ্গঁ আলাপ,আবদুল্লাহ আবু সায়ীদ,125.0,http://books.com.bd/7318
Zet Zete Moddhojug Ghure Dariyeche যেতে যেতে মধ্যযুগ ঘুরে দাঁড়িয়েছে,আসাদ চৌধুরী,90.0,http://books.com.bd/7320
Roktakto Usa [Somotot] রক্তাক্ত ঊষা,জিতেন ঘোষ,250.0,http://books.com.bd/25821
Kishor Muktijuddho Kosh কিশোর মুক্তিযুদ্ধ কোষ,মুনতাসীর মামুন,900.0,http://books.com.bd/24431
Pakisthani Generalder Mon : Banglali Bangladesh Muktijudah পাকিস্তানি জেনারেলদের মন : বাঙালি বাংলাদেশ মুক্তিযুদ্ধ,মুনতাসীর মামুন,600.0,http://books.com.bd/24485
"Ditiyo Prem Prothom Melar Age দ্বিতীয় প্রেম, প্রথম খেলার আগে",দেবব্রত মুখোপাধ্যায়,200.0,http://books.com.bd/7321
Shopner Soman Boro স্বপ্নের সমান বড়,আবদুল্লাহ আবু সায়ীদ,150.0,http://books.com.bd/7323
1001 Math Formula ১০০১ ম্যাথ ফর্মুলা,আবুল বাসার,225.0,http://books.com.bd/7325
Bhromonshomogro-3 [RK] ভ্রমণসমগ্র-৩,রাবেয়া খাতুন,500.0,http://books.com.bd/7326
Shantibahini : Guerilla Jibon শান্তিবাহিনী : গেরিলা জীবন,গোলাম মোর্তোজা,200.0,http://books.com.bd/7486
Chayamanob [Somoy Prk] ছায়ামানব,শাহাবুদ্দীন নাগরী,250.0,http://books.com.bd/7329
Ekattorer Diary [Somoy Prk] একাত্তরের ডায়েরি,এ. এইচ. এম বজলুর রহমান,120.0,http://books.com.bd/7085
Gonotontrer 15 Bochor গণতণ্ত্রের ১৫ বছর,মতিউর রহমান,150.0,http://books.com.bd/7092
Hamlet [Somoy Prk] হ্যামলেট,শামসুর রহমান,175.0,http://books.com.bd/7093
Hawa Ar Roder Chora হাওয়া আর রোদের ছড়া,আলম তালুকদার,100.0,http://books.com.bd/7094
Sharnoboal স্বর্ণবোয়াল,সেলিম আল দীন,180.0,http://books.com.bd/7096
Kishorshomogro-4 [KC] কিশোরসমগ্র-৪,কাইজার চৌধুরী,400.0,http://books.com.bd/7102
Premer Kobita [HH] প্রেমের কবিতা,হাসান হাফিজ,40.0,http://books.com.bd/7133
Fao Pachal ফাও প্যাঁচাল,জামাল রেজা,150.0,http://books.com.bd/7948
Bohe Jolobotidhara -2 বহে জলবতীধারা (২য় খণ্ড),আবদুল্লাহ আবু সায়ীদ,200.0,http://books.com.bd/7952
Eeshaneer Vaber Somoy ঈশানীর ভাবের সময়,খসরু চৌধুরী,350.0,http://books.com.bd/24355
Astiter Proshne Kadbe অস্তিত্বের প্রশ্নে কাঁদবে,মিশুক সেলিম,175.0,http://books.com.bd/24348
Sera 10 Uponnash [Ah] সেরা ১০ উপন্যাস,আনিসুল হক,1000.0,http://books.com.bd/7143
Sundarban [Somoy] সুন্দরবন,সাজিদ কামাল,250.0,http://books.com.bd/7203
Janaje জানাযে,ড.আব্দুস সাঈদ,160.0,http://books.com.bd/24375
Bitorker Shorol Path বিতর্কের সরল পাঠ,শামীম আল আমিন,120.0,http://books.com.bd/7206
Tommy Mia's Children's Recepie টমি মিয়া'স চিল্ড্রেন'স রেসিপি,টমি মিয়া,125.0,http://books.com.bd/7211
Aha Footbal আহা ফুটবল,রোমেন রায়হান,80.0,http://books.com.bd/26191
"Priotoma Tomake প্রিয়তমা, তোমাকে",আনিসুল হক,600.0,http://books.com.bd/24384
Prokashkonama O Humayun Ahmed প্রকাশকনামা ও হুমায়ূন আহমেদ,ফরিদ আহমেদ,460.0,http://books.com.bd/24385
Tok Mishti Talkshow টক মিষ্টি টকশো,তুষার আব্দুল্লাহ,125.0,http://books.com.bd/7156
Uponnashshomogro-4 [Am] উপন্যাসসমগ্র-৪,আল মাহমুদ,400.0,http://books.com.bd/7159
Krishnacurar Lal কৃষ্ণচূড়ার লাল,মাসুমা সিদ্দিকী,250.0,http://books.com.bd/24442
Bongobondhu O Bangladsh বঙ্গবন্ধু ও বাংলাদেশ,আবুল মাল আব্দুল মুহিত,250.0,http://books.com.bd/7174
Tishaner Ditiyo Jogot তিশানের দ্বিতীয় জগৎ,ধ্রুব এষ,60.0,http://books.com.bd/7166
Amra Jebhabe Beche Achi আমরা যেভাবে বেঁচে আছি,বোরহানউদ্দীন খান জাহাঙ্গীর,75.0,http://books.com.bd/7170
Baat Mera Saccha Dhaka Bhohut Accha বাত মেরা সাচ্চা ঢাকা বাহুত আচ্ছা,আসলাম সানী,75.0,http://books.com.bd/7171
Ekti Kacha Moricher Kahini Orthoniti 2004 একটি কাঁচা মরিচের কাহিনী অর্থনীতি ২০০৪,মহীউদ্দীন খান আলমগীর,90.0,http://books.com.bd/7177
Bangladesher Protnobostu: Pracheen Jug বাংলাদেশের প্রত্নবস্তু : প্রাচীন যুগ,ড. এ কে এম শাহনাওয়াজ,125.0,http://books.com.bd/7190
Nidrashomogro নিদ্রাসমগ্র,জাহানারা পারভীন,75.0,http://books.com.bd/7201
Suicide Note সুইসাইড নোট,অরুণ চৌধুরী,200.0,http://books.com.bd/7086
Hoptom-Phonchom হপ্তম-পঞ্চম,শওকত ওসমান,125.0,http://books.com.bd/24419
The Evidence-2 : Liberation War -5 Sector দ্য এভিডেন্স-২,লে. জেনারেল মীর শওকত আলী,350.0,http://books.com.bd/24516
The Evidence-1 : Liberation War The Beginning দ্য এভিডেন্স-১,লে. জেনারেল মীর শওকত আলী,300.0,http://books.com.bd/7150
kanadar Somokalin Kobita কানাডার সমকালীন কবিতা,পারভেজ চৌধুরী,125.0,http://books.com.bd/24365
Shadhinata Songgram Dhakai Garila Aparetion স্বাধীনতা সংগ্রাম ঢাকায় গেরিলা অপারেশন,হেদায়েত হোসাইন মোরশেদ,100.0,http://books.com.bd/7499
Theater: Eastern Reinforcement থিয়েটার : ইস্টার্ন রীইনফোর্সমেন্ট,সাঈদ হাসান দারা,150.0,http://books.com.bd/7196
Gadhar Pithe Radha গাধার পিঠে রাধা,দন্ত্যস রওশন,70.0,http://books.com.bd/7199
Notun Baoali নতুন বাওয়ালী,খসরু চৌধুরী,150.0,http://books.com.bd/16728
Jattri যাত্রী,মতিয়ার রহমান পাটোয়ারী,70.0,http://books.com.bd/24720
Ekakee Tarar Desh Theke একাকী তারার দেশ থেকে,আহমেদ আমিন আবদুল্লাহ,150.0,http://books.com.bd/24359
Unis Shotoke Purbononger Theator O Natok [Somoy Prk] উনিশ শতকে পূর্ববঙ্গের থিয়েটার ও নাটক,মুনতাসীর মামুন,350.0,http://books.com.bd/24357
Bangla Uponnashe Chittoboibhob: Fire dekha বাংলা উপন্যাসের চিত্তবৈভব : ফিরে দেখা,অনীক মাহমুদ,120.0,http://books.com.bd/7188
Ektukhani Gonit একটুখানি গণিত,গৌরাঙ্গ দেব রায়,350.0,http://books.com.bd/7189
Ma Hawar Shontan মা হাওয়ার সন্তান,জাহানারা পারভীন,80.0,http://books.com.bd/7273
Tristana ত্রিস্তানা,ধ্রুব এষ,125.0,http://books.com.bd/25003
EkantonProdiper Aloi একান্ত প্রদীপের আলোয়,মোহাম্মদ আবু তাহের,200.0,http://books.com.bd/26185
Kothashomogro কথাসমগ্র,আবু হেনা মোস্তফা কামাল,250.0,http://books.com.bd/7717
Smribichitra স্মৃতিবিচিত্রা,আবু ইসহাক,100.0,http://books.com.bd/25005
Desh-Bidesher Lokgolpo দেশ-বিদেশের লোকগল্প,কবীর চৌধুরী,200.0,http://books.com.bd/7192
Dui Nobel Bijoyeer Ek Dojon Chotogolpo দুই নোবেল বিজয়ীর এক ডজন ছোটগল্প,কবীর চৌধুরী,125.0,http://books.com.bd/7193
Kalo Golap [Somoy Prk] কালো গোলাপ,গোলাম মোহম্মদ কাদের,50.0,http://books.com.bd/7671
Hashir Char Uponnash [AH] হাসির চার উপন্যাস,আনিসুল হক,300.0,http://books.com.bd/7194
Bhabnar Nirjhore ভাবনার নির্ঝরে,মিনা চৌধুরী,120.0,http://books.com.bd/6996
Swapner Thikana [B Co-Op] স্বপ্নের ঠিকানা,আ.জ.ম. ওবায়েদুল্লাহ,80.0,http://books.com.bd/15628
Swopner Thikana [Somoy Prk] স্বপ্নের ঠিকানা,ইফতেখারুল ইসলাম,160.0,http://books.com.bd/27363
Lodghingmaster লজিংমাস্টার,হুমায়ুন কবীর ঢালী,110.0,http://books.com.bd/7005
Ouponibeshikottor Oupibeshik Mon ঔপনিবেশিকোত্তর ঔপনিবেশিক মন,মুনতাসীর মামুন,250.0,http://books.com.bd/7010
Proshongo: Poribesh O Manob Cancar Polithin প্রসঙ্গঃ পরিবেশ ও মানব কান্স্যার পলিথিন,হারুন-আর-রশিদ,125.0,http://books.com.bd/11995
Shopner Shohore স্বপ্নের শহরে,শমী কায়সার,40.0,http://books.com.bd/7701
Humayon 50 হুমায়ুন ৫০,হুমায়ূন আহমেদ,1000.0,http://books.com.bd/7708
Kishorsomogro-4 [FRS] কিশোরসমগ্র-৪,ফরিদুর রেজা সাগর,250.0,http://books.com.bd/7019
Anando Mojar Bigghan Khela আনন্দ মজার বিজ্ঞান খেলা,শেখ আনোয়ার,100.0,http://books.com.bd/26189
Anur Saykel আনুর সাইকেল,ধ্রুব এষ,80.0,http://books.com.bd/26190
Amar Prokriti Amar Poribesh আমার প্রকৃতি আমার পরিবেশ,আমীরুল ইসলাম,50.0,http://books.com.bd/7732
Ai Amar Boi এই আমার বই,ধ্রুব এষ,80.0,http://books.com.bd/26192
Ekattorer Golpo Shono একাত্তরের গল্প শোনো,আবু কায়সার,75.0,http://books.com.bd/7787
Vromonshomogro -1 [RK] ভ্রমণসমগ্র-১,রাবেয়া খাতুন,500.0,http://books.com.bd/7627
Kaker Ka Boker Cha কাকের কা বকের ছা,বিপ্রদাশ বড়ুয়া,100.0,http://books.com.bd/26193
Path O Probasher Golpo-2 : Newyark Bosoti পথ ও প্রবাসের গল্প-২ : নিউইয়র্ক বসতি,আবু রায়হান,225.0,http://books.com.bd/26187
Omorjada অমর্যাদা,কবীর চৌধুরী,300.0,http://books.com.bd/7021
Brihot Jonogoshthir Jonno Unnoyon বৃহৎ জনগোষ্ঠির জন্য উন্নয়ন,শেখ হাসিনা,100.0,http://books.com.bd/7028
Botgasher Modurrohossho বটগাছের মধুরহস্য,ফরিদুর রেজা সাগর,125.0,http://books.com.bd/26195
Bhasha- Andolon: Itihash O Uttorptobhab ভাষা-আন্দলোনঃ ইতিহাস ও উত্তরপ্রভাব,আহমদ রফিক,500.0,http://books.com.bd/7029
Bengali Beauty's Recipe বাঙলা বিউটি’স রেসিপি,টমি মিয়া,150.0,http://books.com.bd/26196
Baccar Susastho বাচ্চার সুস্বাস্থ্য: সন্তানের ওপর মা-বাবার রক্ত গ্রুপের প্রভাব ও অন্যান্য,ডা. প্রণব কুমার চৌধুরী,100.0,http://books.com.bd/26197
Ratbhor Shurjo রাতভর সূর্য,মুহাম্মদ ইব্রাহীম,80.0,http://books.com.bd/7742
Ontoraler Ami [Somoy Prk] অন্তরালের আমি,জুয়েল আইচ,60.0,http://books.com.bd/7036
Kotha Lekaha Kotha কথা লেখা কথা,হাসান আজিজুল হক,140.0,http://books.com.bd/7037
Jononi [Somoy Prk] জননী,শওকত ওসমান,250.0,http://books.com.bd/7038
Onnorokom Atdin অন্যরকম আটদিন,শাহরিয়ার কবির,60.0,http://books.com.bd/7796
Kishorshomogro-3 [S kabir] কিশোর সমগ্র-৩,শাহরিয়ার কবির,450.0,http://books.com.bd/7850
A Hand Book Of Indian Elections And Governance (1947-2014) এ হ্যান্ড বুক অফ ইন্ডিয়ান ইলেকশনস এন্ড গভার্নেস (১৯৪৭-২০১৪),সঙ্ঘমিত্রা সাহা,800.0,http://books.com.bd/7040
Bandorbane Beku Mama বান্দরবানে বেকু মামা,হাসান মোস্তাফিজুর রহমান,200.0,http://books.com.bd/7050
Bangladeshi Genarelder Mon বাংলাদেশি জেনারেলদের মন,মুনতাসীর মামুন,900.0,http://books.com.bd/7056
Basics Of Capital Market বেসিক অফ ক্যাপিটাল মার্কেট,মাহবুব হোসেন মজুমদার,850.0,http://books.com.bd/7057
Paanch Adventure পাঁচ আ্যডভেঞ্চার,আবু কায়সার,200.0,http://books.com.bd/7846
Noyoner Golpo নয়নের গল্প,মাহবুব রেজা,80.0,http://books.com.bd/26203
Prithibir Kothay Ke Kemon পৃথিবীর কোথায় কে কেমন,আমীরুল ইসলাম,50.0,http://books.com.bd/7834
Bangladesher Ognikishor বাংলাদেশের অগ্নিকিশোর,লুৎফর রহমান রিটন,100.0,http://books.com.bd/7790
Kishor Muktijuddhoshomogro-2 কিশোর মুক্তিযুদ্ধসমগ্র-২,আমীরুল ইসলাম,425.0,http://books.com.bd/26205
Kishorshomogro -9 [FRS] কিশোরসমগ্র -৯,ফরিদুর রেজা সাগর,400.0,http://books.com.bd/7300
Bangladesher Itihash (1947-71) বাংলাদেশের ইতিহাস (১৯৪৭-৭১),ড. মো. মাহবুবুর রহমান,350.0,http://books.com.bd/7519
Holi artisan হোলি আর্টিজান,নুরুজ্জামান লাবু,400.0,http://books.com.bd/25096
Sohoje Shikhi C programming সহজে শিখি সি প্রোগ্রামিং,আরিফুজ্জামান ফয়সাল,200.0,http://books.com.bd/25127
Shomoshamoyik Ancholik O Antorjatik Rajniit সমসাময়িক আঞ্চলিক ও আন্তর্জাতিক রাজনীতি,মোহাম্মদ মনিরুজ্জামান মিঞা,150.0,http://books.com.bd/11982
Gonokobitatontrre Bangladesh গণকবিতাতন্ত্রী বাংলাদেশ,আখতারুজ্জামান আজাদ,334.0,http://books.com.bd/25982
Kolerar Somoykar Prem কলেরার সময়কার প্রেম,কামরুজ্জামান,600.0,http://books.com.bd/792
Golpota Bolbo Bole Bese Achi গল্পটা বলবো বলেই বেঁচে আছি,কামরুজ্জামান,690.0,http://books.com.bd/27840
Patar Jhore Ontoshitr Bishad পাতার ঝড়ে অন্ত্যেষ্টির বিষাদ,কামরুজ্জামান,180.0,http://books.com.bd/15161
Itihash Nirmatar Mrittu [kakoli Prk] ইতিহাস নির্মাতার মৃত্যু,আসাদুজ্জামান আসাদ,80.0,http://books.com.bd/11940
Juddho Joyer Prostiti [Agme Prk] যুদ্ধ জয়ের প্রস্তুতি,আসাদুজ্জামান আসাদ,350.0,http://books.com.bd/28549
Company Amole Dhaka কোম্পানি আমলে ঢাকা,জেমস টেলর,250.0,http://books.com.bd/9216
Alor Pathojatri আলোর পথযাত্রী,আসাদুজ্জামান,500.0,http://books.com.bd/25875
Aloi Bhubon Bhora আলোয় ভুবন ভরা,আনিসুজ্জামান,300.0,http://books.com.bd/25873
Amar Bangladesh:Adunik Jug আমার বাংলাদেশ: আধুনিক যুগ,ড. এ কে এম শাহনাওয়াজ,400.0,http://books.com.bd/25872
Amader Choto Nodi আমাদের ছোট নদী,লুৎফর রহমান রিটন,250.0,http://books.com.bd/25871
Abhoman Bangkar Pitha আবহমান বাংলার পিঠা,মাহবুবা চৌধুরী,1000.0,http://books.com.bd/25869
Anonder Ghorbari আনন্দের ঘরবাড়ি,সাজ্‌জাদ আরেফিন,100.0,http://books.com.bd/25868
Atmaparichay Bhasa- Andolon Sadinota আত্মপরিচয় ভাষা- আন্দোলন স্বাধীনতা,আনিসুজ্জামান,300.0,http://books.com.bd/25867
Aj Chutibar আজ ছুটিবার,মাহফুজুর রহমান,600.0,http://books.com.bd/25866
Ami Seemaheen Jeno-Ba Prachin Botbrikkher Moto আমি সীমাহীন যেন-বা প্রাচীন বটবৃক্ষের মতো,আল মাহমুদ,150.0,http://books.com.bd/10951
Hete Zai Bonobiraler Sathe হেঁটে যাই বনবিড়ালের সাথে,আরিফ নজরুল,100.0,http://books.com.bd/25965
Shushu Kishor Shomogro [Kakoli Prk] শিশু কিশোর সমগ্র,মঞ্জু সরকার,300.0,http://books.com.bd/12073
Soindojjo O Kodorjjo সৌন্দর্য ও কদর্য,আহসান হাবীব,400.0,http://books.com.bd/25128
Rajinitir Bhitor Jokhon Politics Dhuke! রাজনীতির ভিতর যখন পলিটিকস ঢোকে!,আহসান হাবীব,85.0,http://books.com.bd/945
Sheikh Sadir Niti Golpo শেখ সাদীর নীতি গল্প,আমীরুল ইসলাম,50.0,http://books.com.bd/7767
Ei Muhurte Lekha Holo Je Choragulo এই মুহূর্তে লেখা হল যে ছড়াগুলো,আমীরুল ইসলাম,100.0,http://books.com.bd/9813
Pakhimegh O Meghpakhir Chhora পাখিমেঘ ও মেঘপাখির ছড়া,আমীরুল ইসলাম,100.0,http://books.com.bd/24541
Chora Rochonaboli-3 [AI] ছড়া রচনাবলী-৩,আমীরুল ইসলাম,600.0,http://books.com.bd/9926
Ekfota Brishti Othobae Ekmutho Roder Chora একফোঁটা বৃষ্টি অথবা একমুঠো রোদের ছড়া,আমীরুল ইসলাম,125.0,http://books.com.bd/9965
Chora Jokhon Ful Hoye Othe Jai ছড়া যখন ফুল হয়ে উঠে যায়,আমীরুল ইসলাম,130.0,http://books.com.bd/9925
Chotoder Jana Ojana ছোটদের জানা অজানা,আমীরুল ইসলাম,225.0,http://books.com.bd/11432
Ekhon Takhon Manik Raton [Tamralipi] এখন তখন মানিক রতন,মুহম্মদ জাফর ইকবাল,200.0,http://books.com.bd/27392
Sera Pach Science Fiction [Tamralipi] সেরা পাঁচ সায়েন্স ফিকশন,হুমায়ূন আহমেদ,470.0,http://books.com.bd/3698
Adorsher Golpo: Je Golpo Purono Hoy Na আদর্শের গল্পঃ যে গল্প পুরনো হয় না,আমীরুল ইসলাম,80.0,http://books.com.bd/17368
Akash Kusum Rupkatha আকাশ কুসুম রূপকথা,আমীরুল ইসলাম,300.0,http://books.com.bd/25865
"Chobi Anka, Chobi Bojha ছবি আঁকা, ছবি বোঝা",আমীরুল ইসলাম,200.0,http://books.com.bd/7749
Bangla Banggali Bangladesh বাংলা বাঙালি বাংলাদেশ,আমীরুল ইসলাম,50.0,http://books.com.bd/26204
Muktijuddher Shesh Nei মুক্তিযুদ্ধের শেষ নেই,আমীরুল ইসলাম,75.0,http://books.com.bd/7788
Akash-Joyer Golpo আকাশ-জয়ের গল্প,সিরু বাঙালি,70.0,http://books.com.bd/26124
Abir O Pakhhirobot আবির ও পক্ষিরোবট,জসিম আল ফাহিম,150.0,http://books.com.bd/26125
Arumanob O Shiyalbandu আরুমানব ও শেয়ালবন্ধু,মাহফুজুর রহমান,80.0,http://books.com.bd/26126
Rituder Rangtuli ঋতুদের রংতুলি,সুজন বড়ুয়া,150.0,http://books.com.bd/26127
Ekushey Februaryir Golpo একুশে ফেব্রুয়ারীর গল্প,সুজন বড়ুয়া,100.0,http://books.com.bd/26128
Gabdale Abdale গাবডালে আবডালে,মাহমুদউল্লাহ,70.0,http://books.com.bd/26130
Biler Dhare Neel Vut বিলের ধারে নীল ভূত,শরিফুল ইসলাম ভুঁইয়া,85.0,http://books.com.bd/26131
Bunohash O Rajkonnar Golpo বুনোহাঁস ও রাজকন্যার গল্প,মাহফুজুর রহমান,80.0,http://books.com.bd/26132
Bangk Ure Akashe ব্যাঙ উড়ে আকাশে,মালেক মাহমুদ,70.0,http://books.com.bd/26133
Bangk Dake Ghagger Ghangk ব্যাঙ ডাকে ঘ্যাঙর ঘ্যাঙ,নাবীল অনুসূর্য,100.0,http://books.com.bd/26134
Vut Shikarer Golpo ভূত শিকারের গল্প,আবুল কালাম বেলাল,80.0,http://books.com.bd/26135
Vut-Petni O Porir Goppo ভূত-পেতনি ও পরীর গপ্‌পো,বিপ্রদাশ বড়ুয়া,150.0,http://books.com.bd/26136
Vuter Chele Vuttong ভূতের ছেলে ভূতং,সরদার আবুল হাসান,70.0,http://books.com.bd/26137
Ghashforing O Neel Projapoti ঘাসফড়িং ও নীল প্রজাপতি,মনিরুজ্জামান পলাশ,70.0,http://books.com.bd/26138
Chader Deshe Vombol চাঁদের দেশে ভোম্বল,মালেক মাহমুদ,70.0,http://books.com.bd/26140
Chara Tomtom ছড়া টমটম,মালেক মাহমুদ,100.0,http://books.com.bd/26141
Charar Dana Dhorte Mana ছড়ার ডানা ধরতে মানা,রুবেল মাহমুদ,80.0,http://books.com.bd/26142
Chotoder Mojar Chara ছোটদের মজার ছড়া,এইচ এস সরোয়ারদী,80.0,http://books.com.bd/26144
Chotomamar Vutbari ছোটমামার ভূতবাড়ি,মালেক মাহমুদ,80.0,http://books.com.bd/26145
Chottomonir Khelnapati ছোট্টমণির খেলনাপাতি,আমির আসহাব,80.0,http://books.com.bd/26146
Jadur Penchile জাদুর পেন্সিল,মেহেরুননিসা সিমি,100.0,http://books.com.bd/26148
Jutor Deshe Guplu জুতোর দেশে গুপলু,সাদিয়া ইসলাম বৃষ্টি,75.0,http://books.com.bd/26149
Tiye Pakhir Biye টিয়ে পাখির বিয়ে,আহমেদ জাকির,80.0,http://books.com.bd/26150
Dyne [Shishu Prk] ডাইনি,মাহমুদউল্লাহ,70.0,http://books.com.bd/26151
Daduke Ghere Golper Vire দাদুকে ঘিরে গল্পের ভিড়ে,মেহেরুননেসা রশিদ,150.0,http://books.com.bd/26153
Dadur Bari Shubonnogram দাদুর বাড়ি সুবর্ণগ্রাম,মুরাদ চৌধুরী,80.0,http://books.com.bd/26154
Dui Bamoner Kando দুই বামনের কান্ড,মাহফুজুর রহমান,80.0,http://books.com.bd/26155
Debpaharer Piki দেবপাহাড়ের পিকি,বুলবন ওসমান,100.0,http://books.com.bd/26157
Nimpata Toi Toi নিমপাতা তৈ তৈ,মনিরুজ্জামান,70.0,http://books.com.bd/26159
Pakhhiraj Porir Deshe পঙ্খিরাজে পরির দেশে,রশীদ নিউটন,80.0,http://books.com.bd/26160
Pataka Amar Desh Amar পতাকা আমার দেশ আমার,সুজন বড়ুয়া,100.0,http://books.com.bd/26161
Porir Deshe Rajkumar পরির দেশে রাজকুমার,তমসুর হোসেন,150.0,http://books.com.bd/26162
Porir Meye Fulfuri পরির মেয়ে ফুলপরি,বোরহান মাসুদ,80.0,http://books.com.bd/26163
Petni Vuter Kando পেতনি ভূতের কান্ড,অপু বড়ুয়া,80.0,http://books.com.bd/26164
Prokitrir Bismoy প্রকৃতির বিস্ময়,মৃত্যুঞ্জয় রায়,80.0,http://books.com.bd/26165
Pranider Mojar Katha প্রাণীদের মজার কথা,মৃত্যুঞ্জয় রায়,70.0,http://books.com.bd/26166
Vutatrist ভূতার্টিস্ট,মনিরুজ্জামান পলাশ,80.0,http://books.com.bd/26169
Mamabarir Vut মামাবাড়ির ভূত,মুরাদ চৌধুরী,80.0,http://books.com.bd/26170
Minur Beral Mini মিনুর বেড়াল মিনি,রশীদ নিউটন,80.0,http://books.com.bd/26171
Meghgulo Sob মেঘগুলো সব,এখ্‌লাসউদ্দিন আহ্‌মদ,150.0,http://books.com.bd/26172
Lal Sabujer Bangladesh লাল সবুজের বাংলাদেশ,আরিফ রায়হান,150.0,http://books.com.bd/26173
Lalmoroger Kukukroku লালমোরগের কুক্কুরকু,মালেক মাহমুদ,80.0,http://books.com.bd/26174
Ludmilar Nosib লুদমিলার নসিব,সিরু বাঙালি,70.0,http://books.com.bd/26175
Sada Hati Neel Hati সাদা হাতি নীল হাতি,খোকন দাস,80.0,http://books.com.bd/26178
Shukhi Manusher Golpo সুখী মানুষের গল্প,মাহফুজুর রহমান,80.0,http://books.com.bd/26180
Smitir Danai Kishorbelai স্মৃতির ডানায় কিশোরবেলায়,হাসনাত আমজাদ,150.0,http://books.com.bd/26181
Hercules O Saudagar হারকিউলিস ও সওদাগর,মাহফুজুর রহমান,80.0,http://books.com.bd/26182
Hasir Chara হাসির ছড়া,সুকুমার রায়,70.0,http://books.com.bd/26184
Alor Michil আলোর মিছিল,মুস্তাফা মাসুদ,150.0,http://books.com.bd/26209
Chotoder Hasir Galpo [Subrna] ছোটদের হাসির গল্প,হাফিজ উদ্দিন আহমেদ,80.0,http://books.com.bd/27607
Chotoder Hasir Golpo [Shishu Prk] ছোটদের হাসির গল্প,শরিফুল ইসলাম ভুঁইয়া,150.0,http://books.com.bd/26221
Chotoder Hashir Golpo [Kakoli Prk] ছোটদের হাসির গল্প,শেখ আনোয়ার,95.0,http://books.com.bd/11879
Toma Muktijuddher Golpo Jane তমা মুক্তিযুদ্ধের গল্প জানে,লিটন ঘোষ জয়,70.0,http://books.com.bd/26226
Nora X Thirty নোরা এক্স থার্টি,নাসরীন মুস্তাফা,125.0,http://books.com.bd/26230
Pataka Amar Desh পতাকা আমার দেশ,ইফতেখার হালিম,125.0,http://books.com.bd/26231
Jibanananda Das Kabbo: 12 Nibonddo জীবনানন্দ দাশের কাব্য : ১২ নিবন্ধ,সৈকত রহমান,150.0,http://books.com.bd/25677
Upamohadeshiyo Bumi Avidhan উপমহাদেশীয় ভূমি অভিধান,হাসান জাহাঙ্গীর আলম,350.0,http://books.com.bd/25678
Adrishya Aloy Nari অদৃশ্য আলোয় নারী,তানজীরা মুক্তি,150.0,http://books.com.bd/25679
Awami League Badlale Bangladesh Badlabe আওয়ামী লীগ বদলালে দেশ বদলাবে,নূহ-উল-আলম লেনিন,500.0,http://books.com.bd/25681
Ajker Debdash আজকের দেবদাস,ইমদাদুল হক মিলন,150.0,http://books.com.bd/25684
Abittir Shreshtho Kabitasamagra আবৃত্তির শ্রেষ্ঠ কবিতাসমগ্র,ইকবাল খোরশেদ,750.0,http://books.com.bd/25685
Amader Beersreshtho আমাদের বীরশ্রেষ্ঠ,ফারুক নওয়াজ,80.0,http://books.com.bd/12051
Amar Alo Amar Adhar আমার আলো আমার আঁধার,রণজিৎ বিশ্বাস,300.0,http://books.com.bd/25686
Amar Ekta Voy Ache আমার একটা ভয় আছে,সুস্ময় সুমন,200.0,http://books.com.bd/25687
Alaler Ghorer Dulal [Jonaki Prk] আলালের ঘরের দুলাল,প্যারীচাঁদ মিত্র,200.0,http://books.com.bd/25688
Islamic Knowledge Bank ইসলামিক নলেজ ব্যাংক,মাওলানা মুহাম্মদ গুফরান রশিদী কিরানভী,200.0,http://books.com.bd/25689
Ucchotor Adalote Bangla Procholon উচ্চতর আদালতে বাংলা প্রচলন,গাজীউল হক,400.0,http://books.com.bd/25691
Upannash [KNI] উপন্যাস,কাজী নজরুল ইসলাম,400.0,http://books.com.bd/25692
Uponnyash Shomogro [HD] উপন্যাস সমগ্র,হরিপদ দত্ত,750.0,http://books.com.bd/11857
"Uponnasher Binirman Uponnasher Jadu উপন্যাসের বিনির্মাণ, উপন্যাসের জাদু",কামরুজ্জামান জাহাঙ্গীর,170.0,http://books.com.bd/25693
"Ekdin Ei Shohore একদিন, এই শহরে",সুস্ময় সুমন,90.0,http://books.com.bd/25696
Eka Ebong Koiekjon একা এবং কয়েকজন,সুনীল গঙ্গোপাধ্যায়,600.0,http://books.com.bd/25697
One million and one gain strategy ওয়ান মিলিয়ন এন্ড ওয়ান লাভ স্ট্র্যাটেজিজ,জ্যোতিপ্রকাশ দত্ত,300.0,http://books.com.bd/25698
Kopalkundola [Jonaki Prk] কপালকুণ্ডলা,বঙ্কিমচন্দ্র চট্টোপাধ্যায়,130.0,http://books.com.bd/25699
Kapalkundala [Katha Prk] কপালকুণ্ডলা,বঙ্কিমচন্দ্র চট্টোপাধ্যায়,200.0,http://books.com.bd/27217
Kado Nodi Kado [Jonaki] কাঁদো নদী কাঁদো,সৈয়দ ওয়ালীউল্লাহ্‌,150.0,http://books.com.bd/25700
KaloGhora কালোঘোড়া,ইমদাদুল হক মিলন,125.0,http://books.com.bd/25701
Kiler Chote Kathal Pake কিলের চোটে কাঁঠাল পাকে,অসীম সাহা,60.0,http://books.com.bd/25702
Kemon Kore Swadhin Holam [Afsar Brds] কেমন করে স্বাধীন হলাম,ড.কামরুল আহসান,100.0,http://books.com.bd/17483
Kemon Kore Sadin Holam [Jonaki Prk] কেমন করে স্বাধীন হলাম,আলম তালুকদার,100.0,http://books.com.bd/25703
Qur'an Bible Ved and Science কোরআন বাইবেল বেদ ও বিজ্ঞান,ডাঃ এন সি বোস,500.0,http://books.com.bd/25704
Khatiman Bish Rastronayok খ্যাতিমান বিশ রাষ্ট্রনায়ক,শামসুজ্জামান শামস,275.0,http://books.com.bd/25705
Godfather গডফাদার,মারিও পূজো,250.0,http://books.com.bd/25706
Gonodebota গণদেবতা,তারাশঙ্কর বন্দ্যোপাধ্যায়,300.0,http://books.com.bd/25707
Golposhomogro[HD] গল্পসমগ্র,হরিপদ দত্ত,300.0,http://books.com.bd/10316
Grihohin Grihi গৃহহীন গৃহী,মনজুরুল হক খান,200.0,http://books.com.bd/25708
Chader Amabssaiy [Jonaki Prk] চাঁদের অমাবস্যা,সৈয়দ ওয়ালীউল্লাহ্‌,150.0,http://books.com.bd/25710
Chader buke Hata 12 Novochari চাঁদের বুকে হাঁটা ১২ নভোচারী,শামসুজ্জামান শামস,200.0,http://books.com.bd/25711
Aso Zadu Shikhi এসো জাদু শিখি,আশরাফুল ইসলাম সাগর,60.0,http://books.com.bd/26129
Dustu Vuter Pathshala দুষ্টু ভূতের পাঠশালা,নজরুল ইসলাম খোকন,125.0,http://books.com.bd/26156
Vuter Dacter ভূতের ডাক্তার,নজরুল ইসলাম খোকন,80.0,http://books.com.bd/26168
Chotogolpo [KNI] ছোটগল্প,কাজী নজরুল ইসলাম,300.0,http://books.com.bd/25713
Chotoder Prio adventure O Goyenda Golpo ছোটদের প্রিয় অ্যাডভেঞ্চার ও গোয়েন্দা গল্প,ইমদাদুল হক মিলন,400.0,http://books.com.bd/25714
Chotoder Prio Bish Biggani ছোটদের প্রিয় বিশ বিজ্ঞানী,শামসুজ্জামান শামস,250.0,http://books.com.bd/25715
Chotoder Prio Science Fiction ছোটদের প্রিয় সায়েন্স ফিকশন,ইমদাদুল হক মিলন,400.0,http://books.com.bd/25716
Joy Bangla O Ananny Golpo জয় বাংলা ও অন্যান্য গল্প,কামরুজ্জামান জাহাঙ্গীর,150.0,http://books.com.bd/25717
Joldighi জলদিঘি,মহি মুহাম্মদ,160.0,http://books.com.bd/25718
Zat Nimer Pata জাত নিমের পাতা,মাহবুব কামাল,300.0,http://books.com.bd/25719
Jatisogger Rajotto Joyonti Bangladesh O Shekh Hasina জাতিসংঘের রজত জয়ন্তী বাংলাদেশ ও শেখ হাসিনা,পান্না কায়সার,100.0,http://books.com.bd/25720
Jatiyo O Antorjatik Pekkhapot জাতীয় ও আন্তর্জাতিক প্রেক্ষাপট,মোহাম্মদ শামসুল কবির,200.0,http://books.com.bd/25721
Atish Dipankar Jibon O Kormo অতীশ দীপংকর জীবন ও কর্ম,জিতেন্দ্র লাল বড়ুয়া,200.0,http://books.com.bd/25722
Shawkat Ali: Jibon O Shilper Unmesh শওকত আলী: জীবন ও শিল্পের উন্মেষ,শাফিক আফতাব,300.0,http://books.com.bd/25723
Hazrat Abu Huraira (ra)-Er Jibon kormo O Shreshtho Hadithsomuho হযরত আবূ হুরায়রা (রা:)-এর জীবন-কর্ম ও শ্রেষ্ঠ হাদীসসমূহ,মুফতী আমিনুল ইসলাম,200.0,http://books.com.bd/25724
Bibhutibhushaner Pather Pachali: Tnistho Path O Shilposandorshon বিভূতিভূষণের পথের পাঁচালী: তন্বিষ্ঠ পাঠ ও শিল্পসন্দর্শন,অনীক মাহমুদ,100.0,http://books.com.bd/25725
Tritiyo Tire Dhosh [Kakoli Prk] তৃতীয় তীরে ধস,মাহবুবা ইসলাম,100.0,http://books.com.bd/11873
Tritiyo Tire Dosh [Jonaki Prk] তৃতীয় তীরে ধস,হুমায়ূন মালিক,200.0,http://books.com.bd/25726
Dinguli দিনগুলি,ইমদাদুল হক মিলন,60.0,http://books.com.bd/25728
Dui Nari দুই নারী,রাহাত খান,125.0,http://books.com.bd/25729
The New Life দ্য নিউ লাইফ,অনীশ দাস অপু,300.0,http://books.com.bd/25730
Drubotarai ধ্রুবতারায়,এম জহিরুল হক,250.0,http://books.com.bd/25731
Nandanik Nazrul নান্দনিক নজরুল,মুহম্মদ নূরুল হুদা,100.0,http://books.com.bd/25732
Nari : Bidrohi নারী : বিদ্রোহী,আনোয়ারা সৈয়দ হক,250.0,http://books.com.bd/25733
Noggorer Tori নোঙরের তরী,শেখ হাফিজুর রহমান,100.0,http://books.com.bd/25735
Nobeljoyider Katha নোবেলজয়ীদের কথা,শামসুজ্জামান শামস,150.0,http://books.com.bd/25736
Pother Pachali [Obosor] পথের পাঁচালী,বিভূতিভূষণ বন্দ্যোপাধ্যায়,180.0,http://books.com.bd/9307
Pather Pachali [Jonaki Prk] পথের পাঁচালী,বিভূতিভূষণ বন্দ্যোপাধ্যায়,200.0,http://books.com.bd/25737
Padmanodir Majhi [Jonki Prk] পদ্মানদীর মাঝি,মানিক বন্দ্যোপাধ্যায়,150.0,http://books.com.bd/25738
Md. Osman Ghanir Paye Hete Bishho Vromon মোঃ ওসমান গণির পায়ে হেঁটে বিশ্ব ভ্রমণ,জাহাঙ্গীর আলম,350.0,http://books.com.bd/25740
Puro Serious Adha Rommo পুরো সিরিয়াস আধা রম্য,রণজিৎ বিশ্বাস,150.0,http://books.com.bd/25741
Purnang Gitikay Protifalita Lokojebon পূবর্ববঙ্গ গীতকায় প্রতিফলিত লোকজীবন,ফরিদা পারভীন কেয়া,300.0,http://books.com.bd/25742
Probondho Shomogro [MSK] প্রবন্ধ সমগ্র,মোহাম্মদ শামসুল কবির,400.0,http://books.com.bd/19661
Baṅgabandhukē Nibēdita Chaṛā Kabitā বঙ্গবন্ধুকে নিবেদিত ছড়া কবিতা,খালেক বিন জয়েনউদ্দীন,300.0,http://books.com.bd/25743
Bangladesher Avvudoyer Prekkhapot বাংলাদেশের অভুদয়ের প্রেক্ষাপট,শেখ হাফিজুর রহমান,400.0,http://books.com.bd/25745
Bangladesher Rajniti (1953-1966) বাংলাদেশের রাজনীতি (১৯৫৩-১৯৬৬),ড. খায়রুল আহসান ছিদ্দিকী,400.0,http://books.com.bd/25746
Otikrom অতিক্রম,সৈয়দ শামসুল হক,200.0,http://books.com.bd/42
William Shakespeare Er Tinti Naktok উইলিয়াম শেক্সপিয়ারের তিনটি নাটক,সৈয়দ শামসুল হক,300.0,http://books.com.bd/131
Uponnash Shomogro [Ssh] -10 উপন্যাস সমগ্র-১০,সৈয়দ শামসুল হক,450.0,http://books.com.bd/425
Bhossho Jodi Shorbange Amar ভস্ম যদি সর্বাঙ্গে আমার,সৈয়দ শামসুল হক,120.0,http://books.com.bd/10519
Amar Somadhikaler Prosadhon আমার সমাধিকালের প্রসাধন,সৈয়দ শামসুল হক,125.0,http://books.com.bd/10869
Nishiddho Loban নিষিদ্ধ লোবান,সৈয়দ শামসুল হক,120.0,http://books.com.bd/11165
Jole Khuji Dhatob Mudra জলে খুঁজি ধাতব মুদ্রা,মাহবুবুল হক শাকিল,200.0,http://books.com.bd/25110
Shobi Holo Kismot সবই হলো কিসমত,ডঃ মাহবুবুল হক,25.0,http://books.com.bd/12079
Bangla O Bangladesh : Somaj O Itihash বাংলা ও বাংলাদেশ : সমাজ ও ইতিহাস,ডঃ মাহবুবুল হক,250.0,http://books.com.bd/25744
Shat Shotero সাতসতেরো,মাহবুব-উল-আলম,50.0,http://books.com.bd/15540
Faguner Podaboli ফাগুনের পদাবলি,মাহবুব-উল-আলম,250.0,http://books.com.bd/26237
Vhuter Kobole Ahona ভূতের কবলে অহনা,সালেহ রফিক,150.0,http://books.com.bd/26241
Nekre O Shiyal নেকড়ে ও শেয়াল,অনুপম সৈকত অপু,80.0,http://books.com.bd/26283
Kabiler Mintu Mama কাবিলের মিন্টু মামা,মিতুল সাইফ,70.0,http://books.com.bd/26319
Yeter Dish Nepal ইয়েতির দেশ নেপাল,মুনির সিরাজ,40.0,http://books.com.bd/11621
Kanone Kusumkoli কাননে কুসুমকলি,আলী ইমাম,500.0,http://books.com.bd/25882
Choto Pakhi Moitusi ছোট্ট পাখি মৌটুসি,আলী ইমাম,70.0,http://books.com.bd/26143
Dhonesh Patkir Bishal Thot ধনেশ পাখির বিশাল ঠোঁট,আলী ইমাম,70.0,http://books.com.bd/26158
Shiyal O Azogor শিয়াল ও অজগর,আলী ইমাম,70.0,http://books.com.bd/26176
Singoh Jakhon Vishon Jobdo সিংহ যখন ভীষণ জব্দ,আলী ইমাম,70.0,http://books.com.bd/26179
Chora O Kobita Shomogro [AI] ছড়া ও কবিতা সমগ্র,আলী ইমাম,250.0,http://books.com.bd/16487
Banglar Madhusudan বাঙলার মধুসূদন,সুহৃদ সরকার,150.0,http://books.com.bd/25747
Baloker Aviman বালকের অভিমান,ইমদাদুল হক মিলন,100.0,http://books.com.bd/25748
Bibarnno Prantor বিবর্ণ প্রান্তর,লুৎফর রহমান মোমেন,110.0,http://books.com.bd/25749
Jana-Ajana Bissher Bichitro Bismoy জানা-অজানা বিশ্বের বিচিত্র বিস্ময়,রেজাউল হক রেজা,300.0,http://books.com.bd/25750
Bishad Shindhu [jonaki] বিষাদ সিন্ধু,মীর মশাররফ হোসেন,300.0,http://books.com.bd/25751
Britto Theke Bindute বৃত্ত থেকে বিন্দুতে,আল ফারুক,150.0,http://books.com.bd/25753
Bhanga Mon ভাঙ্গা মন,নূর ইলিয়াস,160.0,http://books.com.bd/25754
Motichur মতিচুর,বেগম রোকেয়া সাখাওয়াত হোসেন,250.0,http://books.com.bd/25755
Mohaplabon মহাপ্লাবন,কাজী সিরাজ,100.0,http://books.com.bd/25756
Marti Rin মাতৃ ঋণ,মকবুলা মনজুর,250.0,http://books.com.bd/25757
Manushkatha মানুষকথা,মাসুদা ভাট্টি,70.0,http://books.com.bd/25758
Muktijhuddho O Bangladesher Uponnash মুক্তিযুদ্ধ ও বাংলাদেশের উপন্যাস,ড. মোহাম্মদ আনোয়ার সাঈদ,400.0,http://books.com.bd/25760
Muktijuddher Shahid Buddhijibi মুক্তিযুদ্ধের শহীদ বুদ্ধিজীবি,ফারুক নওয়াজ,100.0,http://books.com.bd/25761
Muktijhuddher Kishor Golpo [SUA] মুক্তিযুদ্ধের কিশোর গল্প,সরওয়ার-উল ইসলাম,100.0,http://books.com.bd/25762
Muktijhuddher Golpo [MA] মুক্তিযুদ্ধের গল্প,মহীবুল আজিজ,200.0,http://books.com.bd/25763
Muktijuddher Golposhomogro [RG] মুক্তিযুদ্ধের গল্পসমগ্র,রবীন্দ্র গোপ,600.0,http://books.com.bd/25764
Muktijuddher Golpo [SA] মুক্তিযুদ্ধের গল্প,সমীর আহমেদ,275.0,http://books.com.bd/25765
Muktijhuddher Golpo [HM] মুক্তিযুদ্ধের গল্প,হুমায়ূন মালিক,300.0,http://books.com.bd/25766
Mushlim Shishu : Jibon Gotone Pita-Matar Kattobbo মুসলিম শিশু : জীবন গড়নে পিতা-মাতার কর্তব্য,হাসান জাহাঙ্গীর আলম,225.0,http://books.com.bd/25767
Mrittur Pore Koborer Jibon মৃত্যুর পরে কবরের জীবন,মুফতী আমিনুল ইসলাম,200.0,http://books.com.bd/25768
Zugsrostha Nazrul যুগস্রষ্টা নজরুল,খান মুহাম্মদ মঈনুদ্দীন,300.0,http://books.com.bd/25769
Romjaner Eitihash O Rojar Fazayel Masael রমযানের ইতিহাস ও রোজার ফাযায়েল মাসায়েল,মোহাম্মদ গিয়াস উদ্দিন,200.0,http://books.com.bd/25771
Rahosshomoyi রহস্যময়ী,ইমদাদুল হক মিলন,70.0,http://books.com.bd/25772
Rajnitir Mulkatha রাজনীতির মূলকথা,ননী ভৌমিক,450.0,http://books.com.bd/25773
Rajbondir Rojnamcha রাজবন্দীর রোজনামচা,শহীদুল্লাহ কায়সার,160.0,http://books.com.bd/25774
Lal Eter Bari O Biplobi Rakto লাল ইটের বাড়ি ও বিপ্লবীর রক্ত,রবীন্দ্র গোপ,300.0,http://books.com.bd/25775
Lalsalu [jonaki] লালসালু,সৈয়দ ওয়ালীউল্লাহ্‌,150.0,http://books.com.bd/25776
Shishu Kishor Shrestho Golpo শিশু কিশোর শ্রেষ্ঠ গল্প,ঈশ্বরচন্দ্র বিদ্যাসাগর,175.0,http://books.com.bd/25778
Shekh Hasina Banglar Prioymukh শেখ হাসিনা বাংলার প্রিয়মুখ,বাদল চৌধুরী,300.0,http://books.com.bd/25779
Shor Kobi Posoggo ষড় কবি প্রসঙ্গ : জীবনানন্দ দাশ ‍থেকে রুদ্র মুহম্মদ শহিদুল্লাহ,অনুপম হাসান,350.0,http://books.com.bd/25781
Sangshoptok সংশপ্তক,শহীদুল্লাহ কায়সার,250.0,http://books.com.bd/25782
Sokhi Vhalobasha Kare Koy সখী ভালবাসা কারে কয়,এরশাদ ইবনে ওমর,60.0,http://books.com.bd/25783
Sadaroner Asha - Akakkha সাধারণের আশা-আকাঙ্ক্ষা,ড. জি. সি. দেব,250.0,http://books.com.bd/25784
Sarakkhon Sarabela সারাক্ষণ সারাবেলা,সুমন মাহবুব,140.0,http://books.com.bd/25785
Sahitter Ruptatta O Alankar সাহিত্যের রূপতত্ত্ব ও অলঙ্কার,শাফিক আফতাব,150.0,http://books.com.bd/25786
Sngihobahini সিংহবাহিনী,সমরেশ মজুমদার,600.0,http://books.com.bd/25787
Shukh Ek Morichikar Nam সুখ এক মরীচিকার নাম,শাহাদাত হোসেন,200.0,http://books.com.bd/25788
Sure O Sore Bangabandhu সুরে ও স্বরে বঙ্গবন্ধু,ফজলুল হক সরকার,200.0,http://books.com.bd/25789
"Se,Tumi Ebang Shahrukh সে, তুমি এবং শাহরুখ",সুস্ময় সুমন,100.0,http://books.com.bd/25790
Sohag সোহাগ,হরষিত,85.0,http://books.com.bd/25792
Shadinotar Chiro Ashlan স্বাধীনতা চির অম্লান,ফয়ছল আহমদ জীবন,125.0,http://books.com.bd/25793
13B / Horror Thriller ১৩বি/ হরর থ্রিলার,সুস্ময় সুমন,120.0,http://books.com.bd/25798
Haste Haste Pora হাসতে হাসতে পড়া,আলম তালুকদার,100.0,http://books.com.bd/25800
Computerer Itibritto কম্পিউটারের ইতিবৃত্ত,খায়রুল আলম মনির,275.0,http://books.com.bd/25807
Shonchoyita [Kakoli] সঞ্চয়িতা,রবীন্দ্রনাথ ঠাকুর,200.0,http://books.com.bd/11615
Gora গোরা,রবীন্দ্রনাথ ঠাকুর,150.0,http://books.com.bd/11589
Ghore Baire [Kakoli] ঘরে - বাইরে,রবীন্দ্রনাথ ঠাকুর,120.0,http://books.com.bd/11592
Noukadubi [Kakoli] নৌকাডুবি,রবীন্দ্রনাথ ঠাকুর,120.0,http://books.com.bd/11593
Boi Thakuranir Hat বউ ঠাকুররানির হাট,রবীন্দ্রনাথ ঠাকুর,100.0,http://books.com.bd/24696
Jogajog [Kakoli] যোগাযোগ,রবীন্দ্রনাথ ঠাকুর,120.0,http://books.com.bd/11590
Altaf আলতাফ,অমিত গোস্বামী,300.0,http://books.com.bd/25262
Autobiography of Jawaharlal Nehru অটোবায়োগ্রাফী অব জওহরলাল নেহরু,কাজল চৌধুরী,650.0,http://books.com.bd/25439
Folklore Of Bangladesh ফোকলোর অব বাংলাদেশের,শামসুজ্জামান খান,990.0,http://books.com.bd/25438
Autobiography of Mahatma Gandhi অটোবায়োগ্রাফী অব মহাত্মা গান্ধী,ড. নাজমুল আলম,500.0,http://books.com.bd/25440
Al Kayada Theke IS আল কায়দা থেকে আইএস,সুজন কবির,500.0,http://books.com.bd/25441
Europe O America ইউরোপ ও আমেরিকায়,সিরাজ উদ্দীন সাথী,650.0,http://books.com.bd/25442
Interpreter of Maladies ইন্টারপ্রেটার অব ম্যালাডিজ,ঝুম্পা লাহিড়ী,300.0,http://books.com.bd/25443
Indira Gandhi ইন্দিরা গান্ধী,পুপুল জয়কর,600.0,http://books.com.bd/25444
Uponnash Troyi [Nalonda] উপন্যাস ত্রয়ী,অ্যালব্যের ক্যামু,500.0,http://books.com.bd/25445
A History Of the Sikhs এ হিষ্ট্রি অব দ্যা শিখ্‌স ২য় খণ্ড,জাকির শামীম,450.0,http://books.com.bd/25446
A History Of The Sikhs-1 এ হিষ্ট্রি অব দ্যা শিখ্‌স-১,জাকির শামীম,350.0,http://books.com.bd/25447
Ebong Koitiller Nitishasro এবং কৌটিল্যের নীতিশাস্ত্র,মানিক মোহাম্মদ রাজ্জাক,175.0,http://books.com.bd/25448
Composition for Four Hands বিশ্বের সেরা রহস্য উপন্যাস : ১৩ কম্পোজিশন ফর ফোর হ্যান্ডস,হিলডা লরেন্স,200.0,http://books.com.bd/25449
Kam Eji-Go Easy বিশ্বের সেরা রহস্য উপন্যাস : ৩ কাম ইজি-গো ইজি,জেমস হ্যাডালি চেজ,300.0,http://books.com.bd/25450
Cairo Trilogy (Palace of Desire) কায়রো ট্রিলজি (প্যালেস অব ডিজায়ার),নগিব মাহফুজ,750.0,http://books.com.bd/25451
Cairo Trilogy (Palace Walk) কায়রো ট্রিলজি (প্যালেস ওয়াক),নগিব মাহফুজ,900.0,http://books.com.bd/25452
Koitiller Arthoshasro কৌটিল্যের অর্থশাস্ত্র,মানিক মোহাম্মদ রাজ্জাক,825.0,http://books.com.bd/25453
Chankker Kutkoishol চাণক্যের কূটকৌশল,মানিক মোহাম্মদ রাজ্জাক,450.0,http://books.com.bd/25455
True Love and a Little Malice [Nalonda] ট্রুথ লাভ এন্ড এ লিটল ম্যালিস,খুশবন্ত সিং,650.0,http://books.com.bd/25456
Trent's Last Case বিশ্বের সেরা রহস্য উপন্যাস : ৪ ট্রেন্টস্ লাস্ট কেস,ই. সি. বেন্টলে,200.0,http://books.com.bd/25458
DiffICult Dotter [Nalonda] ডিফিকাল্ট ডটার্স,আনোয়ার হোসেইন মঞ্জু,450.0,http://books.com.bd/25459
Death At The President's Lawging বিশ্বের সেরা রহস্য উপন্যাস : ১৯ ডেথ অ্যাট দ্য প্রোসডেন্টস লজিং,মিচেল ইনেস,200.0,http://books.com.bd/25460
Delhi: City Of Jins দিল্লি : সিটি অফ জ্বিনস,আনোয়ার হোসেইন মঞ্জু,500.0,http://books.com.bd/25461
Desher Nam Vietnam দেশের নাম ভিয়েতনাম,মানিক মোহাম্মদ রাজ্জাক,550.0,http://books.com.bd/25462
The Egyptian Cross Mystery বিশ্বের সেরা রহস্য উপন্যাস : ৭ দ্য ইজিপশিয়ান ক্রুশ মিস্ট্রি,মানিক মোহাম্মদ রাজ্জাক,300.0,http://books.com.bd/25463
The Case Of The Mischievous Dall বিশ্বের সেরা রহস্য উপন্যাস : ১৫ দ্য কেস অব দ্য মিসচিভাস ডল,আর্ল স্ট্যানলি গার্ডনার,275.0,http://books.com.bd/25464
The Poyjan Chocolate Case বিশ্বের সেরা রহস্য উপন্যাস : ১৮ দ্য পয়জন চকলেট কেস,সোহেল মল্লিক,200.0,http://books.com.bd/25465
The Phantom Lady বিশ্বের সেরা রহস্য উপন্যাস : ৯ দ্য ফ্যানটম লেডি,উইলিয়াম আইরিশ,300.0,http://books.com.bd/25466
The Locked Room বিশ্বের সেরা রহস্য উপন্যাস : ২ দ্য লক্‌ড রুম,মাজ সোয়ল পার ওয়ালু,275.0,http://books.com.bd/25467
The Last Mughal দ্য লাস্ট মোগল,আনোয়ার হোসেইন মঞ্জু,750.0,http://books.com.bd/25468
The Hound Of The Baskerville বিশ্বের সেরা রহস্য উপন্যাস : ৫ দ্য হাউন্ড অব দ্য বাস্কারভিল,স্যার আর্থার কোনান ডায়েল,250.0,http://books.com.bd/25469
The House Without A Ki বিশ্বের সেরা রহস্য উপন্যাস : ১০ দ্য হাউস উইদাউট এ কি,আর্ল ডার বিগারস,275.0,http://books.com.bd/25470
Nokkhotrer Razarbag নক্ষত্রের রাজারবাগ,মোশতাক আহমেদ,500.0,http://books.com.bd/25471
Nattorupe Rabindranath- 1 নাট্যরুপে রবীন্দ্রনাথ,বাবুল বিশ্বাস,750.0,http://books.com.bd/25472
Nattorupe Rabindranath- 2 নাট্যরুপে রবীন্দ্রনাথ,বাবুল বিশ্বাস,750.0,http://books.com.bd/25473
Nattorupe Rabindranath -3 নাট্যরুপে রবীন্দ্রনাথ,বাবুল বিশ্বাস,750.0,http://books.com.bd/25474
Nattorupe Rabindranath -4 নাট্যরুপে রবীন্দ্রনাথ,বাবুল বিশ্বাস,750.0,http://books.com.bd/25475
Nattorupe Rabindranath- 5 নাট্যরুপে রবীন্দ্রনাথ,বাবুল বিশ্বাস,750.0,http://books.com.bd/25476
Nattorupe Rabindranath 6 নাট্যরুপে রবীন্দ্রনাথ,বাবুল বিশ্বাস,750.0,http://books.com.bd/25477
Anubad Natoksomggro অনুবাদ নাটকসমগ্র-৩,আবদুস সেলিম,700.0,http://books.com.bd/25478
Anubad Natok Samoggro-1 অনুবাদ নাটকসমগ্র,আবদুস সেলিম,750.0,http://books.com.bd/25479
Natokshomogro -1 [MR] নাটকসমগ্র,মামুনুর রশীদ,450.0,http://books.com.bd/17397
Natoksamoggro-1 [MC] নাটকসমগ্র,মুনীর চৌধুরী,650.0,http://books.com.bd/25480
Anubad Natok Samoggro-2 অনুবাদ নাটকসমগ্র,আবদুস সেলিম,700.0,http://books.com.bd/25481
Natoksamoggro-2 [MR] নাটকসমগ্র,মামুনুর রশীদ,500.0,http://books.com.bd/25482
Natoksomoggro-2 [MC] নাটকসমগ্র,মুনীর চৌধুরী,750.0,http://books.com.bd/25483
Natoksamoggro-3 [MR] নাটকসমগ্র-৩,মামুনুর রশীদ,500.0,http://books.com.bd/25484
Natoksomoggro [MH] নাটকসমগ্র,মান্নান হীরা,750.0,http://books.com.bd/25485
Pashcadpraggone Mitru বিশ্বের সেরা রহস্য উপন্যাস : ১২ পশ্চাদ্‌প্রাঙ্গণে মৃত্য,ডি তারাসেনকভ,275.0,http://books.com.bd/25487
Pach Adday পাঁচ অধ্যায়,মোশতাক আহমেদ,700.0,http://books.com.bd/25488
Paradise And Other Stories প্যারাডাইজ অ্যান্ড আদার স্টোরিজ,খুশবন্ত সিং,250.0,http://books.com.bd/25489
Plain Murders বিশ্বের সেরা রহস্য উপন্যাস : ১ প্লেইন মার্ডার,সিসিল স্কট ফরেস্টার,275.0,http://books.com.bd/25490
Bideshir Chokhe 1971 বিদেশির চোখে ১৯৭১,আন্দালিব রাশদী,950.0,http://books.com.bd/25491
Vashar Lorai O Rastrovasha Andolon ভাষার লড়াই ও রাষ্ট্রভাষা আন্দোলন,গোলাম কুদ্দুছ,999.0,http://books.com.bd/25492
Vasharsongramer Smriti ভাষাসংগ্রামের স্মৃতি,এম আর মাহবুব,500.0,http://books.com.bd/25493
Bishorjon [Kak] বিসর্জন,রবীন্দ্রনাথ ঠাকুর,125.0,http://books.com.bd/24771
Shesher Kobita [Kakoli] শেষের কবিতা,রবীন্দ্রনাথ ঠাকুর,70.0,http://books.com.bd/11588
Robindro Uponnash Shomogro রবীন্দ্র উপন্যাস সমগ্র,রবীন্দ্রনাথ ঠাকুর,350.0,http://books.com.bd/11627
Moharaza Ronojjit Sing [Nalonda] মহারাজা রণজিৎ সিং,খুশবন্ত সিং,350.0,http://books.com.bd/25494
Manuchir Chokhe Mogol Varat(1653-1708) মানুচির চোখে মোগল ভারত (১৬৫৩-১৭০৮),আনোয়ার হোসেইন মঞ্জু,400.0,http://books.com.bd/25496
Mageres Mistek বিশ্বের সেরা রহস্য উপন্যাস : ১৭ মায়গ্রেস মিসটেক,জর্জ সিমেনঁ,200.0,http://books.com.bd/25497
Murdere On The Orient Express বিশ্বের সেরা রহস্য উপন্যাস : ৬ মার্ডার অন দ্য ওরিয়েন্ট এক্সপ্রেস,আগাথা ক্রিস্টি,300.0,http://books.com.bd/25498
Marde Plan Six মার্ডার প্ল্যান সিক্স,জন বিংহ্যাম,175.0,http://books.com.bd/25499
Mystery Miles বিশ্বের সেরা রহস্য উপন্যাস : ১৬'' মিস্ট্রি মাইল,মারগেরি অ্যলিংহ্যাম,225.0,http://books.com.bd/25500
Meghe Dakha Tara মেঘে ঢাকা তারা,ঋত্বিককুমার ঘটক,500.0,http://books.com.bd/25501
Mogoul Shahjadider Kanna [Nalonda] মোগল শাহজাদীদের কান্না,আনোয়ার হোসেইন মঞ্জু,200.0,http://books.com.bd/25502
Rastro Vasha Andolon রাষ্ট্র ভাষা আন্দোলন,এম আর মাহবুব,200.0,http://books.com.bd/25503
Lalonsomoggro লালনসমগ্র,আবদেল মাননান,800.0,http://books.com.bd/25504
From the third world to fast Lee Kuan Yew'r Atnokatha ফ্রম থার্ড ওয়ার্ল্ড টু ফার্স্ট লী কুয়ান ইউ র আত্মকথা,মানিক মোহাম্মদ রাজ্জাক,500.0,http://books.com.bd/25505
Lady Behave বিশ্বের সেরা রহস্য উপন্যাস : ১১ লেডি বিহেভ,পিটার চেইনি,300.0,http://books.com.bd/25506
Sharonarthi শরণার্থী,সুধাংশু শেখর বিশ্বাস,300.0,http://books.com.bd/25507
Shipahi Bidroho Ebang Ekti Oitihasik Abichar সিপাহি বিদ্রোহ এবং একটি ঐতিহাসিক অবিচার,আনোয়ার হোসেইন মঞ্জু,300.0,http://books.com.bd/25509
White Mogulos [Nalonda] হোয়াইট মোগলস,আনোয়ার হোসেইন মঞ্জু,650.0,http://books.com.bd/25510
DEMOCRACY GOVERNANCE DEVELOPMENT ডেমোক্রেসি গভর্নেন্স ডেভেলপমেন্ট,আনু মাহমুদ,500.0,http://books.com.bd/25511
FOOD SECURITY ECONOMIC DEVELOPMENT ফুড সিকিউরিটি ইকোনমিক ডেভেলপমেন্ট,আনু মাহমুদ,360.0,http://books.com.bd/25512
Darbish : The Saint দারবিশ: দ্য সেন্ট,লতিফুল ইসলাম শিবলী,350.0,http://books.com.bd/25513
Anumanob অণুমানব,মোশতাক আহমেদ,300.0,http://books.com.bd/25514
Atipto Atna অতৃপ্ত আত্মা,মোশতাক আহমেদ,150.0,http://books.com.bd/25515
Avisopto Atta অভিশপ্ত আত্মা,মোশতাক আহমেদ,250.0,http://books.com.bd/25516
Ecchey Holay Chute Pari ইচ্ছে হলে ছুঁতে পারি তোমার অভিমান,লতিফুল ইসলাম শিবলী,200.0,http://books.com.bd/25517
Utsorgo Sahitto উৎসর্গ সাহিত্য,আলম তালুকদার,200.0,http://books.com.bd/25518
Ulu Pishacher Atta উলু পিশাচের আত্না,মোশতাক আহমেদ,300.0,http://books.com.bd/25519
Ei Shob Dinratri এই শব দিনরাত্রি,ধ্রুব এষ,100.0,http://books.com.bd/25520
Ekusher Chora Kabita [Agme Prk] একুশের ছড়া কবিতা,ফারুক হোসেন,150.0,http://books.com.bd/28473
Ekusher Chora Kabita [Nalonda]` একুশের ছড়া কবিতা,নাসের মাহমুদ,200.0,http://books.com.bd/25522
Ekusher Chora Kobita [Kakoli Prk] একুশের ছড়া কবিতা,আসলাম সানী,250.0,http://books.com.bd/11731
Kabitasomoggro O Anannay কবিতাসমগ্র ও অন্যান্য,যোহরা হাসীন,550.0,http://books.com.bd/25523
Kakatuya Bonera কাকাতুয়া বোনেরা,আন্দালিব রাশদী,200.0,http://books.com.bd/25524
Golpo Somogro [Anupam Prk] গল্পসমগ্র,রবীন্দ্রনাথ ঠাকুর,750.0,http://books.com.bd/10662
Chokher Bali [Kakoli Prokash] চোখের বালি,রবীন্দ্রনাথ ঠাকুর,120.0,http://books.com.bd/11591
Chokher Bali [Jonaki Prokash] চোখের বালি,রবীন্দ্রনাথ ঠাকুর,180.0,http://books.com.bd/25712
Sonar Tori [Jonaki] সোনার তরী,রবীন্দ্রনাথ ঠাকুর,150.0,http://books.com.bd/25791
Jogajog [Jonaki] যোগাযোগ,রবীন্দ্রনাথ ঠাকুর,250.0,http://books.com.bd/25770
Manoshi মানসী,রবীন্দ্রনাথ ঠাকুর,200.0,http://books.com.bd/11616
Geetangoji [Jonaki] গীতাঞ্জলী,রবীন্দ্রনাথ ঠাকুর,150.0,http://books.com.bd/14812
Kolpona কল্পনা,রবীন্দ্রনাথ ঠাকুর,150.0,http://books.com.bd/13018
Khonika ক্ষণিকা,রবীন্দ্রনাথ ঠাকুর,200.0,http://books.com.bd/11619
Sohoj Path 1/2 সহজ পাঠ,রবীন্দ্রনাথ ঠাকুর,200.0,http://books.com.bd/25391
Konar Onishchito Jatra কণার অনিশ্চিত যাত্রা,সিরাজুল ইসলাম চৌধুরী,90.0,http://books.com.bd/204
Rabindranather Kabbo Vabna রবীন্দ্রনাথের কাব্য ভাবনা,রবীন্দ্রনাথ ঠাকুর,400.0,http://books.com.bd/24782
Natok Somoggro [RTH] নাটক সমগ্র,রবীন্দ্রনাথ ঠাকুর,350.0,http://books.com.bd/25030
Kaler Dhabni কালের ধ্বনি,গোলাম কুদ্দুছ,300.0,http://books.com.bd/25525
Kishor Bangla Uppannash কিশোর বাংলার উপন্যাস,মাহবুব রেজা,450.0,http://books.com.bd/25526
Kishor Gankosh-1 কিশোর জ্ঞানকোষ-১,আবু ইকবাল,300.0,http://books.com.bd/25527
Cree ক্রি,মোশতাক আহমেদ,150.0,http://books.com.bd/25528
Creeki ক্রিকি,মোশতাক আহমেদ,200.0,http://books.com.bd/25529
Gigo গিগো,মোশতাক আহমেদ,225.0,http://books.com.bd/25530
Gito গিটো,মোশতাক আহমেদ,200.0,http://books.com.bd/25531
Gipilia গিপিলিয়া,মোশতাক আহমেদ,175.0,http://books.com.bd/25532
Grikdarshon : Progga O Proshar গ্রিকদর্শন : প্রজ্ঞা ও প্রসার,মোঃ আব্দুল হালিম,250.0,http://books.com.bd/25533
Great Wall to Opera House গ্রেট ওয়াল টু অপেরা হাউজ,আহমেদ ফরিদ,250.0,http://books.com.bd/25534
Channachara Mohapran ছন্নাছাড়া মহাপ্রাণ,বিষ্ণু প্রভাকর,600.0,http://books.com.bd/25535
Joki জকি,মোশতাক আহমেদ,180.0,http://books.com.bd/25536
Joler Akhor জলের অক্ষর,রুখসানা কাজল,200.0,http://books.com.bd/25537
Jago Bangali Konthe Sobai জাগো বাঙালি কোনঠে সবায়,মোনায়েম সরকার,150.0,http://books.com.bd/25538
Jorasako Theke Bolchi জোড়াসাঁকো থেকে বলছি,ড. বিশ্বজিৎ ঘোষ,350.0,http://books.com.bd/25539
Jochna Rater Jonaki জোছনা রাতের জোনাকি,মোশতাক আহমেদ,250.0,http://books.com.bd/25540
Tumi Amar Kashto Sobuj Kore Dao Na তুমি আমার কষ্টগুলো সবুজ করে দাও না,লতিফুল ইসলাম শিবলী,300.0,http://books.com.bd/25541
Droher Dipaboli দ্রোহের দীপাবলি,সুধাংশু শেখর বিশ্বাস,275.0,http://books.com.bd/25542
Nari Uttso Theke Nirontor নারী উৎস থেকে নিরন্তর,মেহেরুন নেছা রুমা,500.0,http://books.com.bd/25543
Nissoggo Jiri নিঃসঙ্গ জিরি,মোশতাক আহমেদ,150.0,http://books.com.bd/25544
Niki নিকি,মোশতাক আহমেদ,200.0,http://books.com.bd/25545
Niri নিরি,মোশতাক আহমেদ,275.0,http://books.com.bd/25546
Nirbachito Rachonabli-1 [MG] নির্বাচিত রচনাবলী - ১,মহাত্মা গান্ধী,500.0,http://books.com.bd/25547
Nirbachito Rachonaboli-2 [MG] নির্বাচিত রচনাবলী - ২,মহাত্মা গান্ধী,500.0,http://books.com.bd/25548
Nirbachito Rochonaboli-3 [MG] নির্বাচিত রচনাবলী,মহাত্মা গান্ধী,500.0,http://books.com.bd/25549
Nirbachito Rachonabali-4 [MG] নির্বাচিত রচনাবলী,মহাত্মা গান্ধী,500.0,http://books.com.bd/25550
Nirbachito Raochanaboli-5 [MG] নির্বাচিত রচনাবলী,মহাত্মা গান্ধী,500.0,http://books.com.bd/25551
Nihir Balovasha নিহির ভালোবাসা,মোশতাক আহমেদ,300.0,http://books.com.bd/25552
Puran Dhakar Kazol 1971 পুরান ঢাকার কাজল ১৯৭১,মাহবুব রেজা,200.0,http://books.com.bd/25553
Parish Periye Bilete প্যারিস পেরিয়ে বিলেত,মানিক মোহাম্মদ রাজ্জাক,375.0,http://books.com.bd/25554
Protinidittomulok Sarker প্রতিনিধিত্বমূলক সরকার,দরবেশ আলী খান,250.0,http://books.com.bd/25555
Protirodher Prothom Prohar প্রতিরোধের প্রথম প্রহর,মেজর রফিকুল ইসলাম পি এস সি,200.0,http://books.com.bd/25556
Protishoder Atta প্রতিশোধের আত্মা,মোশতাক আহমেদ,200.0,http://books.com.bd/25557
Probod Somoy প্রবোধ সময়,ফারজানা আহমেদ,200.0,http://books.com.bd/25558
Frederick Engels ফ্রেডরিক এঙ্গেলস,জাকির শামীম,350.0,http://books.com.bd/25560
Bobyer Vromon ববির ভ্রমণ,মোশতাক আহমেদ,125.0,http://books.com.bd/25561
Bosanto Barshar Digonto বসন্ত বর্ষার দিগন্ত,মোশতাক আহমেদ,200.0,http://books.com.bd/25562
Bangla Shabdo Bonno Banan বাংলা শব্দ বর্ণ বানান,হোসাইন রিদওয়ান আলী খান,250.0,http://books.com.bd/25563
Manob Savvotar Bigganer Abodan মানব সভ্যতায় বিজ্ঞানের অবদান,এস. এম মঞ্জুর মোর্শেদ,160.0,http://books.com.bd/25564
Parasychology: Bristi Veja Jochna প্যারাসাইকোলজি : বৃষ্টি ভেজা জোছনা,মোশতাক আহমেদ,180.0,http://books.com.bd/25565
Mathar Upor J Shunnota Tar Nam Akash Buker Vitor J Shunnota Tar Nam Dirghoshas মাথার উপর যে শূন্যতা তার নাম আকাশ বুকের ভিতর যে শূন্যতা তার নাম দীর্ঘশ্বাস,লতিফুল ইসলাম শিবলী,200.0,http://books.com.bd/25566
Megher Bari Ghoraghuri মেঘের বাড়ি ঘোরাঘুরি,মিতালী হোসেন,100.0,http://books.com.bd/25567
Metamorphosis মেটামরফসিস,ওভিদ,200.0,http://books.com.bd/25568
Roktotissna রক্ততৃষ্ণা,মোশতাক আহমেদ,200.0,http://books.com.bd/25569
Roboter Prithibi রোবটের পৃথিবী,মোশতাক আহমেদ,125.0,http://books.com.bd/25571
Robo রোবো,মোশতাক আহমেদ,375.0,http://books.com.bd/25572
Oikhane Jeonako Tumi ওইখানে যেওনাকো তুমি,মেহেরুন নেছা রুমা,160.0,http://books.com.bd/25604
Bristi Chinnito Jol বৃষ্টি চিহ্নিত জল,কুলদা রায়,400.0,http://books.com.bd/25636
Lal Dayeri লাল ডায়েরি,মোশতাক আহমেদ,325.0,http://books.com.bd/25574
Vuter Golpo kak ভূতের গল্প,রকিব হাসান,250.0,http://books.com.bd/24742
Sabuj Manob সবুজ মানব,মোশতাক আহমেদ,250.0,http://books.com.bd/25586
Rochonashomogro -3 [AH] রচনাসমগ্র-৩,জাকির শামীম,650.0,http://books.com.bd/17281
Selected Mystery Stories সিলেক্টেড মিস্ট্রি স্টোরিজ,অনীশ দাস অপু,300.0,http://books.com.bd/25587
Status স্ট্যাটাস,সুধাংশু শেখর বিশ্বাস,200.0,http://books.com.bd/25588
Smritir Dhaka স্মৃতির ঢাকা,কাজল ঘোষ,500.0,http://books.com.bd/25589
Hypophilia queen Victoria and Raspootin হিমোফিলিয়া কুইন ভিক্টোরিয়া ও রাসপুতিন,আশরাফ উল ময়েজ,250.0,http://books.com.bd/25590
Hotel Siyam হোটেল সিয়াম,সুধাংশু শেখর বিশ্বাস,200.0,http://books.com.bd/25591
Aparanho Prem অপরাহ্ন প্রেম,মেহেরুন নেছা রুমা,180.0,http://books.com.bd/25594
Avilashi Jhochona অভিলাষী জোছনা,মেহেরুন নেছা রুমা,180.0,http://books.com.bd/25595
Aiyn - Adhikar O Birodh Mimaangsa আইন - অধিকার ও বিরোধ মীমাংসা,মুহাম্মদ হাবিবুর রহমান,150.0,http://books.com.bd/25596
Amar Bondu Neel Pakhi আমার বন্ধু নীল পাখি,জাকির শামীম,100.0,http://books.com.bd/25599
Ami O Mama Hate Jai আমি ও মামা হাঁটে যাই,জাকির শামীম,80.0,http://books.com.bd/25600
Eidpus Complex O Anannay Probondho ইডিপাস কমপ্লেক্স ও অন্যান্য প্রবন্ধ,আন্দালিব রাশদী,350.0,http://books.com.bd/25601
East West ইষ্ট ওয়েষ্ট,সালমান রুশদী,150.0,http://books.com.bd/25602
Kakataruya [Nalonda] কাকতাড়ুয়া,মাহবুব রেজা,70.0,http://books.com.bd/25605
Khude Shoytaner Rajotto ক্ষুদে শয়তানের রাজত্ব,দেবীপ্রসাদ চট্টোপাধ্যায়,150.0,http://books.com.bd/25606
Gojari Boner Shikar Kahini গজারি বনের শিকার কাহিনী,সরওয়ার পাঠান,90.0,http://books.com.bd/25607
Choplar Chokhe Akashgongga চপলার চোখে আকাশগঙ্গা,সালমা বিশ্বাস,200.0,http://books.com.bd/25609
Chimbuk Pahrer Jatok-4 চিম্বুক পাহড়ের জাতক-৪,হরিপদ দত্ত,150.0,http://books.com.bd/25610
Chimbuk Pahrer Jatok-1 চিম্বুক পাহড়ের জাতক-১,হরিপদ দত্ত,250.0,http://books.com.bd/25611
Chimbuk Pahrer Jatok-2 চিম্বুক পাহড়ের জাতক-২,হরিপদ দত্ত,200.0,http://books.com.bd/25612
Chimbuk Pahrer Jatok-3 চিম্বুক পাহড়ের জাতক-৩,হরিপদ দত্ত,160.0,http://books.com.bd/25613
Chobi O Chora ছবি ও ছড়া,ঈশ্বর গুপ্ত,200.0,http://books.com.bd/25615
Cheleder Mohabarot [Nalonda] ছেলেদের মহাভারত,উপেন্দ্রকিশোর রায়চৌধুরী,250.0,http://books.com.bd/25616
Cheleder Ramayon ছেলেদের রামায়ণ,উপেন্দ্রকিশোর রায়চৌধুরী,150.0,http://books.com.bd/25617
chotoder Athoniti ছোটদের অর্থনীতি,ড. নীহারকুমার সরকার,90.0,http://books.com.bd/25618
CVhotoder Betaler Golpo [Nalonda] ছোটদের বেতালের গল্প,রকিব হাসান,55.0,http://books.com.bd/25619
Jonmo Jonmantor জন্ম জন্মান্তর,হরিপদ দত্ত,400.0,http://books.com.bd/25620
Jhinder Bondi [Nalonda] ঝিন্দের বন্দী,শরদিন্দু বন্দ্যোপাধ্যায়,160.0,http://books.com.bd/25621
Tuniya টিউনিয়া,ধ্রুব এষ,125.0,http://books.com.bd/25622
Tupurer Vabnagulo টুপুরের ভাবনাগুলো,যোহরা হাসীন,200.0,http://books.com.bd/25623
Topur Satar Shekha তপুর সাতার শেখা,জাকির শামীম,80.0,http://books.com.bd/25625
Bonbiraler Gorosthan বনবিড়ালের গোরস্তান,রকিব হাসান,120.0,http://books.com.bd/12038
Duti Pakhi দুটি পাখি,জাকির শামীম,80.0,http://books.com.bd/25626
Nirbachito Chotogolpo [Nalonda] নির্বাচিত ছোটগল্প,রবীন্দ্রনাথ ঠাকুর,260.0,http://books.com.bd/25628
Nirbachito Bideshi Gloplo নির্বাচিত বিদেশী গল্প,জাকির শামীম,100.0,http://books.com.bd/17180
Putulnacher Itikotha [Oboshor] পুতুলনাচের ইতিকথা,মানিক বন্দ্যোপাধ্যায়,180.0,http://books.com.bd/9313
Putulnacher Itikatha [Nalonda] পুতুলনাচের ইতিকথা,মানিক বন্দ্যোপাধ্যায়,300.0,http://books.com.bd/25629
Prithibir Pathe [Nalonda] পৃথিবীর পথে,ম্যাক্সিম গোর্কি,300.0,http://books.com.bd/25630
Prithibir Pathshalay [Nalonda] পৃথিবীর পাঠশালায়,ম্যাক্সিম গোর্কি,200.0,http://books.com.bd/25631
Porabarir Rahossho পোড়াবাড়ির রহস্য,মাহবুব রেজা,70.0,http://books.com.bd/25632
Kishor Classic Parasi Biplob ফরাসী বিপ্লব,রেদওয়ানুর রহমান,200.0,http://books.com.bd/25633
Barisal Anncholer Lokosahitto বরিশাল অঞ্চলের লোকসাহিত্য,ড. নূর মোহাম্মদ মল্লিক,300.0,http://books.com.bd/25634
Banglar Shahosi Manusher Katha বাংলার সাহসী মানুষের কথা,সিরাজ উদ্দীন সাথী,500.0,http://books.com.bd/25635
Vakto ভক্ত,মাসুম রেজা,150.0,http://books.com.bd/25637
Vutera Kemon Hoy ভূতেরা কেমন হয়,মাহবুব রেজা,70.0,http://books.com.bd/25638
Muktijuddher Duti Natok মুক্তিযুদ্ধের দুটি নাটক,জন মার্টিন,150.0,http://books.com.bd/25639
"Muloto Manush,Multo Manosh মূলত মানুষ, মূলত মানস",ইমতিয়ার শামীম,100.0,http://books.com.bd/25640
Meherpurer Baul Fakir মেহেরপুরের বাউল ফকির,মোঃ আবদুল ওহাব,750.0,http://books.com.bd/25641
Rokeya রোকেয়া,সুতপা ভট্টাচার্য,100.0,http://books.com.bd/25643
Lakshatyatara Ifty লহ্মীট্যারা ইফতি,মাহবুব রেজা,125.0,http://books.com.bd/25644
Lincon লিংকন,অশ্রুকুমার সিকদার,100.0,http://books.com.bd/25645
Lenin Keno লেনিন কেন জরুরি,সিরাজুল ইসলাম চৌধুরী,150.0,http://books.com.bd/25646
Shanti Sen Rochanaboli শান্তি সেন রচনাবলী,শান্তি সেন,200.0,http://books.com.bd/25647
Shahi Alakar Pathe Pathe শাহী এলাকার পথে পথে,নীলিমা ইব্রাহিম,125.0,http://books.com.bd/25648
Shiyaler Kathal Khaoya শিয়ালের কাঠাঁল খাওয়া,জাকির শামীম,80.0,http://books.com.bd/25649
Shestho Golpo [NG] শ্রেষ্ঠ গল্প,নারায়ণ গঙ্গোপাধ্যায়,300.0,http://books.com.bd/25650
Srestho Golpo [MG] শ্রেষ্ঠ গল্প,মশিউল আলম,200.0,http://books.com.bd/9573
Sotter Shandane Manush সত্যের সন্ধানে মানুষ,দেবীপ্রসাদ চট্টোপাধ্যায়,175.0,http://books.com.bd/25651
Sobkishu Shunno Mone Hoi সবকিছু শূন্য মনে হয়,আশরাফুল হক রাজীব,200.0,http://books.com.bd/25652
Somoy Matro Ek Minit সময় মাত্র এক মিনিট,জাকির শামীম,80.0,http://books.com.bd/25653
Somoyta Chilo Bosshakal সময়টা ছিল বর্ষাকাল,মাহবুব রেজা,70.0,http://books.com.bd/25654
Samudrosingho সমুদ্রসিংহ,তাইফুর রহমান,250.0,http://books.com.bd/25655
Theater Year-2 থিয়েটার বর্ষ-২,রামেন্দু মজুমদার,550.0,http://books.com.bd/25662
Somparko [Nalonda] সম্পর্ক,মেহেরুন নেছা রুমা,225.0,http://books.com.bd/25656
School Bolte Tomake Bujhi স্কুল বলতে তোমাকেই বুঝি,জাহানারা পারভীন,250.0,http://books.com.bd/25657
Atish Dipankar অতীশ দীপঙ্কর,একরাম আলী,100.0,http://books.com.bd/25658
Amader Bulu Vai-2 আমাদের বুলু ভাই (২য় খণ্ড),কাজী ইমরান,299.0,http://books.com.bd/25659
Choturonggo [Nalonda] চতুরঙ্গ,রবীন্দ্রনাথ ঠাকুর,125.0,http://books.com.bd/25660
Theater year-3 থিয়েটার বর্ষ-৩,রামেন্দু মজুমদার,550.0,http://books.com.bd/25663
Theater Year-4 থিয়েটার বর্ষ-৪,রামেন্দু মজুমদার,550.0,http://books.com.bd/25664
Darbish দারবিশ,লতিফুল ইসলাম শিবলী,300.0,http://books.com.bd/25665
The Princess দ্য প্রিন্সেস,জিন স্যাসন,200.0,http://books.com.bd/25666
Bastoner Pathe বস্টনের পথে,নীলিমা ইব্রাহিম,125.0,http://books.com.bd/25667
Vimruler Dudsahosik Avizan ভীমরুলের দু:সাহসিক অভিযান,হোসাইন রিদওয়ান আলী খান,70.0,http://books.com.bd/25668
Zogajog [Nalonda] যোগাযোগ,রবীন্দ্রনাথ ঠাকুর,275.0,http://books.com.bd/25669
Pondit Vut পণ্ডিত ভূত,জিল্লুর রহমান,100.0,http://books.com.bd/24694
Shorritur Chora Kabita Gan [Grishmokal] ষড়ঋতুর ছড়া কবিতা গান (গ্রীষ্মকাল),মোহাম্মাদ জিল্লুর রহমান,750.0,http://books.com.bd/25670
Shororitur Chora Kabita Gan [Borshakal] ষড়ঋতুর ছড়া কবিতা গান (বর্ষাকাল),মোহাম্মাদ জিল্লুর রহমান,650.0,http://books.com.bd/25671
shororitur Chora Kabita Gan [Boshontokal] ষড়ঋতুর ছড়া কবিতা গান (বসন্তকাল),মোহাম্মাদ জিল্লুর রহমান,300.0,http://books.com.bd/25672
Shororitur Chora Kabita Gan [Shorotkal] ষড়ঋতুর ছড়া কবিতা গান (শরৎকাল),মোহাম্মাদ জিল্লুর রহমান,300.0,http://books.com.bd/25673
Shororitur Chora Kabita Gan [Shitkal] ষড়ঋতুর ছড়া কবিতা গান (শীতকাল),মোহাম্মাদ জিল্লুর রহমান,550.0,http://books.com.bd/25674
Subhash Chandra সুভাষচন্দ্র,সুপর্ণা ভট্টাচার্য,60.0,http://books.com.bd/25675
Colchitro [Nalonda] চলচ্চিত্র,কমলকুমার মজুমদার,350.0,http://books.com.bd/25454
"Tomar Jonno, Priyota তোমার জন্য, প্রিয়তা",আনিসুল হক,130.0,http://books.com.bd/7867
The Trap দি ট্র্যাপ,আনিসুল হক,200.0,http://books.com.bd/7152
Bhalobashar Char Uponnash ভালবাসার চার উপন্যাস,আনিসুল হক,350.0,http://books.com.bd/7185
Jononi Shahoshini -1971 জননী সাহসিনী (১৯৭১),আনিসুল হক,150.0,http://books.com.bd/7272
....Athoba Etai Vhalobasha ... অথবা এটাই ভালোবাসা,সুমন্ত আসলাম,150.0,http://books.com.bd/25401
Amgach R Doyelpakhi আমগাছ আর দোয়েলপাখি,আহমেদ রিয়াজ,100.0,http://books.com.bd/25400
Adekha Vubon অদেখা ভুবন,হুমায়ূন আহমেদ,500.0,http://books.com.bd/25402
Flaming Eventide ফ্লামিং ইভেনটাইড,মোস্তফা কামাল,120.0,http://books.com.bd/13409
Vut Neben Go Vut ভূত নেবেন গো ভূত,দীপু মাহমুদ,200.0,http://books.com.bd/25435
Shiroratno শিরোরত্ন,সৈয়দা রশিদা বারী,700.0,http://books.com.bd/25436
Shohore Odbhut Jontu শহরে অদ্ভুত জন্তু,আনিসুল হক,80.0,http://books.com.bd/10585
Rajnoitik Arthoniti Sanmukhpane Bangladesh রাজনৈতিক অর্থনীতি সন্মুখপানে বাংলাদেশ,ড. শামসুল আলম,350.0,http://books.com.bd/25437
Chotora Jedin Barir Korta ছোটরা যেদিন বাড়ির কর্তা,আনিসুল হক,125.0,http://books.com.bd/10626
Ekattorer Shahid Buddhijibi একাত্তরের শহীদ বুদ্ধিজীবী,সৈয়দ মাজহারুল পারভেজ,500.0,http://books.com.bd/25408
Goyanda Avizan গোয়েন্দা অভিযান,শাহ আলম সাজু,150.0,http://books.com.bd/25409
The Boss Is Always Right দ্য বস ইজ অলওয়েজ রাইট,আনিসুল হক,200.0,http://books.com.bd/25411
Puriye Debo Tomar Kabita পুড়িয়ে দেব তোমার কবিতা,মৌসুমী মৌ,80.0,http://books.com.bd/25412
Pattahik Jibone Koran O Sunnha-r Alo প্রাত্যহিক জীবনে কোরআন ও সুন্নাহ-র আলো,ড. মোঃ জহিরুল হক ভূঁইয়া,350.0,http://books.com.bd/25413
Bishoy Aoyami Ligue বিষয় আওয়ামী লীগ,সুভাষ সিংহ রায়,500.0,http://books.com.bd/25414
Boka Manushta O Pagli MeyeTa বোকা মানুষটা ও পাগলি মেয়েটা,মীম নোশিন নাওয়াল খান,120.0,http://books.com.bd/25415
Mohoshunnotar Tatto O Darshon মোহশূণ্যতার তত্ত্ব ও দর্শন,মিজানুর রহমান ফকির,150.0,http://books.com.bd/25416
Juddhahoto Pokader Golpo যুদ্ধাহত পোকাদের গল্প,মোনালিসা মুন্নী,200.0,http://books.com.bd/25417
16 December O Muktijuddher Golpo ১৬ই ডিসেম্বর ও মুক্তিযুদ্ধের গল্প,সৈয়দা রশিদা বারী,150.0,http://books.com.bd/25418
Anno Somoyer Prem অন্য সময়ের প্রেম,শান্তনু চৌধুরী,200.0,http://books.com.bd/25419
Amanniyo Montri অমাননীয় মন্ত্রী,কুমার সুশান্ত সরকার,80.0,http://books.com.bd/25420
Aabakas Theke Dotcom অ্যাবাকাস থেকে ডটকম,সৌমেন সাহা,400.0,http://books.com.bd/25421
Professor Jhamlu Akashguha Abijan প্রফেসর ঝমলু আকাশগুহা অভিযান,রাতুল আমীন,200.0,http://books.com.bd/25422
Ayina আয়না,ফয়জুল ইসলাম,250.0,http://books.com.bd/25423
Pollir Math পল্লির মাঠ,শামসুল ইসলাম,100.0,http://books.com.bd/25424
Paromitake Shudu Bachate Cheyechi পারমিতাকে শুধু বাঁচাতে চেয়েছি,মোস্তফা কামাল,400.0,http://books.com.bd/25425
Rock Jatra রক যাত্রা,মিলু আমান,135.0,http://books.com.bd/25428
Tanu Kaka Shurij:Restora Rohossho তনু কাকা সিরিজ: রেস্তোরাঁ রহস্য,মোস্তফা মামুন,200.0,http://books.com.bd/25429
Geetbitan[pearl] গীতবিতান,রবীন্দ্রনাথ ঠাকুর,400.0,http://books.com.bd/25432
Nataipur নাটাইপুর,আহমেদ রিয়াজ,100.0,http://books.com.bd/25433
Pakir Jonno পাখির জন্য,আহমেদ রিয়াজ,100.0,http://books.com.bd/25434
Amader Bishesh Dingolo আমাদের বিশেষ দিনগুলো,বেলাল মোহাম্মদ,80.0,http://books.com.bd/26030
Erkiti Kirkiti Vutang Chowdury ইরকিটি কিরকিটি ভূতং চৌধুরী,সরওয়ার-উল ইসলাম,50.0,http://books.com.bd/26032
Chotoder Nirbachito Golper Jhuri [UKRC] ছোটদের নির্বাচিত গল্পের ঝুড়ি,উপেন্দ্রকিশোর রায়চৌধুরী,400.0,http://books.com.bd/26035
Chotoder Nirbachito Golper Jhuri [SR] ছোটদের নির্বাচিত গল্পের ঝুড়ি,সুকুমার রায়,400.0,http://books.com.bd/26036
Gutiya Detto গুটিয়া দৈত্য,বুলবুল চৌধুরী,40.0,http://books.com.bd/26037
Golden Goal গোন্ডেন গোল,আফরোজা পারভীন,60.0,http://books.com.bd/26038
Chotoder Nirbachito Goyenda Golpo ছোটদের নির্বাচিত গোয়েন্দা গল্প,এহসান চৌধুরী,350.0,http://books.com.bd/11665
Ghumer Bari `ঘুমের বাড়ি,আহমাদ মাযহার,80.0,http://books.com.bd/26040
Chotoder Golposamogro [EB] ছোটদের গল্পসমগ্র,ঈশ্বরচন্দ্র বিদ্যাসাগর,180.0,http://books.com.bd/26041
Chotoder Faunny Jokse ছোটদের ফাUNNই জোকস্‌,রোমান মল্লিক,225.0,http://books.com.bd/26042
Chotoder Rabindro Rochona ছোটদের রবীন্দ্র রচনা,আলমগীর মল্লিক,400.0,http://books.com.bd/26043
Dariwala Vutnath দাড়িওলা ভূতনাথ,আলীম আজিজ,40.0,http://books.com.bd/26044
Nirbachito Rahassho Golpo নির্বাচিত রহস্য গল্প [Aro Prk],এহসান চৌধুরী,350.0,http://books.com.bd/26046
Nirbachito Ashare Golpo নির্বাচিত আষাঢ়ে গল্প,অনিরুদ্ধ আলম,400.0,http://books.com.bd/26048
Bangabandhuke Niye Nirbachito Kishor Sahitto বঙ্গবন্ধুকে নিয়ে নির্বাচিত কিশোর সাহিত্য,অনিরুদ্ধ আলম,300.0,http://books.com.bd/26050
Phipre পিঁপড়ে,অনিরুদ্ধ আলম,100.0,http://books.com.bd/26051
Prothom Dakkai Chitpotang প্রথম ধাক্কায় চিৎপটাং,শিবরাম চক্রবর্তী,150.0,http://books.com.bd/26052
Baro Pagoler Kando বার পাগলের কান্ড,ফযলে আহমেদ,80.0,http://books.com.bd/26053
Bisher Vhyonkkor Golpo বিশ্বের ভয়ঙ্কর গল্প,এহসান চৌধুরী,120.0,http://books.com.bd/26055
Birshresthoder Katha [Aro Prk] বীরশ্রেষ্ঠদের কথা,বেলাল মোহাম্মদ,100.0,http://books.com.bd/26056
Vindeshi Rajputro-Rajkonna ভীনদেশী রাজপুত্র-রাজকন্যে,আলমগীর মল্লিক,100.0,http://books.com.bd/26059
Vuter Nachon ভূতের নাচন,এহসান চৌধুরী,120.0,http://books.com.bd/26060
Raktomukhi Sila Pahar রক্তমুখী শিলা পাহাড়,রাবেয়া খাতুন,40.0,http://books.com.bd/26069
Akti Sada Khorgosher Ajob Kahini একটি সাদা খরগোশের আজব কাহিনী,দেলোয়ার হোসেন,150.0,http://books.com.bd/26033
Biraler Advut Kanhdo বিড়ালের অদ্ভুত কান্ড,দেলোয়ার হোসেন,120.0,http://books.com.bd/26054
Vhuter Sangsar ভূতের সংসার,দেলোয়ার হোসেন,225.0,http://books.com.bd/26061
Shishu-Kishorder Mojar Dhadha শিশু-কিশোরদের মজার ধাঁধা,রোমান মল্লিক,250.0,http://books.com.bd/26062
Mayabotir Rupkatha [Aro Prk] মায়াবতীর রূপকথা,আলীম আজিজ,50.0,http://books.com.bd/26063
Megher Velkivaji মেঘের ভেলকিবাজী,নূরুল ইসলাম বরিন্দী,40.0,http://books.com.bd/26064
Medhabikashe Biggan Koij মেধাবিকাশে বিজ্ঞান কুইজ,আলমগীর মল্লিক,350.0,http://books.com.bd/26065
Maoi [Aro Prk] ম্যাঁও,রোমেন রায়হান,50.0,http://books.com.bd/26066
Jodi Dekha Pao যদি দেখা পাও,রশীদ হায়দার,100.0,http://books.com.bd/26067
Jhuddho Jhuddho Khela যুদ্ধ যুদ্ধ খেলা,ইসহাক খান,50.0,http://books.com.bd/26068
Roje Rate Ase Vhuter Telephone রোজ রাতে আসে ভূতের টেলিফোন,মোসাদ্দেক আহমেদ,100.0,http://books.com.bd/26071
Langarist Gilty Mama ল্যাঙ্গারিস্ট গিলটি মামা,মাহবুবুল হাসান নিরু,100.0,http://books.com.bd/26072
Lal Tuktuke Kamola লাল টুকটুকে কমলা,খায়রুল আলম সবুজ,60.0,http://books.com.bd/26073
Shuru-The Great Green Grasshopper শরু-দ্যা গ্রেট গ্রীণ গ্রাসহপার,তুহিন রহমান,60.0,http://books.com.bd/26074
Sabuj Rakkhos সবুজ রাক্ষস,জিনাত রোকসানা,70.0,http://books.com.bd/26075
Surjjo Hase Golpo Bole সূর্য হাসে গল্প বলে,মোসাদ্দেক আহমেদ,70.0,http://books.com.bd/26076
Sohrab Rustam [Aro Prk] সোহরাব রুস্তম,বিপ্রদাশ বড়ুয়া,70.0,http://books.com.bd/26077
Abishkar R Abishkar আবিষ্কর আর আবিষ্কর,এনায়েত রসুল,150.0,http://books.com.bd/26029
Nijhum Gor Voyonkor নিঝুম গড় ভয়ঙ্কর,এনায়েত রসুল,100.0,http://books.com.bd/26045
Boyngkorer Hatchani ভয়ঙ্করের হাতছানি,এনায়েত রসুল,120.0,http://books.com.bd/26057
A Study On DRUG Proliferation In Bangladesh এ স্টাডি অন ড্রাগ প্রলিফারেশন ইন বাংলাদেশ,ড. মাহফুজুর রহমান,550.0,http://books.com.bd/24699
Anek Akash অনেক আকাশ,মাহফুজুর রহমান,500.0,http://books.com.bd/25864
Amra Sobai Raza [Chandrabati Academy] আমরা সবাই রাজা,মাহফুজুর রহমান,500.0,http://books.com.bd/25870
Eshper Galposamogro [Katha Prk] ঈশপের গল্পসমগ্র,মাহফুজুর রহমান,200.0,http://books.com.bd/26940
Eshper Golposamagro [Jonaki prk] ঈশপের গল্পসমগ্র,সাঈদ আনাম,175.0,http://books.com.bd/25690
Onekguleo Bhuter Golpo অনেকগুলো ভূতের গল্প,ইমদাদুল হক মিলন,175.0,http://books.com.bd/7816
Antomilsamagroo অন্ত্যমিলসমগ্র ১,রাশেদ রউফ,700.0,http://books.com.bd/26206
Abbur Jonno Zuddho আব্বুর জন্য যুদ্ধ,সিরু বাঙালি,70.0,http://books.com.bd/26207
Aloker Ai Jhornadara আলোকের এই ঝর্ণাধারা,রাশেদ রউফ,200.0,http://books.com.bd/26208
Ek J Chilo Rajkumari এক যে ছিল রাজকুমারী,আলী ইমাম,60.0,http://books.com.bd/26210
Ek Jora Sabuj Chokh এক জোড়া সবুজ চোখ,নাসরীন মুস্তাফা,150.0,http://books.com.bd/26211
Ekattorer Natun Surjjo একাত্তরের নতুন সূর্য,সুজন বড়ুয়া,250.0,http://books.com.bd/26212
Wonderland Alice ওয়ান্ডারল্যান্ডে এলিস,রহিম শাহ,70.0,http://books.com.bd/26214
Kishor Uponyas Somogro-1 [RR] কিশোর উপন্যাস সমগ্র -১,রফিকুর রশিদ,450.0,http://books.com.bd/17164
Kishor Uponnashshomogro [SB] কিশোর উপন্যাস সমগ্র,সুজন বড়ুয়া,300.0,http://books.com.bd/7853
Kishor Golposamagrro [SF] কিশোর গল্পসমগ্র,সিরাজুল ফরিদ,300.0,http://books.com.bd/7852
Chotro Sonalir Golpo ছোট্ট সোনালির গল্প,আমীরুল ইসলাম,80.0,http://books.com.bd/26216
Chotoder Ekusher Golpo O Natok ছোটদের একুশের গল্প ও নাটক,আহসান মালেক,300.0,http://books.com.bd/26217
Chotoder Golposamogrro-1 [BB] ছোটদের গল্প সমগ্র ১,বিপ্রদাশ বড়ুয়া,400.0,http://books.com.bd/26218
Chotoder Golposamoggro-2 [BB] ছোটদের গল্পসমগ্র ২,বিপ্রদাশ বড়ুয়া,450.0,http://books.com.bd/26219
Chotoder Golpo Samagro [Adigonto Prk] ছোটদের গল্প সমগ্র,সিরু বাঙালি,400.0,http://books.com.bd/26220
Jadur Chora জাদুর ছোরা,এনায়েত রসুল,125.0,http://books.com.bd/26222
Tuntuni O Nekre Bagh টুনটুনিও নেকড়ে বাঘ,দেবাশীষ দেব,50.0,http://books.com.bd/26224
Detective O Ananny Golpo ডিটেক্টিভ ও অন্যান্য গল্প,সাজ্জাদ কবীর,100.0,http://books.com.bd/26225
Nirbachito Shisusahitto [PM] নির্বাচিত শিশুসাহিত্য,প্রেমেন্দ্র মিত্র,550.0,http://books.com.bd/26228
Tin Vhuter Ek Pran তিন ভূতের এক প্রাণ,লীলা দেউরী,100.0,http://books.com.bd/26227
Nirbachito Shisusahitto [BB] নির্বাচিত শিশুসাহিত্য,বুদ্ধদেব বসু,500.0,http://books.com.bd/26229
Porir Desher Meye পরির দেশের মেয়ে,বিশ্বজিৎ সেন,150.0,http://books.com.bd/26233
Patalpurir Raja পাতালপুরীর রাজা,আলী ইমাম,60.0,http://books.com.bd/26234
Putul Ranir Chara পুতুল রানির ছড়া,মালেক মাহমুদ,100.0,http://books.com.bd/26235
Ban-Paharer Ami বন-পাহাড়ের আমি,সুজন বড়ুয়া,120.0,http://books.com.bd/26238
Babar kache Golpo Shona বাবার কাছে গল্প শোনা,চন্দন মণ্ডল,125.0,http://books.com.bd/26239
Vuter Nam Habagonggaram ভূতের নাম হাবাগঙ্গারাম,ইমদাদুল হক মিলন,150.0,http://books.com.bd/26242
Vuter Puter Chora ভূতের পুতের ছড়া,তুহিন খান,50.0,http://books.com.bd/26243
Vuter Sathe Ekrat ভূতের সাথে একরাত,নজরুল ইসলাম খোকন,60.0,http://books.com.bd/26244
Mohabissher Kahini মহাবিশ্বের কাহিনী,সুবর্ণা রায়হান,70.0,http://books.com.bd/26245
MIna Jakhon Porir Deshe মিনা যখন পরীর দেশে,আদিত্য রুপু,60.0,http://books.com.bd/26246
Muktijuddher Shresthobir মুক্তিযুদ্ধের শ্রেষ্ঠ বীর,সিরু বাঙালি,70.0,http://books.com.bd/26247
Rangmakha Rupkatha রঙমাখা রূখকথা,সুজন বড়ুয়া,60.0,http://books.com.bd/26248
Rakkosh Joye Zuboraj রাক্ষস - জয়ী যুবরাজ,সুজন বড়ুয়া,70.0,http://books.com.bd/26249
Rel Chotte Mon Chotte রেল ছোটে মন ছোটে,রমজান আলী মামুন,100.0,http://books.com.bd/26250
Shokher Goyenda শখের গোয়েন্দা,দেলোয়ার হোসেন,150.0,http://books.com.bd/26251
Shahid Hasan Ali শহীদ হাসান আলী,জাহাঙ্গীর সেলিম,100.0,http://books.com.bd/26252
Shreshtho Kishor Kobita [Adigonto Prk] শ্রেষ্ঠ কিশোর কবিতা,সুজন বড়ুয়া,200.0,http://books.com.bd/26253
Sorwjogoter Kahini সৌরজগতের কাহিনী,সুবর্ণা রায়হান,70.0,http://books.com.bd/26254
Sawpner Dinguli স্বপ্নের দিনগুলো,সরদার জাকির হোসেন,100.0,http://books.com.bd/26255
Advut Choy Lok অদ্ভুত ছয় লোক,সুজন বড়ুয়া,70.0,http://books.com.bd/26256
Amake Chuti Dao আমাকে ছুটি দাও,সুজন বড়ুয়া,80.0,http://books.com.bd/26257
Amar Juddho Amar Akattor আমার যুদ্ধ আমার একাত্তর,সিরু বাঙালি,200.0,http://books.com.bd/26258
Aire Sokal Ai আয়রে সকাল আয়,অরুন শীল,150.0,http://books.com.bd/26259
Eshtiyaker Vut Gobeshona ইশতিয়াকের ভূত গবেষনা,পপি পারমিতা,150.0,http://books.com.bd/26260
Ekusher Michil একুশের মিছিল,তৌহিদ-উল ইসলাম,200.0,http://books.com.bd/26262
Kaje Hobo Boro কাজে হব বড়,আখতার হুসেন,200.0,http://books.com.bd/26263
Khishor Uponnash Samagrro [SB] কিশোর উপন্যাস সমগ্র,সিরু বাঙালি,500.0,http://books.com.bd/26264
Kutum Kutum কুটুম কুটুম,খালেদ সরফুদ্দীন,250.0,http://books.com.bd/26265
Goppiburo Ebang Adbuture Relgari গপ্পিবুড়ো এবং অদ্ভুতুড়ে রেলগাড়ি,রফিকুন নবী,200.0,http://books.com.bd/26266
Goloker Ulte Pithe গোলকের উল্টো পিঠে,শাম্‌স চৌধুরী রুশো,250.0,http://books.com.bd/26267
Golap Bagan Agle Rakhi গোলাপ বাগান আগলে রাখি,মনজুর কাদের,250.0,http://books.com.bd/26268
Ghumer Deshe Rajkumari ঘুমের দেশে রাজকুমারী,রহিম শাহ,60.0,http://books.com.bd/26269
Chadpori চাঁদপরি,মালেক মাহমুদ,100.0,http://books.com.bd/26270
Chorai Chorai A To Z ছড়ায় ছড়ায় এ টু জেড,আলী হাবিব,80.0,http://books.com.bd/26271
Chorai Chorai Vashar Lorai ছড়ায় ছড়ায় ভাষার লড়াই,আ. ফ. ম. মোদাচ্ছের আলী,200.0,http://books.com.bd/26272
Chotto Meye Hidi ছোট্ট মেয়ে হিডি,রহিম শাহ,60.0,http://books.com.bd/26273
Chotoder Knowledge Bank ছোটদের নলেজ ব্যাংক,সিরু বাঙালি,300.0,http://books.com.bd/26274
Chotoder Sadaran Gan Jante Hole Porte Hobe ছোটদের সাধারণ জ্ঞান জানতে হলে পড়তে হবে,সুবর্ণা রায়হান,250.0,http://books.com.bd/26275
Jadur Pakhi জাদুর পাখি,মঈন মুরসালিন,70.0,http://books.com.bd/26276
Jotsna O Jonaki জ্যোৎস্না ও জোনাকি,সুজন বড়ুয়া,200.0,http://books.com.bd/26278
Tom and Jerryr Dhaka Sofor টম এন্ড জেরির ঢাকা সফর,রহিম শাহ,70.0,http://books.com.bd/26279
Dainir Khoppore Rapunjel ডাইনির খপ্পরে রাপুনজেল,আসাদ চৌধুরী,70.0,http://books.com.bd/26280
Doytho O Napiter Golpo দৈত্য ও নাপিতের গল্প,শামসুজ্জামান খান,70.0,http://books.com.bd/26281
Nirbachito Sukumar Roy Shisu Sahitto নির্বাচিত সুকুমার রায় শিশু সাহিত্য,সুকুমার রায়,390.0,http://books.com.bd/26282
"Pori,Bagh O Dainir Gappo পরি , বাঘ ও ডাইনির গপ্‌পো",বিপ্রদাশ বড়ুয়া,150.0,http://books.com.bd/26284
Porir Nupur পরীর নূপুর,রাশেদ রউফ,100.0,http://books.com.bd/26285
Pa Pichle Alur Dom পা পিছলে আলুর দম,আহসান মালেক,175.0,http://books.com.bd/26286
Putul Holo Pori পুতুল হলো পরি,আহমাদ স্বাধীন,80.0,http://books.com.bd/26287
Fast Boy [Adigonto Prk] ফাস্ট বয়,মৃত্যুন্জয় রায়,70.0,http://books.com.bd/26288
Boro Razkumar বড় রাজকুমার,সুজন বড়ুয়া,250.0,http://books.com.bd/26290
Boner Vetor Advut Restora বনের ভেতরে অদ্ভুত রেস্তোরাঁ,বিপ্রদাশ বড়ুয়া,100.0,http://books.com.bd/26291
Bissher Bismoy বিশ্বের বিস্ময়,মোকারম হোসেন,100.0,http://books.com.bd/26292
Buddhisshor বুদ্ধিশ্বর,আখতারুজ্জামান চিরু,60.0,http://books.com.bd/26293
Voutgulo Khub Dustu Cilo ভূতগুলো খুব দুষ্টু ছিল,ইমদাদুল হক মিলন,250.0,http://books.com.bd/26294
Bhuter Cora [Katha Prk] ভূতের ছড়া,আসলাম সানী,50.0,http://books.com.bd/26991
VputerbChora [Adigonto Prk] ভূতের ছড়া,রফিকুর রশিদ,100.0,http://books.com.bd/26295
Vuter Bari Hat Barano ভূতের বাড়ি হাত বাড়ানো,রফিকুর রশিদ,150.0,http://books.com.bd/26296
Vuter Begar Khati ভূতের বেগার খাটি,স. ম. শামসুল আলম,100.0,http://books.com.bd/26297
Mourpori ময়ূরপরি,নাসিরুদ্দীন তুসী,80.0,http://books.com.bd/26298
Mohajot Sorkarer Safollo মহাজোট সরকারের সাফল্য,ববিতা বড়ুয়া,150.0,http://books.com.bd/26299
Megher Kole Rode [Adigonto Prk] মেঘের কোলে রোদ,সুজন বড়ুয়া,1500.0,http://books.com.bd/26300
Megher Desher Pori মেঘের দেশের পরি,চৌধুরী নূর হুসাইন,80.0,http://books.com.bd/26301
Raza O Sonali Pakhi রাজা ও সোনালি পাখি,সুবর্ণা রায়হান,50.0,http://books.com.bd/26302
Ranipukurer Dustu Vut রানিপুকুরের দুষ্টু ভূত,শিবুকান্তি দাশ,200.0,http://books.com.bd/26303
Ramdonuker Sako রামধনুকের সাঁকো,আখতার হুসেন,150.0,http://books.com.bd/26304
Rodhmakha Dore রোধমাখা দোর,দেবাশীষ দেব,150.0,http://books.com.bd/26305
Lalu Mastan Valo Hoye Gese লালু মাস্তান ভালো হয়ে গেছে,কাইজার চৌধুরী,60.0,http://books.com.bd/26306
Shisirer Antore শিশিরের অন্তরে,মুজিবুর রহমান,200.0,http://books.com.bd/26307
Apita troyi এপিতা এয়ী,মুজিবুর রহমান,300.0,http://books.com.bd/26213
Santapto Antor Mom সন্তপ্ত অন্তর মম,মুজিবুর রহমান,200.0,http://books.com.bd/26308
Sobuj Patar Chora সবুজ পাতার ছড়া,পাশা মোস্তফা কামাল,130.0,http://books.com.bd/26309
Samudrojoyer Majar Golpo সমুদ্রজয়ের মজার গল্প,আলী ইমাম,350.0,http://books.com.bd/26310
Se Amar Boro Bon সে আমার বড় বোন,সুজন বড়ুয়া,250.0,http://books.com.bd/26311
Swapnobona Maniksona স্বপ্নবোনা মানিকসোনা,কেশব জিপসী,150.0,http://books.com.bd/26312
Advut Ek Prani অদ্ভুত এক প্রাণী,মালেক মাহমুদ,60.0,http://books.com.bd/26313
Akash-Porir Golpo আকাশ-পরীর গল্প,মুস্তাফা মাসুদ,60.0,http://books.com.bd/26314
Itur Pori Anti ইটুর পরী আন্টি,আলম তালুকদার,60.0,http://books.com.bd/26315
Imotir Gari ইমতির গাড়ি,নেছার আহমদ,54.0,http://books.com.bd/26316
Emoner Chorui Pakhi ইমনের চড়ুই পাখি,রিফাত কামাল সাইফ,50.0,http://books.com.bd/26317
Ek J Chilo Bir এক যে ছিল বীর,অরুন শীল,50.0,http://books.com.bd/26318
Kahargiti কাহারগীতি,মুজিবুর রহমান,300.0,http://books.com.bd/26320
Chotoder Pachti Natok ছোটদের পাঁচটি নাটক,প্রদীপ দেওয়ানজী,200.0,http://books.com.bd/26322
Utso Perar Chhalchaturi Shisu O Shisusahitto উৎসে ফেরার ছলচাতুরী শিশু ও শিশুসাহিত্য,হায়াত্‍ মামুদ,200.0,http://books.com.bd/26359
Upokolio Krishi উপকূলীয় কৃষি,মৃত্যুঞ্জয় রায়,250.0,http://books.com.bd/26360
H. Eye. V. Aids এইচ. আই. ভি. এইডস,বুলবুল সারওয়ার,80.0,http://books.com.bd/26361
Ekattorer Bangladesh একাত্তরের বাংলাদেশ,লে. কর্ণেল সরদার মাহমুদ হোসেন,400.0,http://books.com.bd/26363
Gonotontro Chichingfak গনতন্র চিচিংফাঁক,শুচি সৈয়দ,60.0,http://books.com.bd/26365
Gontantro Bangabandhu Sadinota গণতন্ত্র বঙ্গবন্ধু স্বাধীনতা,ড. আলী আসগর,500.0,http://books.com.bd/26366
Chalomanchitro চলমানচিত্র,অরুণ চৌধুরী,250.0,http://books.com.bd/26367
Chasbas Baromash চাষবাস বারো মাস,আরিফ হাসান,120.0,http://books.com.bd/26370
Chara Chamcham Chora Zhamjhom ছড়া চমচম ছড়া ঝমঝম,আলম তালুকদার,100.0,http://books.com.bd/26371
Chora Parle Chul Pake na ছড়া পড়লে ‍চুল পাকে না,আলম তালুকদার,100.0,http://books.com.bd/26372
Charasamogro-1 [AS] ছড়াসমগ্র-১,আসলাম সানী,320.0,http://books.com.bd/26375
Charasamogro-2 [AL] ছড়াসমগ্র-২,আনজির লিটন,350.0,http://books.com.bd/26376
Charasamogro-2 [AS] ছড়াসমগ্র,আসলাম সানী,320.0,http://books.com.bd/26377
Chotoder Golposamoggro-1 [AL] ছোটদের গল্পসমগ্র,আনজির লিটন,450.0,http://books.com.bd/26378
Chotoder Choto Golpo ছোটদের ছোট গল্প,আশরাফুল আলম পিন্টু,350.0,http://books.com.bd/26379
Chotoder Jonno Kichu Lekha ছোটদের জন্য কিছুৃ লেখা,ফরিদুর রেজা সাগর,400.0,http://books.com.bd/26380
Jalrange Aki Nokhatter Khopa জলরঙে আঁকি নক্ষত্রের খোঁপা,মুজিবুল হক কবীর,250.0,http://books.com.bd/26382
Jadutonar Desh Kamrup Kamakhya জাদুটোনার দেশ কামরূপ কামাখ্যা,লিয়াকত হোসেন খোকন,100.0,http://books.com.bd/26383
Jorsomadhi জোড়সমাধি,এস এম পাশা,120.0,http://books.com.bd/26384
Jalgochnar Alochaya জলজোছনার আলোছায়া,অনিন্দিতা মুক্তা,150.0,http://books.com.bd/26385
Talent Boy ট্যালেন্ট বয়,শামস সাঈদ,180.0,http://books.com.bd/26386
Thik Sondhar Age ঠিক সন্ধ্যার আগে,মাহবুব আজীজ,150.0,http://books.com.bd/26387
Diabeteser Upor Nazar Rakhun Nijeke Rakkha Korun ডায়াবেটিসের উপর নজর রাখুন নিজেকে রক্ষা করুন,ডা. শাহজাদা সেলিম,300.0,http://books.com.bd/26388
Tokhon Chad Urechilo তখন চাঁদ উঠেছিল,ডা. শাহনেওয়াজ চৌধুরী,80.0,http://books.com.bd/26389
Tumi R Nei Sei Tumi তুমি আর নেই সেই তুমি,হামিদ কায়সার,100.0,http://books.com.bd/26390
Tomar Pathe Chariye Dilam Ful তোমার পথে ছড়িয়ে দিলাম ফুল,ডা. শাহনেওয়াজ চৌধুরী,160.0,http://books.com.bd/26391
Dash Dikhe Dash Dhar Dakche Duyar Khule দশ দিকে দশ দ্বার ডাকছে দুয়ার খুলে,শুচি সৈয়দ,75.0,http://books.com.bd/26392
Desh Periye Anno Desh দেশ পেরিয়ে অন্য দেশ,মৃত্যুঞ্জয় রায়,150.0,http://books.com.bd/26394
Deshratno Sheikh Hasina [Anindhoy Prk] দেশরত্ন শেখ হাসিনা,বেবী মওদুদ,120.0,http://books.com.bd/26395
"Sultana Sulaman Ke Dekbo,Aparna সুলতান সুলেমান কি দেখব, অপর্ণা",আনিসুল হক,250.0,http://books.com.bd/25036
Hasir Golpo Somoggro হাসির গল্প সমগ্র,আনিসুল হক,470.0,http://books.com.bd/25095
Kishor Sat Goyenda কিশোর সাত গোয়েন্দা,আনিসুল হক,470.0,http://books.com.bd/25101
Ekaki Ekti Meye একাকি একটি মেয়ে,আনিসুল হক,150.0,http://books.com.bd/13185
Jimmi জিম্মি,আনিসুল হক,75.0,http://books.com.bd/13188
Valo Laga Koitukgulo ভালো লাগা কৌতুকগুলো,আনিসুল হক,160.0,http://books.com.bd/25406
Notun Projanmer Dristite Banggobandhu নতুন প্রজন্মের দৃষ্টিতে বঙ্গবন্ধু,আলম তালুকদার,120.0,http://books.com.bd/26398
Nishongo Karagare Shekh Hasinar 331 Din নিঃসঙ্গ কারাগারে শেখ হাসিনার ৩৩১ দিন,বেবী মওদুদ,300.0,http://books.com.bd/26399
Suchoritasu সুচরিতাসু,আনিসুল হক,150.0,http://books.com.bd/13186
Patromitali পত্রমিতালী,লিয়াকত হোসেন খোকন,250.0,http://books.com.bd/26400
Pori Amar Bon পরি আমার বোন,আশরাফুল আলম পিন্টু,120.0,http://books.com.bd/26401
Polli Vramon পল্লী ভ্রমণ,মৃত্যুঞ্জয় রায়,350.0,http://books.com.bd/26403
Pahari Fashol পাহাড়ি ফসল,মৃত্যুঞ্জয় রায়,350.0,http://books.com.bd/26404
Anno Aloi Jatir Jhonok অন্য আলোয় জাতির জনক,র আ ম উবায়দুল মোকতাদির চৌধুরী,260.0,http://books.com.bd/26406
Anandde-Ullasher Nagar আনন্দ-উল্লাসের নগরে,লিয়াকত হোসেন খোকন,140.0,http://books.com.bd/26407
Antorjatik Gonomaddame Muktijuddho O Bangabandhu Sheikh Mujib আন্তজার্তিক গণমাধ্যমে মুক্তিযুদ্ধ ও বঙ্গবন্ধু শেখ মুজিব,অষ্ট্রিক আর্যু,240.0,http://books.com.bd/26408
Amra Zuddhoshisu আমরা যুদ্ধশিশু,সুরমা জাহিদ,500.0,http://books.com.bd/26409
Aar Dabaya Rakhbar Parba na আর দাবায়া রাখবার পারবা না,মোহাম্মদ সা’দাত আলী,60.0,http://books.com.bd/26410
Apu O Sujjomukhi অপু ও সূর্যমুখী,আনিসুল হক,80.0,http://books.com.bd/26188
Khachar Pakhi খাঁচার পাখি,আনিসুল হক,80.0,http://books.com.bd/26200
Chele Dhorar Kobole Pori ছেলেধরার কবলে পরি,আনিসুল হক,80.0,http://books.com.bd/26215
Etu Boidir Ghar ইতু বৌদির ঘর,বুলবুল চৌধুরী,125.0,http://books.com.bd/26411
Eider Chora ঈদের ছড়া,সোনিয়া চৌধুরী,100.0,http://books.com.bd/26412
Ekhon Porimol এখন পরিমল,মঈনুল আহসান সাবের,250.0,http://books.com.bd/26413
Pukure Mach Chash পুকুরে মাছ চাষ,মৃত্যুঞ্জয় রায়,150.0,http://books.com.bd/26414
poultry Palon পোল্ট্রি পালন,মৃত্যুঞ্জয় রায়,300.0,http://books.com.bd/26415
Fakhruddin Sarkarer 2 Bachorer Khando Chitro ফখরুদ্দীন সরকারের ২ বছরের খন্ড চিত্র,ড. মমতাজউদ্দীন পাটোয়ারী,320.0,http://books.com.bd/26416
Folito Pusti ফলিত পুষ্টি,ড. মুহম্মদ কবিরউল্ল্যা,600.0,http://books.com.bd/26417
Bangabandhur Kannay Sheikh Hasina বঙ্গবন্ধু - কন্যা শেখ হাসিনা,বেবী মওদুদ,140.0,http://books.com.bd/26418
Borshar Chora বর্ষার ছড়া,সোনিয়া চৌধুরী,80.0,http://books.com.bd/26419
Bohirbishwe Gonomaddhame Bangladesher Muktijuddho বহির্বিশ্বে গণমাধ্যমের বাংলাদেশের মুক্তিযুদ্ধ,সুরমা জাহিদ,300.0,http://books.com.bd/26420
Bangladesher Lokokahini -1 part বাংলাদেশের লোককাহিনী (প্রথম খন্ড),মুহাম্মদ হাবিবুল্লাহ পাঠান,250.0,http://books.com.bd/26423
Bangladesher Lokokahini -2 part বাংলাদেশের লোককাহিনী (২য় খন্ড) নেত্রকোণা,মুহাম্মদ হাবিবুল্লাহ পাঠান,250.0,http://books.com.bd/26424
Bangladesher Lokokahini -3 part বাংলাদেশের লোককাহিনী (৩য় খন্ড) ব্রাহ্মণবাড়িয়া,মুহাম্মদ হাবিবুল্লাহ পাঠান,300.0,http://books.com.bd/26425
Bari Koi Bari Nai বাড়ি কই বাড়ি নাই,আনজির লিটন,70.0,http://books.com.bd/26426
Balihaser Dak বালিহাঁসের ডাক,স্বকৃত নোমান,250.0,http://books.com.bd/26428
Bigganider Jibon O Abiskar বিজ্ঞানীদের জীবন ও আবিষ্কার,এনায়েত রসুল,500.0,http://books.com.bd/26429
Buker Vetor Babui-Basa বুকের ভেতর বাবুই-বাসা,সুজন সুপান্থ,100.0,http://books.com.bd/26430
Boiganik Paddhattiey Moumasi Palon বৈজ্ঞানিক পদ্ধতিতে মৌমাছি পালন,মোঃ আলী আশরাফ খান,200.0,http://books.com.bd/26431
Batha Niramoye Bayam ব্যথা নিরাময়ে ব্যায়াম,ডা. এম. এ. শাকুর,120.0,http://books.com.bd/26432
Bangga Danaguli ভাঙা ডানাগুলি,মোস্তফা মীর,70.0,http://books.com.bd/26433
Valobasha Ei Alotuku Chara Smasttoi Andokar ভালোবাসা এই আলোটুকু ছাড়া সমস্তই অন্ধকার,শুচি সৈয়দ,60.0,http://books.com.bd/26434
Maa O Shishur Pushti মা ও শিশুর পুষ্টি,ড. মুহম্মদ কবিরউল্ল্যা,160.0,http://books.com.bd/26436
Math Fasoler Chasabad মাঠ ফসলের চাষাবাদ,মৃত্যুঞ্জয় রায়,300.0,http://books.com.bd/26437
Manusher Neta মানুষের নেতা,র আ ম উবায়দুল মোকতাদির চৌধুরী,200.0,http://books.com.bd/26438
Muktizuddher Kishorsamagroo মুক্তিযুদ্ধের কিশোরসমগ্র,শাহজাহান কিবরিয়া,350.0,http://books.com.bd/26439
Muktijuddha Manik মুক্তিযোদ্ধা মানিক,বেবী মওদুদ,100.0,http://books.com.bd/26440
Mrito Manusher Nagore Vroman মৃত মানুষের নগরে ভ্রমণ,লিয়াকত হোসেন খোকন,200.0,http://books.com.bd/26441
Je Sur Baje Prane যে সুর বাজে প্রাণে,অনিন্দিতা মুক্তা,150.0,http://books.com.bd/26442
Rakomari Chara রকমারি ছড়া,মাসুদুল হাসান রনি,100.0,http://books.com.bd/26443
Rakter Nisorge Sadesh রক্তের নিসর্গে স্বদেশ,আহমদ রফিক,100.0,http://books.com.bd/26445
Rara Ar Foringera রারা আর ফড়িঙেরা,রুদ্রাক্ষ রহমান,60.0,http://books.com.bd/26446
Rastrovasha Andolon O Bangabandhu Sheikh Mujibur Rahman রাষ্ট্রভাষা-আন্দোলন ও বঙ্গবন্ধু শেখ মুজিবুর রহমান,এম আর মাহবুব,350.0,http://books.com.bd/26447
Rastrovasha Andolon Theke Sadinota রাষ্ট্রভাষা আন্দোলন থেকে স্বাধীনতা,এম আর মাহবুব,200.0,http://books.com.bd/26448
Shak Sabji Chash শাক সবজি চাষ,মৃত্যুঞ্জয় রায়,600.0,http://books.com.bd/26451
Shiore Concrete শিয়রে কংক্রিট,জিয়া আহমেদ শেলী,60.0,http://books.com.bd/26452
Shisur Protidiner Khabar শিশুর প্রতিদিনের খাবার,ডা. সুমন চৌধুরী,300.0,http://books.com.bd/26453
Satto Balar Zontrona সত্য বলার যন্ত্রণা,জুলফিয়া ইসলাম,250.0,http://books.com.bd/26454
Shab Golpoi Puran Dhakar সব গল্পই পুরাণ ঢাকার,মাহবুব রেজা,100.0,http://books.com.bd/26455
Hridrog O Diabetes Ki Ebang Keno? হৃদরোগ ও ডায়াবেটিস কী এবং কেন?,ডা. তপতী মণ্ডল,150.0,http://books.com.bd/26458
Alpo Kathai Shak-Sabji অল্প কথায় শাক-সবজি,মোকারম হোসেন,250.0,http://books.com.bd/26459
Ashim Shunnote Tishtho অসীম শূন্যতে তিষ্ঠ,কাজী জহিরুল ইসলাম,250.0,http://books.com.bd/26460
Invocation Of The No-Ones ইনভ্যাসন অভ দ্য নো ওয়ান্স,অনীশ দাস অপু,60.0,http://books.com.bd/26462
Islam Biggan Vittik Darmmo ইসলাম বিজ্ঞান ভিত্তিক ধর্ম,আতাউর রহমান আতা,200.0,http://books.com.bd/26463
Udbhidswobhab (2nd Part) উদ্ভিদস্বভাব : গাছপালার বিচিত্র জীবনকথন (২য় খণ্ড),জায়েদ ফরিদ,450.0,http://books.com.bd/26464
Ei Kon Bangladeshi Samaj এ কোন্‌ বাংলাদেশি সমাজ,আহমদ রফিক,400.0,http://books.com.bd/26465
Kalpana Datta কল্পনা দত্ত : এক অগ্নিকন্যার বিপ্লবী জীবন ও সময়,শরীফ শমশির,750.0,http://books.com.bd/26467
The Secret Path দ্যা সিক্রেট পাথ,অনীশ দাস অপু,65.0,http://books.com.bd/26468
Chirzobona Barcelona চিরযৌবনা বার্সেলোনা,আবু নাছের টিপু,150.0,http://books.com.bd/26469
Chanaponar Selfie ছানাপোনার সেলফি,আশিক মুস্তাফা,200.0,http://books.com.bd/26470
Chayar Nirbason Nirbasoner Chaya ছায়ার নির্বাসন নির্বাসনের ছায়া,কাজী রাফি,300.0,http://books.com.bd/26471
Jibonmanccher Adhinaok জীবনমঞ্চের অধিনায়ক,হারুন পাশা,650.0,http://books.com.bd/26472
Dhakai Muktijhudder Dingolo [Anindhoy Prk] ঢাকায় মুক্তিযুদ্ধের দিনগুলো,আহমদ রফিক,250.0,http://books.com.bd/26473
Toru - Ni তরু-নৃ,আসিফ মেহেদী,150.0,http://books.com.bd/26474
Darshan দর্শন,আহমেদ লিপু,100.0,http://books.com.bd/26475
The Witches Revenge দ্য উইচেস রিভেঞ্জ,অনীশ দাস অপু,65.0,http://books.com.bd/26476
The Size The Clue দ্য সাইজ দ্য ক্লূ,রহমান শেলী,120.0,http://books.com.bd/26477
Pri পৃ,মুহম্মদ জাফর ইকবাল,125.0,http://books.com.bd/7548
Nihshongo Grohochari নিঃসঙ্গ গ্রহচারী,মুহম্মদ জাফর ইকবাল,120.0,http://books.com.bd/7545
Cromium Oronno ক্রোমিয়াম অরণ্য,মুহম্মদ জাফর ইকবাল,150.0,http://books.com.bd/7546
Alien In The Sky এলিয়েন ইন দ্য স্কাই,অনীশ দাস অপু,100.0,http://books.com.bd/26478
Night Of The Vampires নাইট অভ দ্য ভ্যাম্পায়ার,অনীশ দাস অপু,60.0,http://books.com.bd/26479
Litu Brinttanto লিটু বৃত্তান্ত,মুহম্মদ জাফর ইকবাল,175.0,http://books.com.bd/10269
Neel Mrittu নীল মৃত্যু,মোশতাক আহমেদ,150.0,http://books.com.bd/26480
Padmabu পদ্মবু,শাম্মী তুলতুল,150.0,http://books.com.bd/26481
"Paribar,Baktigoto Malikana O Rastrer Utpotti পরিবার, ব্যক্তিগত মালিকানা ও রাষ্ট্রের উৎপত্তি",ননী ভৌমিক,200.0,http://books.com.bd/26482
Pet Fata Hashi পেট ফাটা হাসি,ইকবাল খন্দকার,150.0,http://books.com.bd/26483
Pora Mritodeher Rajniti O Somoyer Golpo পোড়া মৃতদেহের রাজনীতি ও সময়ের গল্প,সাব্বির খান,300.0,http://books.com.bd/26484
Projapoti Mon প্রজাপতি মন,রাকিবুল ইসলাম মুকুল,200.0,http://books.com.bd/26485
Premanukabbo-2 প্রেমাণুকাব্য-২,পলাশ মাহবুব,100.0,http://books.com.bd/26486
Boi Khullei Vut বই খুললেই ভূত,পলাশ মাহবুব,120.0,http://books.com.bd/26487
Bodle Zabar Age বদলে যাবার আগে,মোস্তফা মনোয়ার,250.0,http://books.com.bd/26488
Bangla Sahitter Nana Anushanga বাংলা সাহিত্যের নানা অনুষঙ্গ,হরিশঙ্কর জলদাস,300.0,http://books.com.bd/26490
Bichurno Bivash বিচূর্ণ বিভাস,জিল্লুর রহমান সোহাগ,150.0,http://books.com.bd/26491
Buddhijibir Sanskritir Banam Jonosanskriti বুদ্ধিজীবীর সংস্কৃতি বনাম জনসংস্কৃতি,আহমদ রফিক,200.0,http://books.com.bd/26492
Science fantasy : Black Night সায়েন্স ফ্যান্টাসি : ব্ল্যাক নাইট,রাকিবুল ইসলাম মুকুল,150.0,http://books.com.bd/26493
Valo Theko Mon ভালো থেকো মন,রুদ্র গোস্বামী,120.0,http://books.com.bd/26494
Valobashar Vugole ভালোবাসার ভূগোলে,আমিনুল ইসলাম,120.0,http://books.com.bd/26495
BhromaonKatha ভ্রমণকথা,আতাউর রহমান কানন,500.0,http://books.com.bd/26496
Maddorater Talk Show মধ্যরাতের টক শো,মাসুদুল হাসান রনি,120.0,http://books.com.bd/26497
Muktijuddher Manchitro O Sadhinota Uttoradhikar মুক্তিযুদ্ধের মানচিত্র ও স্বাধীনতার উত্তরাধিকার,ফকির ইলিয়াস,300.0,http://books.com.bd/26498
Rangdhanur Sako [Anindhoy Prk] রংধনুর সাঁকো,কাজী রাফি,450.0,http://books.com.bd/26499
Rustamjir Vashoo : Bangladesher Mukti রুস্তমজি-র ভাষ্য : বাংলাদেশের মুক্তি,ড. মোহাম্মদ আবদুর রশীদ,100.0,http://books.com.bd/26500
Rai-Krishna Podabali রাই-কৃষ্ণ পদাবলী,শেখ হাফিজুর রহমান,100.0,http://books.com.bd/26501
Shasid Minarer Itihash শহিদ মিনারের ইতিহাস,এম আর মাহবুব,350.0,http://books.com.bd/26507
Shikol শিকল,রমেশ চন্দ্র বিশ্বাস,200.0,http://books.com.bd/26508
Shikkha Amar Broto শিক্ষা আমার ব্রত,ভাসিলি সুখমলিনস্কি,250.0,http://books.com.bd/26509
Shikkha Sangskarer Duiso Bachar শিক্ষা সংস্কারের দুইশ বছর,আবু নাছের টিপু,312.0,http://books.com.bd/26510
Shoishobe-Koishore Ganiter Mukhomukhi শৈশব-কৈশোরে গণিতের মুখোমুখি,মোস্তফা মনোয়ার,200.0,http://books.com.bd/26511
Poderthobigyaner Mukhomukhi শৈশব-কৈশোরে :পদার্থবিজ্ঞানের মুখোমুখি,মোস্তফা মনোয়ার,250.0,http://books.com.bd/26512
Sangghatmoy Bishwrajninti সংঘাতময় বিশ্বরাজনীতি,আহমদ রফিক,350.0,http://books.com.bd/26513
Shporshe Rokte Mangse স্পর্শে রক্তে মাংসে,জুলফিয়া ইসলাম,350.0,http://books.com.bd/26514
"Galpo,Galpo Noi গল্প, গল্প নয়",জিল্লুর রহমান সোহাগ,250.0,http://books.com.bd/26515
Git O Surer Vinno Urmimalay : Nazrul Sangit গীত ও সুরের ভিন্ন ঊর্মিমালায় : নজরুল সংগীত,ফাতেমা তুজ জোহরা,300.0,http://books.com.bd/26516
Chorabalir Basinda চোরাবালির বাসিন্দা,শাম্মী তুলতুল,120.0,http://books.com.bd/26517
Chayamukh O Ashchorjokuhoq ছায়ামুখ ও আশ্চর্যকুহক,ইকবাল হাসান,200.0,http://books.com.bd/26518
Joarer Jal Ebang Kagojer Nowka জোয়ারের জল এবং কাগজের নৌকা,জামাল রেজা,150.0,http://books.com.bd/26519
Jhorese Noyonbari ঝরিছে নয়নবারি,কয়েস সামী,120.0,http://books.com.bd/26520
Jhikimiki ঝিকিমিকি,ফয়েজ কবির,200.0,http://books.com.bd/26521
Tabu O Bristi Namuk তবুও বৃষ্টি নামুক,রুদ্র গোস্বামী,150.0,http://books.com.bd/26522
Tumi Bristimoyi তুমি বৃষ্টিময়ী,শাহ আলম সাজু,200.0,http://books.com.bd/26523
Dur Dipobashini দূর দ্বীপবাসিনী,সাইফুল ইসলাম জুয়েল,200.0,http://books.com.bd/26524
Dekhe Alam Singapore দেখে এলাম সিঙ্গাপুর,সুরমা জাহিদ,250.0,http://books.com.bd/26525
Deshbivag : Fire Dekha দেশবিভাগ : ফিরে দেখা,আহমদ রফিক,750.0,http://books.com.bd/26526
Natok Troee নাটক ত্রয়ী,অনন্ত হীরা,300.0,http://books.com.bd/26527
Nirapotta Handbook নিরাপত্তা হ্যান্ডবুক,মোশতাক আহমেদ,120.0,http://books.com.bd/26528
Nirbachito Goddo নির্বাচিত গদ্য,মুজিবুল হক কবীর,300.0,http://books.com.bd/26529
Pakhi Amar Boner Pakhi পাখি আমার বনের পাখি,সৌরভ মাহমুদ,600.0,http://books.com.bd/26530
Prithibir Jonno Valobasha পৃথিবীর জন্য ভালোবাসা,আরিফ খন্দকার,250.0,http://books.com.bd/26531
Probaser Sukh-Dukh প্রবাসের সুখ-দুঃখ,জামিল হাসান সুজন,200.0,http://books.com.bd/26532
Bandu বন্ধু,জুলফিয়া ইসলাম,150.0,http://books.com.bd/26533
Bristoler Bimurtto ব্রিস্টলে বিমূর্ত নারী,অরুণ কুমার বিশ্বাস,250.0,http://books.com.bd/26534
Vasha Andoloner Itihash [Anindhoy Prk] ভাষা আন্দোলনের ইতিহাস,আহমদ রফিক,250.0,http://books.com.bd/26535
Madhoarater Adalt Chara মধ্যরাতের অ্যাডাল্ট ছড়া,মাসুদুল হাসান রনি,100.0,http://books.com.bd/26537
Mission Emotion মিশন ইমোশন,নাসিম সাহনিক,150.0,http://books.com.bd/26538
Sotere Ekattor : Muktizuddher Kishor Golpo সতেরো একাত্তর : মুক্তিযুদ্ধের কিশোর গল্প,মাহবুব রেজা,200.0,http://books.com.bd/26539
Mrittikar Pitri Porichoy মৃত্তিকার পিতৃ পরিচয়,রুদ্র শাহীন,150.0,http://books.com.bd/26540
Megh - Roudro মেঘ-রৌদ্র,রাশিদা বেগম,150.0,http://books.com.bd/26541
Meyeti Kokhono Kono Krishokke Valobaseni মেয়েটি কখনও কোনো কৃষককে ভালবাসেনি,মাসুদা ভাট্টি,150.0,http://books.com.bd/26542
Rajniti O Samajikbiggan Gankosh (1-Part) রাজনীতি ও সামাজিকবিজ্ঞান জ্ঞানকোষ (১ম খণ্ড),ড. মোহাম্মদ আবদুর রশীদ,1000.0,http://books.com.bd/26543
Rajniti O Samajikbiggan Gankosh (2nd-Part) রাজনীতি ও সামাজিকবিজ্ঞান জ্ঞানকোষ (২য় খণ্ড),ড. মোহাম্মদ আবদুর রশীদ,600.0,http://books.com.bd/26544
Ribit Ebong Ora রিবিট এবং ওরা,মোশতাক আহমেদ,130.0,http://books.com.bd/26545
Rebeit and Alien Niniti রিবিট ও এলিয়েন নিনিটি,মোশতাক আহমেদ,200.0,http://books.com.bd/26546
Ribit O Kalo Manush রিবিট ও কালো মানুষ,মোশতাক আহমেদ,120.0,http://books.com.bd/26547
Rebitt and Dulal রিবিট ও দুলাল,মোশতাক আহমেদ,200.0,http://books.com.bd/26548
Ribit রিবিট,মোশতাক আহমেদ,150.0,http://books.com.bd/26549
Ribiter Dukkho রিবিটের দুঃখ,মোশতাক আহমেদ,150.0,http://books.com.bd/26550
Shabde Aka Naree শব্দে আঁকা নারী,ইমরোজ সোহেল,150.0,http://books.com.bd/26551
Shantite Ribit শান্তিতে রিবিট,মোশতাক আহমেদ,175.0,http://books.com.bd/26552
Shyamolee Ramana শ্যামলী রমনা,সৌরভ মাহমুদ,600.0,http://books.com.bd/26554
Sharaikhanar Sur সরাইখানার সুর,হাসান শিবলী,150.0,http://books.com.bd/26556
Sundori Jelekonna O Rohasshomoy Guha সুন্দরী জেলেকন্যা রহস্যময় গুহা,উদয় হাকিম,250.0,http://books.com.bd/26557
Haoahorit Gaan হাওয়াহরিৎ গান,তুষার কবির,100.0,http://books.com.bd/26558
Himalayas Rebitt হিমালয়ের রিবিট,মোশতাক আহমেদ,200.0,http://books.com.bd/26559
Concrete Savvotar Karagare কঙ্‌ক্রিট সভ্যতার কারাগারে,রুদ্র শাহীন,250.0,http://books.com.bd/26560
Kabi Nazrul Bichitro Jiboner Galpo কবি নজরুল বিচিত্র জীবনের গল্প,নাসিরুদ্দীন তুসী,200.0,http://books.com.bd/26561
Kabitar Nandonbishw কবিতার নন্দনবিশ্ব,স্বপন নাথ,200.0,http://books.com.bd/26562
Kabitar Punnopath O Adro Monovumi কবিতার পুণ্যপাঠ ও আর্দ্র মনোভূমি,শোয়েব শাহরিয়ার,400.0,http://books.com.bd/26563
Kaktaruyar Akash কাকতাড়ুয়ার আকাশ,একুয়া রেজিয়া,200.0,http://books.com.bd/26564
Kala Pishac কালা পিশাচ,মোশতাক আহমেদ,150.0,http://books.com.bd/26565
Rabindracarcha Bangladesh রবীন্দ্রচর্চা বাংলাদেশ,আহমদ রফিক,400.0,http://books.com.bd/26592
Kuthurir Shor কুঠুরির স্বর,তুষার কবির,130.0,http://books.com.bd/26566
Krushpathe Nikhoj Galpo ক্রুশপথে নিখোঁজ গল্প,মাহবুব ময়ূখ রিশাদ,150.0,http://books.com.bd/26567
Ghurider Parthib Akash ঘুড়িদের পার্থিব আকাশ,আহমেদ বাসার,120.0,http://books.com.bd/26569
Chander Gharbari [Anindhoy Prk] ছন্দের ঘরবাড়ি,মুজিবুল হক কবীর,250.0,http://books.com.bd/26570
Sotto Baulani R Ashcozzo Lokta ছোট্ট বাউলানি আর আশ্চর্য লোকটা,আশিক মুস্তাফা,100.0,http://books.com.bd/26571
Jadur Baxo Sonar Mohar জাদুর বাকসে সোনার মোহর,ডা. মোহিত কামাল,250.0,http://books.com.bd/26572
Tarkke-Tadantte Paoya Rabindranath তর্ক-তদন্তে পাওয়া রবীন্দ্রনাথ,শামসুজ্জামান খান,120.0,http://books.com.bd/26573
Rabindra Theater : Theater Sangjoger Natun Matra রবীন্দ্র থিয়েটার : থিয়েটার সংযোগের নতুন মাত্রা,ড. গাজী রহমান,220.0,http://books.com.bd/26574
Dukhu [Mk] দুখু,ডা. মোহিত কামাল,200.0,http://books.com.bd/26576
Dukhu (2nd part) [MK] দুখু (২য় খণ্ড),ডা. মোহিত কামাল,200.0,http://books.com.bd/26575
Neel-Horiter Jolchobi নীলহরিতের জলছবি,জামিল আখতার বীনু,150.0,http://books.com.bd/26577
Porba Theke Porbantore পর্ব থেকে পর্বান্তরে,মুজিবুল হক কবীর,250.0,http://books.com.bd/26578
Frion ফ্রিয়ন,আসিফ মেহেদী,120.0,http://books.com.bd/26579
Bandhu Amar Bandhu বন্ধু আমার বন্ধু,ডা. মোহিত কামাল,250.0,http://books.com.bd/26580
Bangla Sahitter Alor Michile Jara বাংলা সাহিত্যে আলোর মিছিলে যাঁরা,মোহাম্মাদ জিল্লুর রহমান,250.0,http://books.com.bd/26581
Bangladesher Shikkhaniti : Durshikkhon Ebong Annannay Prosanggo বাংলাদেশের শিক্ষানীতি : দূরশিক্ষণ এবং অন্যান্য প্রসঙ্গ,ড. মমতাজউদ্দীন পাটোয়ারী,150.0,http://books.com.bd/26582
Rabindranather Gan রবীন্দ্রনাথের গান : বাঙালী সংস্কৃতির শীর্ষ পরিণতি,নুরুল আনোয়ার,120.0,http://books.com.bd/26584
Biswosahitto Anttoranggo Aloke বিশ্বসাহিত্য অন্তরঙ্গ আলোকে,গালিব আসাদউল্লাহ,175.0,http://books.com.bd/26585
Varitiyo Sera Lekhikader Sera Golpo ভারতীয় সেরা লেখিকাদের সেরা গল্প,নবনীতা বসু হক,800.0,http://books.com.bd/26586
Bangla Kathasahitto : Vinno Sswor Vinno Shoili বাংলা কথাসাহিত্য: ভিন্ন স্বর ভিন্ন শৈলী,সরকার আবদুল মান্নান,175.0,http://books.com.bd/26587
Mahajot Sarker:Prottasha Calenjjer Pratham Bachar মহাজোট সরকার: প্রত্যাশা চ্যালেঞ্জের প্রথম বছর,ড. মমতাজউদ্দীন পাটোয়ারী,200.0,http://books.com.bd/26588
Magician ম্যাজিশিয়ান,আন্দালিব রাশদী,175.0,http://books.com.bd/26589
Jara Amor Vasha Sangrame যারা অমর ভাষা সংগ্রামে,এম আর মাহবুব,500.0,http://books.com.bd/26590
Rabi Baul O Tar Bichitro Bhabna রবি বাউল ও তার বিচিত্র ভাবনা,আহমদ রফিক,250.0,http://books.com.bd/26591
Rabindranather Rastrocinhta O Bangladesh রবীন্দ্রনাথের রাষ্ট্রচিন্তা ও বাংলাদেশ,আহমদ রফিক,70.0,http://books.com.bd/26593
Ribiter Jibon রিবিটের জীবন,মোশতাক আহমেদ,175.0,http://books.com.bd/26594
Rumjhumpur রুমঝুমপুর,আমীরুল ইসলাম,400.0,http://books.com.bd/26595
Liliputder Fire Zaoya (3 O Last Part) লিলিপুটদের ফিরে যাওয়া (তৃতীয় ও শেষ খণ্ড),মোশতাক আহমেদ,200.0,http://books.com.bd/26596
Shaitan Sadhok Ciliker Atta শয়তান সাধক চিলিকের আত্মা,মোশতাক আহমেদ,150.0,http://books.com.bd/26597
Shisu Ek Vorer Surjjo শিশু এক ভোরের সূর্য,ড. আলী আসগর,150.0,http://books.com.bd/26598
Shishu শিশু,ড. আলী আসগর,150.0,http://books.com.bd/26599
Ahamed Rafiq : Sangrame Srijone আহমদ রফিক : সংগ্রামে সৃজনে,এম আর মাহবুব,300.0,http://books.com.bd/26600
Sarkari Karmmokamishon Ebang Shikkhavabna সরকারি কর্মকমিশন এবং শিক্ষাভাবনা,ড. সৌমিত্র শেখর,140.0,http://books.com.bd/26601
Roton রতন,মুহম্মদ জাফর ইকবাল,75.0,http://books.com.bd/13081
Ghas- Foring [Perl Publcon] ঘাস-ফড়িং,মুহম্মদ জাফর ইকবাল,100.0,http://books.com.bd/13084
Danob দানব,মুহম্মদ জাফর ইকবাল,160.0,http://books.com.bd/16491
Boigganik Kolpokahini: Rabongiri বৈজ্ঞানিক কল্পকাহিনী : রবোনগরী,মুহম্মদ জাফর ইকবাল,120.0,http://books.com.bd/24617
Shadashidhe Kotha সাদাসিধে কথা,মুহম্মদ জাফর ইকবাল,150.0,http://books.com.bd/11102
Trinitri Rashimala ত্রিনিত্রি রাশিমালা,মুহম্মদ জাফর ইকবাল,150.0,http://books.com.bd/10350
Shanta Poribar শান্তা পরিবার,মুহম্মদ জাফর ইকবাল,175.0,http://books.com.bd/11392
Fulider Bagh ফুলিদের বাঘ,মুহম্মদ জাফর ইকবাল,120.0,http://books.com.bd/25049
Labu Elo Shohore লাবু এলো শহরে,মুহম্মদ জাফর ইকবাল,180.0,http://books.com.bd/17361
Four Friends ফোর ফ্রেন্ডস,মুহম্মদ জাফর ইকবাল,150.0,http://books.com.bd/25398
Abaro Tuntuni O Abaro Chotacchu আবারো টুনটুনি ও আবারো ছোটাচ্চু,মুহম্মদ জাফর ইকবাল,270.0,http://books.com.bd/25403
Cach Smudro কাচ সমুদ্র,মুহম্মদ জাফর ইকবাল,125.0,http://books.com.bd/25404
Tukunjil[En] টুকুনজিল,মুহম্মদ জাফর ইকবাল,200.0,http://books.com.bd/7934
Dipu Numbar Two [Bangla] দীপু নাম্বার টু,মুহম্মদ জাফর ইকবাল,125.0,http://books.com.bd/7080
Bangladeshe Civil Shomaj Protishthar Shogram (1947-1990) বাংলাদেশে সিভিল সমাজ প্রতিষ্ঠার সংগ্রাম (১৯৪৭-১৯৯০),মুনতাসীর মামুন,350.0,http://books.com.bd/9191
Notun Shotoker Raajneeti নতুন শতকের রাজনীতি,মুনতাসীর মামুন,800.0,http://books.com.bd/10309
Door Durante দূর দুরান্তে,মুনতাসীর মামুন,300.0,http://books.com.bd/11087
Rembrenter Bari Ek Shokale রেমব্রান্টের বাড়ি এক সকালে,মুনতাসীর মামুন,80.0,http://books.com.bd/11090
Rastati Kromosho Soru Hoye Jacche রাস্তাটি ক্রমশ সরু হয়ে যাচ্ছে,কাজী জহিরুল ইসলাম,550.0,http://books.com.bd/24402
Dhakashomogro-2 [Mm] ঢাকাসমগ্র-২,মুনতাসীর মামুন,400.0,http://books.com.bd/10994
Bangladesher Prothom O Prachin বাংলাদেশের প্রথম ও প্রাচীন,খন্দকার মাহমুদুল হাসান,500.0,http://books.com.bd/25364
Manush Elo Kemon Kore মানুষ এলো কেমন করে,খন্দকার মাহমুদুল হাসান,140.0,http://books.com.bd/25371
Bangladesher Purakirti Kosh-Prachin Jug 'বাংলাদেশের পুরাকীর্তি কোষ - প্রাচীন যুগ,খন্দকার মাহমুদুল হাসান,800.0,http://books.com.bd/25426
Bangladesher Purakirti Khosh-Moddojug বাংলাদেশের পুরাকীর্তি কোষ-মধ্যযুগ,খন্দকার মাহমুদুল হাসান,700.0,http://books.com.bd/25427
Ringku O Tar Goyenda Bahini রিংকু ও তার গোয়েন্দা বাহিনী,খন্দকার মাহমুদুল হাসান,225.0,http://books.com.bd/26070
Jiibjogoter Katha জীবজগতের কথা,খন্দকার মাহমুদুল হাসান,60.0,http://books.com.bd/26201
Jantto Vuter Khoppore জ্যান্ত ভূতের খপ্পরে,খন্দকার মাহমুদুল হাসান,60.0,http://books.com.bd/26223
Dudhorsho Goyenda Dushahosik Ovijan দুর্ধর্ষ গোয়েন্দা দুঃসাহসী অভিযান,খন্দকার মাহমুদুল হাসান,200.0,http://books.com.bd/13086
Pracin Banglar Dhulo Makha Pothe প্রাচীন বাংলার ধূলো মাখা পথে,খন্দকার মাহমুদুল হাসান,600.0,http://books.com.bd/13121
Vhuture Pahar O Sahosi Lin ভূতুড়ে পাহাড় ও সাহসী লীন,মাহমুদুল হাসান,100.0,http://books.com.bd/26536
Sharojini সরোজিনী,মাহমুদুল হাসান,150.0,http://books.com.bd/26602
Surjo Sen ভারতের স্বাধীনতা সংগ্রাম চট্রগ্রাম বিদ্রোহ ও বিপ্লবী মহানায়ক সূর্য সেন,শরীফ শমশির,700.0,http://books.com.bd/26603
Teenage Mon-2 : Swapno O Duswapno টিনএজ মন-২ : স্বপ্ন ও দুঃস্বপ্ন,ডা. মোহিত কামাল,400.0,http://books.com.bd/26604
Swapnadana [Anindhoy prk] স্বপ্নডানা,ডা. মোহিত কামাল,250.0,http://books.com.bd/26605
Sharnajoyee Neelchokh [Anindhoy prk] স্বর্ণজয়ী নীলচোখ,ডা. মোহিত কামাল,250.0,http://books.com.bd/26606
Higgs Proloy হিগস প্রলয়,আসিফ মেহেদী,120.0,http://books.com.bd/26607
Hallo-Gene হ্যালু-জিন,আসিফ মেহেদী,120.0,http://books.com.bd/26608
Ek Rater Bandhu Sekh Rashel এক রাতের বন্ধু শেখ রাসেল,হামিদ মোহাম্মদ জসিম,75.0,http://books.com.bd/26609
Ek Sarjoner Attokatha (Nicolai Amosov) এক সার্জনের আত্মকথা(নিকোলাই আমোসভ),দ্বিজেন শর্মা,250.0,http://books.com.bd/26610
Ek Dajan Rupkatha এক ডজন রূপকথা,হাসান হাফিজ,150.0,http://books.com.bd/26611
Kabitai Epar Opar-2 কবিতায় এপার ওপার - ২,সাদেক সরওয়ার,250.0,http://books.com.bd/26613
Kaker Meye Kagmira কাকের মেয়ে কাগমিরা,আশিক মুস্তাফা,60.0,http://books.com.bd/26615
Quaraner Doya কোরআনের দোয়া,সৈয়দ এনায়েত উল্লাহ,250.0,http://books.com.bd/26616
Ganiter Hat-Pa O Rubics Cube গণিতের হাত-পা ও রুবিক্স কিউব,মোস্তফা মনোয়ার,200.0,http://books.com.bd/26617
Gharer Adab ঘরের আদব,সৈয়দ এনায়েত উল্লাহ,250.0,http://books.com.bd/26620
Chayabastab ছায়াবাস্তব,জাকির তালুকদার,100.0,http://books.com.bd/26621
Choto Pakhi R Megh ছোট পাখি আর মেঘ,আশরাফুল আলম পিন্টু,100.0,http://books.com.bd/26622
Jol Bole Ghola Hoi জল বলে ঘোলা হই,মাহবুব রেজা,120.0,http://books.com.bd/26623
Dead Line 29 ডেড লাইন ২৯,স্বদেশ রায়,160.0,http://books.com.bd/26624
Dash Class Periye দশ ক্লাস পেরিয়ে,শাহনেওয়াজ আহমেদ,100.0,http://books.com.bd/26625
Deteo Prithibi [Anindhoy Prk] দ্বিতীয় পৃথিবী,মোশতাক আহমেদ,200.0,http://books.com.bd/26626
Narsingdite Vasha Andolon নরসিংদীতে ভাষা আন্দোলন,এম আর মাহবুব,500.0,http://books.com.bd/26627
Narsingdir Sthannam Utsa O Baisistta Sandhan নরসিংদীর স্থাননাম উৎস ও বৈশিষ্ট্য সন্ধান,মুহাম্মদ হাবিবুল্লাহ পাঠান,350.0,http://books.com.bd/26628
Swapner Kathamala স্বপ্নের কথামালা,আবু জাহিদ,150.0,http://books.com.bd/26665
Nana Aloi Rabindranath-1st Part নানা আলোয় রবীন্দ্রনাথ (১ম খণ্ড),আহমদ রফিক,700.0,http://books.com.bd/26629
Nana Aloi Rabindranath 2nd Part নানা আলোয় রবীন্দ্রনাথ-২য় খণ্ড,আহমদ রফিক,700.0,http://books.com.bd/26630
Nanan Desher Jibon Japon নানান দেশের জীবন-যাপন,আরিফ হাসান,150.0,http://books.com.bd/26631
Nirbachito Uponnash [AC] নির্বাচিত উপন্যাস,অরুণ চৌধুরী,650.0,http://books.com.bd/26632
Nirbachito Moslem Varat নির্বাচিত মোস্‌লেম ভারত,ড. সৌমিত্র শেখর,1200.0,http://books.com.bd/26633
Chotogolper Shilporup : Padmaparber Rabindrogolpo ছোটগল্পের শিল্পরূপ: পদ্মাপর্বের রবীন্দ্রগল্প,আহমদ রফিক,160.0,http://books.com.bd/26634
Pythin পাইথিন,মোশতাক আহমেদ,250.0,http://books.com.bd/26635
Prithibite Liliputera পৃথিবীতে লিলিপুটেরা,মোশতাক আহমেদ,150.0,http://books.com.bd/26637
Pattahik Jiboner Ayna প্রাত্যহিক জীবনের আয়নায়,সৈয়দ এনায়েত উল্লাহ,120.0,http://books.com.bd/26638
Dr. Badrul Alam Smarakgrontho ডা. বদরুল আলম স্মারকগ্রন্থ,অধ্যাপক আফজালুন্নেসা,300.0,http://books.com.bd/26639
Bohumatrik Nazrul বহুমাত্রিক নজরুল,হাসান হাফিজ,800.0,http://books.com.bd/26640
Bohumatrik Rabinhdronath [AR] বহুমাত্রিক রবীন্দ্রনাথ,আহমদ রফিক,350.0,http://books.com.bd/26489
Bohumatrik Rabindranath [HH] বহুমাত্রিক রবীন্দ্রনাথ,হাসান হাফিজ,600.0,http://books.com.bd/26642
Bangladesher Vatkabi O Kabita বাংলাদেশের ভাটকবি ও কবিতা,মুহাম্মদ হাবিবুল্লাহ পাঠান,500.0,http://books.com.bd/26645
Bangalir Chaturmatric Itihash বাঙ্গালির চতুর্মাত্রিক ইতিহাস,রইস উদ্দিন ভূঞা,550.0,http://books.com.bd/26646
Baba Bari Fereni বাবা বাড়ি ফেরেনি,আনজির লিটন,80.0,http://books.com.bd/26647
Bioboat Neox বায়োবোট নিওক্স,মোশতাক আহমেদ,175.0,http://books.com.bd/26648
Bharotborser Itihash ভারতবর্ষের ইতিহাস,দ্বিজেন শর্মা,1000.0,http://books.com.bd/26650
SA Wadud Smarokgrontho এস এ ওয়াদুদ স্মারকগ্রন্থ,ডা.দীপু মনি,500.0,http://books.com.bd/26651
Mohan Allahor Porichoy মহান আল্লাহর পরিচয়,মোঃ আলী আশরাফ খান,300.0,http://books.com.bd/26652
Muktijuddher Chollish Bachhar মুক্তিযুদ্ধের চল্লিশ বছর,মুস্তাফা নূরউল ইসলাম,900.0,http://books.com.bd/26653
Muslim Nobel Bijoyeegon মুসলিম নোবেল বিজয়ীগণ,ড. মুহম্মদ কবিরউল্ল্যা,400.0,http://books.com.bd/26654
Rakto Jhorche Redoy Theke রক্ত ঝরছে হৃদয় থেকে,শাহাবুল মাহমুদ,100.0,http://books.com.bd/26655
Rabindranath O Ajker Prasonggikota রবীন্দ্রনাথ ও আজকের প্রাসঙ্গিকতা,উত্তম কুমার রায়,120.0,http://books.com.bd/26656
Rabindranath O Amra রবীন্দ্রনাথ ও আমরা,আতাহার আলী খান,80.0,http://books.com.bd/26657
Rabindranather Chitroshilhpo রবীন্দ্রনাথের চিত্রশিল্প,আহমদ রফিক,225.0,http://books.com.bd/26658
Liliputer Grohe লিলিপুটের গ্রহে,মোশতাক আহমেদ,175.0,http://books.com.bd/26659
Shilpo Songkoskriti Jibon শিল্প সংস্কৃতি জীবন,আহমদ রফিক,300.0,http://books.com.bd/26660
Shrikholai Surkkhito Jibon শৃঙ্খলাই সুরক্ষিত জীবন,মোশতাক আহমেদ,90.0,http://books.com.bd/26661
Shashwato O Oikahik : Prabandh Shamucchoy শাশ্বত ও ঐকাহিক : প্রবন্ধ সমুচ্চয়,হায়াত্‍ মামুদ,300.0,http://books.com.bd/26662
Sundarbaner Khudro Nri-Goshthi O Banojibi Manusher Katha সুন্দরবনের ক্ষুদ্র নৃ-গোষ্ঠী ও বনজীবী মানুষের কথা,মুহম্মদ আবদুল বাতেন,350.0,http://books.com.bd/26663
Seisab Soraj সেইসব স্বরাজ,সেলিম আলফাজ,50.0,http://books.com.bd/26664
Shapner Shimana স্বপ্নের সীমানা,আরজুমন্দ আরা বানু,70.0,http://books.com.bd/26666
Sadhinota Ganotntro Ebang Somyer Katha স্বাধীনতা গণতন্ত্র এবং সময়ের কথা,র আ ম উবায়দুল মোকতাদির চৌধুরী,500.0,http://books.com.bd/26667
Sadinata-Uttar Bangladesher Kabitay Samaj Chetona স্বাধীনতা-উত্তর বাংলাদেশের কবিতায় সমাজ চেতনা,ড. গাজী রহমান,140.0,http://books.com.bd/26668
Redoypur হৃদয়পুর,আনিস রহমান,120.0,http://books.com.bd/26669
30 Desher Rupkatha ৩০দেশের রূপকথা,হাসান হাফিজ,250.0,http://books.com.bd/26670
64 Jela Vhraman ৬৪ জেলা ভ্রমণ,লিয়াকত হোসেন খোকন,800.0,http://books.com.bd/26671
71-Er Muktijuddho Sadin Bangladesher Abirvav Pakistaner Kriya-Protikriya ’৭১-এর মুক্তিযুদ্ধ স্বাধীন বাংলাদেশের আবির্ভাব পাকিস্তানের ক্রিয়া-প্রতিক্রিয়া,ড. মোহাম্মদ আবদুর রশীদ,450.0,http://books.com.bd/26672
Abdul Mannan Syed অগ্রন্থিত আবদুল মান্নান সৈয়দ,পিয়াস মজিদ,800.0,http://books.com.bd/26673
Alauddin Al Azader : Agronthitho Racanasamoggro আলাউদ্দিন আল আজাদের : অগ্রন্থিত রচনাসমগ্র,ড. আনিসুজ্জামান,1000.0,http://books.com.bd/26674
Anindya Chottanno অনিন্দ্য চৈতন্য,কায়সুল হক,200.0,http://books.com.bd/26675
Anushondhan অনুসন্ধান,ইফতেখার শিবলী,150.0,http://books.com.bd/26676
Antoraler Rabindronath অন্তরালের রবীন্দ্রনাথ,অমিতাভ বিশ্বাস,150.0,http://books.com.bd/26677
Teenage Mon-1 : Andhokar Alo টিনএজ মন-১ : অন্ধকার ও আলো,ডা. মোহিত কামাল,500.0,http://books.com.bd/26678
Aporichito Porichoye অপরিচিত পরিচয়ে,ফাহিম ইবনে সারওয়ার,120.0,http://books.com.bd/26679
Omimangsito Khun অমীমাংসিত খুন,অরুণ কুমার বিশ্বাস,250.0,http://books.com.bd/26680
Ashuvo Atta অশুভ আত্মা,মোশতাক আহমেদ,200.0,http://books.com.bd/26681
Osakal অসকাল,ধ্রুব এষ,100.0,http://books.com.bd/26682
Adult Chorashamosto অ্যাডাল্ট ছড়াসমস্ত,লুৎফর রহমান রিটন,700.0,http://books.com.bd/26683
A Stranger In The Mirror আ স্ট্রেঞ্জার ইন দ্য মিরর,অনীশ দাস অপু,320.0,http://books.com.bd/26684
"Jonmoshotru,Crime Boss জন্মশত্রু, ক্রাইম বস",কাজী আনোয়ার হোসেন,27.0,http://books.com.bd/6039
"Shotaner Dosor,Killer Kobra শয়তানের দোসর, কিলার কোবরা",কাজী আনোয়ার হোসেন,31.0,http://books.com.bd/6044
Akash Kakur Chithi আকাশ কাকুর চিঠি,আনিস রহমান,100.0,http://books.com.bd/26685
Ajab Satti আজব সত্যি,নাজনীন সুলতানা নীতি,100.0,http://books.com.bd/26686
Aji Hote Dershoto Borsho age আজি হতে দেড়শত বর্ষ আগে,আরজুমন্দ আরা বানু,350.0,http://books.com.bd/26687
Adhunil Bangla Sahitter Amritodhara আধুনিক বাংলা সাহিত্যের অমৃতধারা,আরজুমন্দ আরা বানু,275.0,http://books.com.bd/26689
Anandho Shohochari আনন্দ সহচরী,অরুণ চৌধুরী,150.0,http://books.com.bd/26690
Anandabaner Pakhira আনন্দবনের পাখিরা,আশরাফুল আলম পিন্টু,100.0,http://books.com.bd/26691
After The Darkness আফটার দ্য ডার্কনেস,অনীশ দাস অপু,500.0,http://books.com.bd/26693
Aromar Galpo অরমার গল্প,শামস সাঈদ,150.0,http://books.com.bd/26695
Amar Shisur Nam আমার শিশুর নাম,কাকলি বেগম,400.0,http://books.com.bd/26696
R You Afraid of the Dark? আর ইউ অ্যাফ্রেড অভ দ্য ডার্ক?,অনীশ দাস অপু,300.0,http://books.com.bd/26697
Invitation Of The Body Snatchers ইনভ্যাসন অভ দ্য বডি স্ন্যাচার্স,অনীশ দাস অপু,120.0,http://books.com.bd/26698
If Tomorrow Kams ইফ টুমরো কামস,অনীশ দাস অপু,500.0,http://books.com.bd/26699
Elu Pashch ইলু পিশাচ,মোশতাক আহমেদ,200.0,http://books.com.bd/26700
Islam Dharmey Nishiddho O Barjonio Bishoysomaho ইসলাম ধর্মে নিষিদ্ধ ও বর্জনীয় বিষয়সমূহ,মোঃ আলী আশরাফ খান,200.0,http://books.com.bd/26701
Windmills of the Gods উইন্ডমিলস অভ দ্য গডস,অনীশ দাস অপু,400.0,http://books.com.bd/26702
Uddin Nadir Gan উড্ডীন নদীর গান,রহিমা আফরোজ মুন্নী,120.0,http://books.com.bd/26703
Unmanab ঊনমানব,দীপু মাহমুদ,180.0,http://books.com.bd/26704
Ei Kathati Mone Rekho এই কথাটি মনে রেখো,ডা. শাহনেওয়াজ চৌধুরী,70.0,http://books.com.bd/26706
Ek Kalome Lekha এক কলামে লেখা,ডা. শাহনেওয়াজ চৌধুরী,250.0,http://books.com.bd/26708
Ek Jhalaok Kingbodantti Humayan Ahmed [Anindhoy Prk] এক ঝলক কিংবদন্তি হুমায়ূন আহমেদ,মোশতাক আহমেদ,150.0,http://books.com.bd/26709
Ek Jholok Kingbadonti Humayon Ahmed [Nalonda] এক ঝলক কিংবদন্তি হুমায়ূন আহমেদ,মোশতাক আহমেদ,150.0,http://books.com.bd/25521
Ek Barshai এক বর্ষায়,হামিদ কায়সার,180.0,http://books.com.bd/26710
Ek Baltu Char Vhut এক বল্টু চার ভূত,ফারুক নওয়াজ,350.0,http://books.com.bd/26711
Angel Of The Dark অ্যাঞ্জেল অব দ্য ডার্ক,অনীশ দাস অপু,500.0,http://books.com.bd/26712
O Amar Megh Balika ও আমার মেঘ বালিকা,কাওসার রহমান,200.0,http://books.com.bd/26713
Kar Ki Vhumika কার কী ভূমিকা,মহাদেব সাহা,180.0,http://books.com.bd/26714
Kisu Okabita শিরোনামহীন কিছু অকবিতা,আজিজুর রহমান আজিজ,100.0,http://books.com.bd/26716
Kishor Golpo [MR] কিশোর গল্প,মাহবুব রেজা,600.0,http://books.com.bd/26720
Grohantorer Bivishika গ্রহান্তরের বিভীষিকা,অনীশ দাস অপু,320.0,http://books.com.bd/26721
Ghungur Chorano Ghum ঘুঙুর ছড়ানো ঘুম,তুষার কবির,150.0,http://books.com.bd/26722
Cholochitro Tarokader Bedonar Katha চলচ্চিত্র তারকাদের বেদনার কথা,লিয়াকত হোসেন খোকন,550.0,http://books.com.bd/26723
Chirodiner Uttom kumar চিরদিনের উত্তম কুমার,লিয়াকত হোসেন খোকন,450.0,http://books.com.bd/26724
Chirodiner Suchitrra Sen চিরদিনের সুচিত্রা সেন,লিয়াকত হোসেন খোকন,350.0,http://books.com.bd/26725
Sydney Sheldon Chasing Tomorrow সিডনি শেলডন চেজিং টুমরো,অনীশ দাস অপু,500.0,http://books.com.bd/26726
Jonmodiner Utsob জন্মদিনের উৎসব,অষ্ট্রিক আর্যু,120.0,http://books.com.bd/26728
Joldoshyur Kobole জলদস্যুর কবলে,মোশতাক আহমদ মানিক,150.0,http://books.com.bd/26729
Jatiya Nirbachon 2008 জাতীয় নির্বাচন ২০০৮,শেখ রেহানা,1000.0,http://books.com.bd/26730
Tiktiki O Octopus টিকটিকি ও অক্টোপাস,মুহাম্মদ মোফাজ্জল,120.0,http://books.com.bd/26731
Tales Of A Manor টেলস অভ এ ম্যানর,বুলবুল সারওয়ার,80.0,http://books.com.bd/26733
Tera Masuder Rocket Short ট্যারা মাসুদের রকেট শর্ট,আশিক মুস্তাফা,100.0,http://books.com.bd/26734
The Arab Plague দ্য আরব প্লেগ,নিক কার্টার,140.0,http://books.com.bd/26735
The Other Side Of Me দ্য আদার সাইড অভ মি,সিডনি শেলডন,350.0,http://books.com.bd/26736
The Other Side Of Midnight দ্য আদার সাইড অভ মিডনাইট,সিডনি শেলডন,440.0,http://books.com.bd/26737
The Tides Of Memory দ্য টাইডস অব মেমোরি,সিডনি শেলডন,500.0,http://books.com.bd/26738
The Demonced Conspiracy দ্য ডুমসডে কন্সপিরেসি,সিডনি শেলডন,320.0,http://books.com.bd/26739
The Pavid Pavilion দ্য প্যাভিড প্যাভিলিয়ন,সিডনি শেলডন,500.0,http://books.com.bd/26741
The Best Lead Plans দ্য বেষ্ট লেইড প্ল্যানস,সিডনি শেলডন,260.0,http://books.com.bd/26742
The Sands Of Time দ্য স্যান্ডস অভ টাইম,অনীশ দাস অপু,400.0,http://books.com.bd/26743
The Sky Is Filling দ্য স্কাই ইজ ফলিং,অনীশ দাস অপু,300.0,http://books.com.bd/26744
The Stars Shine Down দ্য স্টারস শাইন ডাউন,অনীশ দাস অপু,400.0,http://books.com.bd/26745
Nothing Loots Forever নাথিং লাষ্টস ফরএভার,সিডনি শেলডন,360.0,http://books.com.bd/26746
Nanan Desher Rupkatha নানান দেশের রূপকথা,হাসান হাফিজ,175.0,http://books.com.bd/26747
Narir Vhuban নারীর ভুবন,বেবী মওদুদ,150.0,http://books.com.bd/26748
Nishiddho-Onishiddho : Barbonitader Jibon Katha নিষিদ্ধ-অনিষিদ্ধ : বারবনিতাদের জীবন কথা,সুরমা জাহিদ,250.0,http://books.com.bd/26749
Nobel Laureate: Literature নোবেল লরিয়েট লিটারেচার,গালিব আসাদউল্লাহ,450.0,http://books.com.bd/26751
"Ayena, Tomar Shonge আয়না, তোমার সঙ্গে",ইমদাদুল হক মিলন,90.0,http://books.com.bd/122
Pishac Bari পিশাচ বাড়ি,অনীশ দাস অপু,320.0,http://books.com.bd/26752
Purbbo Falguni পূর্ব ফাল্গুনী,রুদ্র শাহীন,180.0,http://books.com.bd/26753
Prempoddo প্রেমপদ্য,রোকন জহুর,80.0,http://books.com.bd/26755
Bangladesh 64 Jela Porichiti বাংলাদেশ ৬৪ জেলা পরিচিতি,লিয়াকত হোসেন খোকন,500.0,http://books.com.bd/26756
Bangladesh Nad-Nadi Vromon বাংলাদেশ নদ-নদী ভ্রমণ,লিয়াকত হোসেন খোকন,500.0,http://books.com.bd/26757
Bangladesher Uponnase Bhugol Chetona বাংলাদেশের উপন্যাসে ভূগোল চেতনা,আনিস রহমান,1000.0,http://books.com.bd/26759
Bangladesher Rajniti : Juddhapparadhi Jamayat Ebong Jongi Proshonga -1st Part বাংলাদেশের রাজনীতি : যুদ্ধাপরাধী জামায়াত এবং জঙ্গি প্রসঙ্গ (১ম খণ্ড),ড. মোহাম্মদ আবদুর রশীদ,500.0,http://books.com.bd/26760
Bangladesher Rajniti : Juddhapparadhi Jamayat Ebong Jongi Proshonga - 2nd Part বাংলাদেশের রাজনীতি : যুদ্ধাপরাধী জামায়াত এবং জঙ্গি প্রসঙ্গ (২য় খণ্ড),ড. মোহাম্মদ আবদুর রশীদ,500.0,http://books.com.bd/26761
Bangladesher Rajniti : Juddhapparadhi Jamayat Ebong Jongi Proshonga - 3th Part বাংলাদেশের রাজনীতি : যুদ্ধাপরাধী জামায়াত এবং জঙ্গি প্রসঙ্গ (৩য় খণ্ড),ড. মোহাম্মদ আবদুর রশীদ,500.0,http://books.com.bd/26762
Bangladesher Rajniti : Juddhapparadhi Jamayat Ebong Jongi Proshonga - 4 Part বাংলাদেশের রাজনীতি : যুদ্ধাপরাধী জামায়াত এবং জঙ্গি প্রসঙ্গ (৪র্থ খণ্ড),ড. মোহাম্মদ আবদুর রশীদ,500.0,http://books.com.bd/26763
Bangladesher Rajniti : Juddhapparadhi Jamayat Ebong Jongi Proshonga - 5Part বাংলাদেশের রাজনীতি : যুদ্ধাপরাধী জামায়াত এবং জঙ্গি প্রসঙ্গ (৫ম খণ্ড),ড. মোহাম্মদ আবদুর রশীদ,400.0,http://books.com.bd/26764
Bangladesher Rajniti : Juddhapparadhi Jamayat Ebong Jongi Proshonga - 6Part বাংলাদেশের রাজনীতি : যুদ্ধাপরাধী জামায়াত এবং জঙ্গি প্রসঙ্গ (৬ষ্ঠ খণ্ড),ড. মোহাম্মদ আবদুর রশীদ,500.0,http://books.com.bd/26765
"Bangladesh Itihash, Samaz O Rajniti বাংলাদেশ ইতিহাস, সমাজ ও রাজনীতি",ড. গোলাম কিবরিয়া ভুঁইয়া,200.0,http://books.com.bd/26766
Kemon Tomar Bhalobasa কেমন তোমার ভলোবাসা,ইমদাদুল হক মিলন,300.0,http://books.com.bd/10793
Banglavasha Shikkhon বাংলা ভাষা শিক্ষণ,নূর হাসনা লতিফ,100.0,http://books.com.bd/28882
Bornomalai Bangladesh [Dibbo Prk] বর্ণমালায় বাংলাদেশ,মোকারম হোসেন,125.0,http://books.com.bd/1021
Bornomalai Bangladesh [Agme] বর্ণমালায় বাংলাদেশ,প্রবীর সিকদার,40.0,http://books.com.bd/28881
Boroder Chora বড়দের ছড়া,খসরুজ্জামান চৌধুরী,125.0,http://books.com.bd/28880
Pracer Nittokola প্রাচ্যের নৃত্যকলা,শেখ মেহেদী হাসান,300.0,http://books.com.bd/28879
Pronoyer Rajneeti প্রণয়ের রাজনীতি,রাশেক রহমান,350.0,http://books.com.bd/28878
Palolik পাললিক,শরীফ উদ্দিন সবুজ,100.0,http://books.com.bd/28877
Parulir Uddiyon পারুলীর উড্ডয়ন,আনোয়ারা সৈয়দ হক,120.0,http://books.com.bd/28876
Nay Bicarok ন্যায় বিচারক,ফরিদুর রেজা সাগর,50.0,http://books.com.bd/28875
Nekre Hayena R Tin Poree নেকড়ে হায়েনা আর তিন পরী,আবদুল মান্নান সৈয়দ,100.0,http://books.com.bd/28874
Naypottho Kahini নেপথ্য কাহিনী,লুৎফর রহমান রিটন,100.0,http://books.com.bd/28873
Nirontor Nirbashon নিরন্তর নির্বাসন,সুদীপ চক্রবর্ত্তী,200.0,http://books.com.bd/28872
Nirbashon [Annesha] নির্বাসন,হুমায়ূন আহমেদ,135.0,http://books.com.bd/19537
Nirbason [Afsar Braths] নির্বাসন,তসলিমা নাসরিন,400.0,http://books.com.bd/28210
Nagarer Ghora নগরের ঘোড়া,ইসহাক খান,75.0,http://books.com.bd/28871
Duli O Sagor Drisho ধুলি ও সাগর দৃশ্য,কামাল চৌধুরী,60.0,http://books.com.bd/28870
Durer Akash [Agme] দূরের আকাশ,মোশারফ হোসেন,75.0,http://books.com.bd/28869
Duerer Akash [Afsar Brths] দূরের আকাশ,আ. স. ম. আব্দুর রব খান,130.0,http://books.com.bd/17546
Dukkho Kosto Valobasha দুঃখ কষ্ট ভালবাসা,বেবী মওদুদ,70.0,http://books.com.bd/28868
Diptor Jonne Valobasha দীপ্তর জন্যে ভালবাসা,বেবী মওদুদ,60.0,http://books.com.bd/28867
Trinacikater Nach ত্রিনাচিকেতের নাচ,বায়তুল্লাহ কাদেরী,80.0,http://books.com.bd/28866
Tomar Chokhe Agun তোমার চোখে আগুন,তাহের উদ্দিন,60.0,http://books.com.bd/28865
Tomader Valobasha Fireye Aneche More তোমাদের ভালোবাসা ফিরিয়ে এনেছে মোরে,শফিক সিদ্দিক,80.0,http://books.com.bd/28864
Lekhalekhi লেখালেখি,মুহাম্মদ হাবিবুর রহমান,180.0,http://books.com.bd/25949
Bong Bongo Bangala Bangladesh বংবঙ্গ বাঙ্গালা বাংলাদেশ,মুহাম্মদ হাবিবুর রহমান,60.0,http://books.com.bd/7464
Essorer NikoT Ekti Potro O Annanny Bideshi Golpo ঈশ্বরের নিকট একটি পত্র ও অন্যান্য চৌদ্দটি বিদেশী গল্প,মুহাম্মদ হাবিবুর রহমান,150.0,http://books.com.bd/25603
Teroi Vadro Siter Jonmo তেরই ভাদ্র শীতের জন্ম,মুহাম্মদ হাবিবুর রহমান,80.0,http://books.com.bd/28863
Blood Line ব্লাড লাইন,সিডনি শেলডন,300.0,http://books.com.bd/26767
Barot Nepal Bhutan Bramon ভারত নেপাল ভুটান ভ্রমণ,লিয়াকত হোসেন খোকন,300.0,http://books.com.bd/26768
Varat Vromon ভারত ভ্রমণ,লিয়াকত হোসেন খোকন,800.0,http://books.com.bd/26769
Kazi Golam Mahbub Vasha - Andolon O Annanya Prasoggo কাজী গোলাম মাহবুব ভাষা -আন্দোলন ও অন্যান্য প্রসঙ্গ,এম আর মাহবুব,300.0,http://books.com.bd/26770
Bhut Petnir Shereshtho Galpo ভূত পেত্মীর শ্রেষ্ঠ গল্প,হাসান হাফিজ,200.0,http://books.com.bd/26771
Mojar Khela মজার খেলা,নাজনীন সুলতানা নীতি,50.0,http://books.com.bd/26773
"Morning, Noon And Night মর্নিং, নুন অ্যান্ড নাইট",সিডনি শেলডন,270.0,http://books.com.bd/26774
Manabotabirodhi Oporadher Bicher O Gana Jagoran Moncha মানবতাবিরোধী অপরাধের বিচার ও গণজাগরণ মঞ্চ,ড. মোহাম্মদ আবদুর রশীদ,550.0,http://books.com.bd/26775
Master Of The Game মাস্টার অভ দ্য গেম,অনীশ দাস অপু,500.0,http://books.com.bd/26776
Mistress Of The Game মিস্ট্রেস অব দ্য গেম,অনীশ দাস অপু,600.0,http://books.com.bd/26777
Munduhin Pret মুণ্ডুহীন প্রেত,অনীশ দাস অপু,320.0,http://books.com.bd/26778
Tumi Ami Amra তুমি আমি আমরা,আনোয়ার সাদী,150.0,http://books.com.bd/28862
Tunur Harano Putulgulo তুনুর হারানো পুতুলগুলো,এখ্‌লাসউদ্দিন আহ্‌মদ,70.0,http://books.com.bd/28861
Tunu O Khude Bondhur Goppo তুনু ও ক্ষুদে বন্ধুর গপ্পো,এখ্‌লাসউদ্দিন আহ্‌মদ,60.0,http://books.com.bd/28860
Tarpore Tarokar Hasi তারপরে তারকার হাসি,ওবায়েদ আকাশ,60.0,http://books.com.bd/28859
Temps Parer Upakhan টেমস পাড়ের উপাখ্যান,রব্বানী চৌধুরী,100.0,http://books.com.bd/28858
Jibon Juddhe জীবন যুদ্ধে,আয়াত আলী পাটওয়ারী,80.0,http://books.com.bd/28857
Zeyol Jokhom জিয়ল জখম,শামীম আজাদ,100.0,http://books.com.bd/28856
Jonmo জন্ম,মুজিবর রহমান বাদল,60.0,http://books.com.bd/28855
Chetonar Agnisakkhi চেতনার অগ্নিসাক্ষী,মিনহাজ আহমদ,75.0,http://books.com.bd/28854
Choturdoshpodhi Kobita চতুর্দশপদী কবিতা,ইন্দু সাহা,150.0,http://books.com.bd/28853
Gondhorajer Gondhe Bakul গন্ধরাজের গন্ধে ব্যাকুল,আলম তালুকদার,100.0,http://books.com.bd/28852
Gonotontrer Chorai-Utrai গণতন্ত্রের চড়াই - উৎরাই,ড. মোয়াজ্জেম হোসেন ভূইয়া,150.0,http://books.com.bd/28851
"Kha, Kha খা ,খা",মনজুরে মওলা,60.0,http://books.com.bd/28850
Cromei Dutsomoy ক্রমেই দুঃসময়,হুমায়ন হাসান,100.0,http://books.com.bd/28849
Kingbadanti Konnya কিংবদন্তি কন্যা,আয়াত আলী পাটওয়ারী,70.0,http://books.com.bd/28848
Kalidoher Kuhok কালিদহের কুহক,কামাল উদ্দিন আহাম্মদ,125.0,http://books.com.bd/24260
Karagarer Bivishikhamoy Dingule কারাগারের বিভীষিকাময় দিনগুলি,বি.বি. বিশ্বাস,110.0,http://books.com.bd/28847
101 Deshi Mach Ranna ১০১টি দেশি মাছ রান্না,মাজহারুল ইসলাম,450.0,http://books.com.bd/96
Kabbobicitra কাব্যবিচিত্রা,মযহারুল ইসলাম,300.0,http://books.com.bd/28846
Kabitasamogro [Tofazzal H] কবিতাসমগ্র,তোফাজ্জল হোসেন,350.0,http://books.com.bd/28845
Kobitasongroho [Minar M] কবিতা সংগ্রহ,মিনার মনসুর,150.0,http://books.com.bd/28844
Kobitashongroho [Mohammad Sa] কবিতাসংগ্রহ,মুহাম্মদ সামাদ,100.0,http://books.com.bd/28843
Kobita Shongroho [Kamal C] কবিতা সংগ্রহ,কামাল চৌধুরী,350.0,http://books.com.bd/16492
Kobitasongroho [AKS] কবিতাসংগ্রহ,অনিল কুমার সরকার,100.0,http://books.com.bd/28842
Kothashilpo Onheshon কথাশিল্প অন্বেষণ,ড. সৌমিত্র শেখর,200.0,http://books.com.bd/28841
Kothar Kotha [Agame] কথার কথা,কামরুজ্জামান জাহাঙ্গীর,400.0,http://books.com.bd/28840
Kathar Katha [Chandrabati Acdmy] কথার কথা,আনিসুজ্জামান,250.0,http://books.com.bd/25879
Memories Of Midnight মেমোরিজ অভ মিডনাইট,সিডনি শেলডন,300.0,http://books.com.bd/26779
Sanbarddhona Gantho সংবর্ধনা গ্রন্থ,মোহাম্মদ সা’দাত আলী,350.0,http://books.com.bd/26780
Megla Akas [Kakoli Prk] মেঘলা আকাশ,ডি এম আবু বকর,130.0,http://books.com.bd/24647
Kato Shit Bosontto Periye কত শীত বসন্ত পেরিয়ে,মোহাম্মদ আবুবকর,300.0,http://books.com.bd/26612
Lathi Police Michil লাঠি পুলিশ মিছিল,মোহাম্মদ আবুবকর,150.0,http://books.com.bd/26450
Ekattorer Dairy [Ap] একাত্তরের ডায়েরী,মোহাম্মদ আবুবকর,200.0,http://books.com.bd/26362
Raktakto Janmobhumi রক্তাক্ত জন্মভূমি,মোহাম্মদ আবুবকর,150.0,http://books.com.bd/26781
The Cherry Tree And Granny's Glosses দ্য চেরি ট্রি এন্ড গ্র্যানি’স গ্লাসেস,নাজনীন সুলতানা নীতি,80.0,http://books.com.bd/26782
Re Re রে রে,হাবীবুল্লাহ সিরাজী,50.0,http://books.com.bd/26783
Rage Of Angels রেজ অভ অ্যাঞ্জেলস,সিডনি শেলডন,300.0,http://books.com.bd/26784
Shunchilam Sangbad Shironam শুনছিলেন সংবাদ শিরোনাম,আনজির লিটন,100.0,http://books.com.bd/26786
Sabujer Sathe Mitali সবুজের সাথে মিতালি,ড. ফরিদা আসগর,125.0,http://books.com.bd/26788
Sadaran Gankosh সাধারণ জ্ঞানকোষ,গালিব আসাদউল্লাহ,350.0,http://books.com.bd/26789
Sukh Shukhigon সুখ সখিগণ,অরুণ চৌধুরী,200.0,http://books.com.bd/26790
Shera Pach Uponnash সেরা ৫ উপন্যাস,মোশতাক আহমেদ,1000.0,http://books.com.bd/26791
Species স্পিসিজ,অনীশ দাস অপু,150.0,http://books.com.bd/26792
Deyalmukhi দেয়ালমুখী,মালেক মুস্তাকিম,150.0,http://books.com.bd/26794
The Clash Of Civilizations And The Remaking Of World Order দ্য ক্ল্যাশ অব সিভিলাইজেশনস অ্যান্ড দ্য রিমেকিং অব ওর্য়াল্ড অর্ডার,ড. মোহাম্মদ আবদুর রশীদ,460.0,http://books.com.bd/26795
Dhushor Swopner Sassandra [Anindhoy Prk] ধূসর স্বপ্নের সাসান্দ্রা,কাজী রাফি,500.0,http://books.com.bd/26796
Nodir Nam Moyurakkhy নদীর নাম ময়ূরাক্ষী,রাকিবুল ইসলাম মুকুল,150.0,http://books.com.bd/26797
Natya Bishyok Kotipoy Probonddho নাট্য বিষয়ক কতিপয় প্রবন্ধ,হোসনে আরা জলী,175.0,http://books.com.bd/26798
Nirjonotar Jamitik Bisonnotai নির্জনতার জ্যামিতিক বিষণ্নতা,মাহবুব ময়ূখ রিশাদ,150.0,http://books.com.bd/26799
Tomake Bhalobashi [Ononna] তোমাকে ভালবাসি,ইমদাদুল হক মিলন,250.0,http://books.com.bd/11268
Kanone Kushum Koli কাননে কুসুমকলি,ইমদাদুল হক মিলন,100.0,http://books.com.bd/11198
"Lal Golap, Tomake লাল গোলাপ তোমাকে",ইমদাদুল হক মিলন,200.0,http://books.com.bd/10652
Shomogro Kishor Uponnash সমগ্র কিশোর উপন্যাস,ইমদাদুল হক মিলন,450.0,http://books.com.bd/10896
Ohe Nurul Islam ওহে নুরুল ইসলাম,মমতাজউদ্দীন আহমদ,80.0,http://books.com.bd/28839
Anandomoyir Agomone আনন্দময়ীর আগমনে,সাইমন জাকারিয়া,100.0,http://books.com.bd/28838
Ondhokarer Kolosh Venghe অন্ধকারের কলস ভেঙ্গে,আলম তালুকদার,100.0,http://books.com.bd/28837
Ondhokaray Bondi Bibek অন্ধকারায় বন্দি বিবেক,ড. এম সাইদুর রহমান খান,180.0,http://books.com.bd/28836
Angoli Loho Mor অঞ্জলি লহ মোর,মোর্শেদা জামান লিজি,160.0,http://books.com.bd/28835
Ujane উজানে,হাসনাত আবদুল হাই,120.0,http://books.com.bd/28834
Interview [Agme] ইন্টারভিউ,হাসনাত আবদুল হাই,100.0,http://books.com.bd/28833
Utopia ইউটোপিয়া,হাসনাত আবদুল হাই,300.0,http://books.com.bd/28832
Alor Chithi আলোর চিঠি,আলী ইমাম,60.0,http://books.com.bd/28831
Americar Otithi আমেরিকার অতিথি,নঈম নিজাম,110.0,http://books.com.bd/28830
Adhunikota O Jatiotabad আধুনিকতা ও জাতীয়তাবাদ,বোরহানউদ্দীন খান জাহাঙ্গীর,50.0,http://books.com.bd/28829
Adhare Alo [Agme] আঁধারে আলো,দীপিকা ঘোষ,125.0,http://books.com.bd/28828
Redoy Roktorage হৃদয় রক্তরাগে,তোফাজ্জল হোসেন,50.0,http://books.com.bd/28827
"Somprotik Rajniti, Songcriti O Onnanno Prosongo সাম্প্রতিক রাজনীতি, সংস্কৃতি ও অন্যান্য প্রসঙ্গ",গোলাম কুদ্দুছ,90.0,http://books.com.bd/28826
Smritir Kusum Malika স্মৃতির কুসুম মালিকা,সুলতানা রাজিয়া,340.0,http://books.com.bd/28825
Sretiputro স্মৃতিপুত্র,মুহম্মদ নূরুল হুদা,60.0,http://books.com.bd/28824
Sreeti Omirito স্মৃতি অমৃত,কলিম শরাফী,60.0,http://books.com.bd/28823
sharokgrontho [Rdg] স্মারকগ্রন্থ,রণেশ দাশগুপ্ত,400.0,http://books.com.bd/28822
Newyorker Neelakashe Jhokjhoke Rod নিউইয়র্কের নীলাকাশে ঝকঝকে রোদ,হুমায়ূন আহমেদ,200.0,http://books.com.bd/449
Jokhon Namibe Adhar যখন নামিবে আঁধার,হুমায়ূন আহমেদ,160.0,http://books.com.bd/458
"Egna, Benga, Chenga এংগা, বেংগা, চেংগা",হুমায়ূন আহমেদ,150.0,http://books.com.bd/457
Matal Hawa মাতাল হাওয়া,হুমায়ূন আহমেদ,400.0,http://books.com.bd/474
Socrateser Shes Dinguli সক্রেটিসের শেষ দিনগুলি,প্লেটো,350.0,http://books.com.bd/25389
Peter Brook : Sunno Monchobumi পিটার ব্রুক শূন্য : মঞ্চভূমি,মোস্তফা মীর,200.0,http://books.com.bd/26381
Agrodut অগ্রদূত,মোস্তফা মীর,60.0,http://books.com.bd/26405
Kahlil Jibran Rachana Samaggro কহলীল জিবরান রচনা সমগ্র,মোস্তফা মীর,1000.0,http://books.com.bd/26614
Prithibir Shrestho Galpo পৃথিবীর শ্রেষ্ঠ গল্প,মোস্তফা মীর,1000.0,http://books.com.bd/26636
Understanding sex (Marshall Cavendish) আন্ডারস্ট্যান্ডিং সেক্স (মার্সাল ক্যভোন্ডিস),মোস্তফা মীর,500.0,http://books.com.bd/26692
Danob Panda Loha Khai দানব পান্ডা লোহা খায়,মোস্তফা মীর,120.0,http://books.com.bd/26793
Shrokgrontho স্মারকগ্রন্থ,সন্তোষ গুপ্ত,350.0,http://books.com.bd/28821
Suprabhat Bishonnota সুপ্রভাত বিষণ্নতা,হাসনাত আবদুল হাই,300.0,http://books.com.bd/24299
Cycorux সিকোরাক্স,মুহম্মদ নূরুল হুদা,100.0,http://books.com.bd/28820
Noboni নবনী,হুমায়ূন আহমেদ,175.0,http://books.com.bd/7414
Ashabori আশাবরী,হুমায়ূন আহমেদ,120.0,http://books.com.bd/7415
In Blissful Hell ইন ব্লিসফুল হেল,হুমায়ূন আহমেদ,150.0,http://books.com.bd/7420
Satdiner America সাতদিনের আমেরিকা,হাসনাত আবদুল হাই,225.0,http://books.com.bd/28819
Somoyer Boyan সময়ের বয়ান,মোহাম্মদ সিরাজুদ্দিন,425.0,http://books.com.bd/28818
Sobvotar Kalo Hat সভ্যতার কালো হাত-দ্বিতীয় খণ্ড,দীপিকা ঘোষ,350.0,http://books.com.bd/28817
Shrabon Diner Kabbo শ্রাবণ দিনের কাব্য,শফিকুল ইসলাম,90.0,http://books.com.bd/28816
Laraku Pathu লড়াকু পটুয়া,হাসনাত আবদুল হাই,270.0,http://books.com.bd/28815
Rupkotha Cupkotha রূপকথা চুপকথা,হারুন রশীদ,70.0,http://books.com.bd/28814
Rabindro Ami Ar Tumi রবীন্দ্র আমি আর তুমি,মমতাজ লতিফ,150.0,http://books.com.bd/28813
Jomuna Somproday যমুনা সম্প্রদায়,ইকতিয়ার চৌধুরী,140.0,http://books.com.bd/28812
Mollaprojatontri Pbonkutir মোল্লাপ্রজাতন্ত্রী পবনকুটির,ইমতিয়ার শামীম,130.0,http://books.com.bd/28811
Megh Vanga Roddur মেঘ ভাঙা রোদ্দুর,শফিকুল ইসলাম,70.0,http://books.com.bd/28810
Markin Deshe Bangla Kobita মার্কিন দেশে বাংলা কবিতা,হাসানআল আবদুল্লাহ্,70.0,http://books.com.bd/28809
Manusher Rong মানুষের রঙ,প্রশান্ত লাহিড়ী,400.0,http://books.com.bd/28808
"Manik, Rabindranath, Vidyasagar মানিক, রবীন্দ্রনাথ, বিদ্যাসাগর",আব্দুল হালিম,65.0,http://books.com.bd/28807
Ishwar Chandra Vidyasagar [Katha Prk] ইশ্বরচন্দ্র বিদ্যাসাগর,রাশেদুল আনাম,100.0,http://books.com.bd/26939
Bitongso বিতংস,ওয়াহিদা নূর আফজা,550.0,http://books.com.bd/28806
Boishakhe Verginia Woolf বৈশাখে ভার্জিনিয়া উলফ্‌,হাসনাত আবদুল হাই,350.0,http://books.com.bd/28805
Kuhurani কুহুরানী,হুমায়ূন আহমেদ,150.0,http://books.com.bd/10253
Shedin Choitormash সেদিন চৈত্রমাস,হুমায়ূন আহমেদ,175.0,http://books.com.bd/10322
Mrinmoyeer Mon Bhalo Nei মৃন্ময়ীর মন ভাল নেই,হুমায়ূন আহমেদ,160.0,http://books.com.bd/11642
Nee নি,হুমায়ূন আহমেদ,150.0,http://books.com.bd/12177
Shamol Chaya [Anyaprk] শ্যামল ছায়া,হুমায়ূন আহমেদ,100.0,http://books.com.bd/615
Chayaprithibi [Somoy Prka] ছায়াপৃথিবী,তানজিনা হোসেন,60.0,http://books.com.bd/7558
Nirbachito Prabandho O Boktita Sangkalon Shikkha নির্বাচিত প্রবন্ধ ও বক্তৃতা সংকলন শিক্ষা,দ্বিজেন শর্মা,350.0,http://books.com.bd/26800
Nissonggotar Nogno Kholos নিঃসঙ্গতার নগ্ন খোলস,কাজী রাফি,200.0,http://books.com.bd/26801
Nishongotar Jolobeeg নিঃসঙ্গতার জলবীজ,অনিরুদ্ধ সকাল,120.0,http://books.com.bd/26802
Nisarge Niruddho নিসর্গে নিরুদ্ধ,কাজী রাফি,150.0,http://books.com.bd/26803
Nupur Rohoshso নূপুর রহস্য,আহমেদ রিয়াজ,100.0,http://books.com.bd/26804
Porider Golpo Keu Lekhe na পরীদের গল্প কেউ লেখে না,আমীরুল ইসলাম,100.0,http://books.com.bd/26806
Bishwshrshtho Darshonik বিশ্বশ্রেষ্ঠ দার্শনিক,অষ্ট্রিক আর্যু,150.0,http://books.com.bd/26815
Prithibi পৃথিবী,ড. আলী আসগর,100.0,http://books.com.bd/26808
Prothom Pach Upannash প্রথম পাঁচ উপন্যাস,রবিউল হাসান অভী,200.0,http://books.com.bd/26809
Bangla Shishutosh Chora O Kabitar Bishoy O Prakoran বাংলা শিশুতোষ ছড়া ও কবিতার বিষয় ও প্রকরণ,আরজুমন্দ আরা বানু,200.0,http://books.com.bd/26812
Bangladesher Birshreshtho বাংলাদেশের বীরশ্রেষ্ঠ,অষ্ট্রিক আর্যু,120.0,http://books.com.bd/26813
Bishwasreshtha Aalokito Manush-1 বিশ্বশ্রেষ্ঠ আলোকিত মানুষ,অষ্ট্রিক আর্যু,400.0,http://books.com.bd/26814
Bishwshrestho Rajnitibid বিশ্বশ্রেষ্ঠ রাজনীতিবিদ,অষ্ট্রিক আর্যু,500.0,http://books.com.bd/26816
Biswashareshtho Kobi O Sahittik বিশ্বশ্রেষ্ঠ কবি ও সাহিত্যিক,অষ্ট্রিক আর্যু,300.0,http://books.com.bd/26817
Bishonnotabirodhi Chumbonguli বিষণ্নতাবিরোধী চুম্বনগুলি,মালেক মুস্তাকিম,150.0,http://books.com.bd/26818
Besorkari Biswabiddaloy Samprotik Probonota বেসরকারি বিশ্ববিদ্যালয় সাম্প্রতিক প্রবণতা,আবু নাছের টিপু,200.0,http://books.com.bd/26819
Vuturey Kanhder Rahossho ভূতুড়ে কান্ডের রহস্য,আনোয়ারা বেগম,50.0,http://books.com.bd/26435
Mancho Natok Shamagro মঞ্চ নাটকসমগ্র,ফাল্গুনী হামিদ,150.0,http://books.com.bd/26822
Mone Asche Ja Ja মনে আসছে যা যা,আলফ্রেড খোকন,200.0,http://books.com.bd/26823
Manasanka 1971 মানসঙ্ক ১৯৭১,ফরিদুর রহমান,120.0,http://books.com.bd/26824
Mippo Mippo O Annanya Galpo মিপ্পো মিপ্পো ও অন্যান্য গল্প,মুসতাফা সায়ীদ,200.0,http://books.com.bd/26825
Bhobishot Nirman Making The Future ভবিষ্যৎ নির্মাণ মেকিং দ্য ফিউচার,ড. মোহাম্মদ আবদুর রশীদ,350.0,http://books.com.bd/26826
Rabindronather Shachitro Banobani রবীন্দ্রনাথের সচিত্র বনবাণী,মোকারম হোসেন,400.0,http://books.com.bd/26827
Rupdanggar Sanddane [Anindhoy Prk] রূপডাঙ্গার সন্ধানে,কাজী রাফি,250.0,http://books.com.bd/26828
Sarak-Mohasarak O Paribahan Bishyok Bidibidhan সড়ক-মহাসড়ক ও পরিবহন বিষয়ক বিধিবিধান,আবু নাছের টিপু,850.0,http://books.com.bd/26830
Sandhyapori সন্ধ্যাপরি,রুদ্রাক্ষ রহমান,120.0,http://books.com.bd/26831
Safol Baba-Ma সফল বাবা - মা,ফরিদা আখতার,300.0,http://books.com.bd/26832
Surjjodoyer Deshe সূর্যোদয়ের দেশে,আবু নাছের টিপু,300.0,http://books.com.bd/26833
Srijon-Utsshob সৃজন-উৎসব,রমেশ চন্দ্র বিশ্বাস,200.0,http://books.com.bd/26834
St. Martine Tina সেন্টমার্টিনে টিনা,রাকিবুল ইসলাম মুকুল,120.0,http://books.com.bd/26835
Sonai Mora Chara সোনায় মোড়া ছড়া,আখতার হুসেন,100.0,http://books.com.bd/26836
Sonali Kak সোনালি কাক,মুজিবুল হক কবীর,100.0,http://books.com.bd/26837
Sadinota Puraskar স্বাধীনতা পুরষ্কার,আবু নাছের টিপু,400.0,http://books.com.bd/26838
Ha Ha Ha হাঃ হাঃ হাঃ,মাসুদুল হাসান রনি,120.0,http://books.com.bd/26839
Hihi Cluber Antira হিহি ক্লাবের আন্টিরা,আশিক মুস্তাফা,200.0,http://books.com.bd/26840
Growth And Development Some Macroeconomic Issues গ্রোথ এন্ড ডেভেলপমেন্ট সাম ম্যাক্রোইকোনোমিক ইস্যুস,মো: আবু নাসের,700.0,http://books.com.bd/26841
Attar Bidroho আত্মার বিদ্রোহ,মোস্তফা মীর,70.0,http://books.com.bd/26842
Amar Duto Dana আমার দুটো ডানা,আখতার হুসেন,100.0,http://books.com.bd/26843
Ami Mantri Hobo আমি মন্ত্রী হব,রুদ্রাক্ষ রহমান,70.0,http://books.com.bd/26844
Aire Amar Chelebela আয়রে আমার ছেলেবেলা,পলাশ মাহবুব,200.0,http://books.com.bd/26845
Uttaraner Angikar উত্তরণের অঙ্গীকার,ফরিদা আখতার,250.0,http://books.com.bd/26846
Upottokar Pori উপত্যকার পরী,মোস্তফা মীর,60.0,http://books.com.bd/26847
Shongkhonil Karagar [Dibbo] শঙ্খনীল কারাগার,হুমায়ূন আহমেদ,100.0,http://books.com.bd/26900
Bhutshomogro [HA] ভূতসমগ্র,হুমায়ূন আহমেদ,650.0,http://books.com.bd/620
Ballpoint বলপয়েন্ট,হুমায়ূন আহমেদ,225.0,http://books.com.bd/111
Nirbachito Science Fiction [HA] নির্বাচিত সায়েন্স ফিকশন,হুমায়ূন আহমেদ,650.0,http://books.com.bd/417
Jostnatroyee জোছনাত্রয়ী,হুমায়ূন আহমেদ,250.0,http://books.com.bd/623
Kathpencil কাঠপেন্সিল,হুমায়ূন আহমেদ,225.0,http://books.com.bd/467
Uralponkhi উড়ালপঙ্খি,হুমায়ূন আহমেদ,200.0,http://books.com.bd/512
Ke Kotha Koy কে কথা কয়,হুমায়ূন আহমেদ,500.0,http://books.com.bd/134
Ekattar O Saptom Noibohor একাত্তর ও সপ্তম নৌবহর,দুখু বাঙ্গাল,150.0,http://books.com.bd/26848
Ekushe Padok একুশে পদক,আবু নাছের টিপু,350.0,http://books.com.bd/26849
Ekhon Anek Rat এখন অনেক রাত,রাকিবুল ইসলাম মুকুল,200.0,http://books.com.bd/26850
Gonomaddham O Prokashona Bishoyok Ayne গণমাধ্যম ও প্রকাশনা বিষয়ক আইন,আবু নাছের টিপু,500.0,http://books.com.bd/26855
Choy Ranger Bangladesh ছয় রঙের বাংলাদেশ,মোকারম হোসেন,650.0,http://books.com.bd/26857
Choto Pakhi Chandona ছোট্ট পাখি চন্দনা,এনায়েত রসুল,150.0,http://books.com.bd/26858
Jiboner Shesh Nei জীবনের শেষ নেই,দ্বিজেন শর্মা,200.0,http://books.com.bd/26860
Tuitioni টিউশনি,রমেশ চন্দ্র বিশ্বাস,300.0,http://books.com.bd/26861
Tulu Brothers টুলু ব্রাদার্স,পলাশ মাহবুব,150.0,http://books.com.bd/26863
Tusharkonna তুষারকন্যা,এনায়েত রসুল,100.0,http://books.com.bd/26864
Nabir Bagan নবীর বাগান,মোস্তফা মীর,70.0,http://books.com.bd/26866
Pathbrastto পথভ্রষ্ট,মোস্তফা মীর,70.0,http://books.com.bd/26867
Pagol পাগল,মোস্তফা মীর,60.0,http://books.com.bd/26868
Kahlil Jibraner Premer Chithi কহলীল জিবরানের প্রেমের চিঠি,মোস্তফা মীর,130.0,http://books.com.bd/26869
Bali O Fena বালি ও ফেনা,মোস্তফা মীর,60.0,http://books.com.bd/26870
Mohabipoder Chotomama মহাবিপদে ছোটমামা,ইকবাল খন্দকার,150.0,http://books.com.bd/26871
Ratri O Sakaler Majhkhane রাত্রি ও সকালের মাঝখানে,মোস্তফা মীর,70.0,http://books.com.bd/26872
Annyaprotiva Ramanujan অনন্যপ্রতিভা রামানুজন,রবীন বন্দ্যোপাধ্যায়,125.0,http://books.com.bd/26874
Mirkhaier Autograph মিরখাইয়ের অটোগ্রাফ,হুমায়ূন আহমেদ,100.0,http://books.com.bd/462
Golpoti Annorakom Hote Parto গল্পটি অন্যরকম হতে পারতো,ফারজানা মিতু,225.0,http://books.com.bd/26879
Briste Kinba Kuyashay বৃষ্টিতে কিংবা কুয়াশায়,হাসনাত আবদুল হাই,150.0,http://books.com.bd/28804
Buddhijibi O Sonslistho Prosongo বুদ্ধিজীবী ও সংশ্লিষ্ট প্রসঙ্গ,মোরশেদ শফিউল হাসান,50.0,http://books.com.bd/28803
Bir Bangalir Chora বীর বাঙালির ছড়া,আমীরুল ইসলাম,40.0,http://books.com.bd/28802
Biplob Dirghojibi Hoke বিপ্লব দীর্ঘজীবী হোক,বোরহানউদ্দীন খান জাহাঙ্গীর,80.0,http://books.com.bd/28801
Bicitro Dristite Fokolor বিচিত্র দৃষ্টিতে ফোকলোর,ড. মযহারুল ইসলাম,175.0,http://books.com.bd/28800
Banir BicritoO Obicrito Banir Utsho বাণীর বিকৃতি ও অবিকৃত বাণীর উৎস,ব্রহ্মমোহন ঠাকুর,100.0,http://books.com.bd/28799
Bangalir Adhunikota O Onnanno Probondho বাঙালির আধুনিকতা ও অন্যান্য প্রবন্ধ,আবুল মোমেন,180.0,http://books.com.bd/28798
Bangla Sahitte Samajik Noksha : Potovumi O Protistha বাংলা সাহিত্যে সামাজিক নকশা: পটভূমি ও প্রতিষ্ঠা,ড. আবুল কাশেম চৌধুরী,250.0,http://books.com.bd/28797
Prize O Onnanno Golpo প্রাইজ ও অন্যান্য গল্প,শওকত ওসমান,120.0,http://books.com.bd/28796
Probashe Desher Choya প্রবাসে দেশের ছোঁয়া,দীপিকা ঘোষ,180.0,http://books.com.bd/28795
Probondho Songroho প্রবন্ধ সংগ্রহ,আলী ইমাম,300.0,http://books.com.bd/28794
Probondho Songroho [SAMS Kibria] প্রবন্ধ সংগ্রহ,শাহ এ এম এস কিবরিয়া,350.0,http://books.com.bd/28793
Purbobonger Muslim Rajniti পূর্ববঙ্গের মুসলিম রাজনীতি,আতিকুর রহমান,150.0,http://books.com.bd/28792
Paruler Ghar পারুলের ঘর,মিতালী হোসেন,125.0,http://books.com.bd/28791
Pormanush পরমানুষ,বুলবুল চৌধুরী,60.0,http://books.com.bd/28790
Podmaparer Dhausoyar পদ্মাপারের ঢেউসোয়ার,মুহম্মদ নূরুল হুদা,60.0,http://books.com.bd/28789
Poroshi Paray পড়শি পাড়ায়,জিকরুর রেজা খানম,150.0,http://books.com.bd/28788
Noirita নৈঋতা,মাসুদা ভাট্টি,110.0,http://books.com.bd/28787
Netar Mayer Mrittute নেতার মায়ের মৃত্যুতে,আনা ইসলাম,75.0,http://books.com.bd/28786
Nil Showpno নীল স্বপ্ন,কামাল আহমেদ,70.0,http://books.com.bd/28785
Nihoto Hoyer Opekkhay Jege Thaki নিহত হওয়ার অপেক্ষায় জেগে থাকি,সাজ্‌জাদ আরেফিন,50.0,http://books.com.bd/28784
Na Pream Na Droho না প্রেম না দ্রোহ,আবু সাঈদ সাগর,100.0,http://books.com.bd/28783
Nosto Somoyer Jonno Khoma Pratthona নষ্ট সময়ের জন্য ক্ষমা প্রার্থনা,ইসরাইল হোসেন,70.0,http://books.com.bd/28782
Noy A Modhur Khela নয় এ মধুর খেলা,জাহানারা ইমাম,120.0,http://books.com.bd/28781
Novella নভেলা,হাসনাত আবদুল হাই,160.0,http://books.com.bd/28780
Nonsense Club ননসেন্স ক্লাব,নরেন্দ্র অমরনাথ,400.0,http://books.com.bd/28779
Nodi Puran Abong Packege Tour নদী পুরান এবং প্যাকেজ ট্যুর,হাসনাত আবদুল হাই,150.0,http://books.com.bd/28778
Note Ghashti নটে গাছটি,হাসনাত আবদুল হাই,150.0,http://books.com.bd/28777
Dicarini দ্বিচারিণী,রাশীদুল বারী,70.0,http://books.com.bd/28776
Droher Kobita দ্রোহের কবিতা,মিনার মনসুর,250.0,http://books.com.bd/28775
Dojokhe Nortoke Rat দোযখে নর্তকী রাত,আকিদুল ইসলাম,150.0,http://books.com.bd/28774
Duranto Kishor দুরন্ত কিশোর,সাইদুর রহমান,50.0,http://books.com.bd/28773
Diner Sheshe [Agme] দিনের শেষে,শাজাই আষাঢ়ী,80.0,http://books.com.bd/28772
Jonathan O Neogothic জোনাথান ও নিওগথিক,হাসনাত আবদুল হাই,250.0,http://books.com.bd/28771
Tin Bondhu Ebang Ekti Desh তিন বন্ধু এবং একটি দেশ,হাসনাত আবদুল হাই,270.0,http://books.com.bd/28770
Torbarir Chayatole তরবারির ছায়াতলে,মাসুদা ভাট্টি,80.0,http://books.com.bd/28769
Tobuo Bristi Ashouk তবুও বৃষ্টি আসুক,শফিকুল ইসলাম,80.0,http://books.com.bd/18043
Tobuo Fera Jai তবুও ফেরা যায়,নাজিম উদ্দিন নাজিম,80.0,http://books.com.bd/24360
Rajneetir Tinkal রাজনীতির তিনকাল,মিজানুর রহমান চৌধুরী,500.0,http://books.com.bd/11093
Tottabodhayok Sarker Babostha Ak Osoni Songket তত্ত্বাবধায়ক সরকার ব্যবস্থা এক অশনি সংকেত,মিজানুর রহমান খান,320.0,http://books.com.bd/24778
Himur Ditiyo Prohor হিমুর দ্বিতীয় প্রহর,হুমায়ূন আহমেদ,200.0,http://books.com.bd/12184
Grihotaagi Jostna গৃহত্যাগী জোছনা,হুমায়ূন আহমেদ,50.0,http://books.com.bd/11604
Dubeche Amritosurjo ডুবেছে অমৃতসূর্য,ভূঁইয়া শফিকুল ইসলাম,150.0,http://books.com.bd/28768
Twin Tower Theke Ground Zero টুইন টাওয়ার থেকে গ্রাউন্ড জিরো,মন্জুরুল ইসলাম,80.0,http://books.com.bd/28767
Biotechnology And-genetic-engineering জৈবপ্রযুক্তি এবং জীন প্রকৌশল,ড. হালিমা সাদিয়া খান,600.0,http://books.com.bd/28766
Jiboner Bohu Rang জীবনের বহু রং,দীপিকা ঘোষ,150.0,http://books.com.bd/28765
Jal Theke Jale জাল থেকে জালে,নূরুদ্দিন জাহাঙ্গীর,200.0,http://books.com.bd/24254
Khaleda Zia : Jobab Deben Ki? খালেদা জিয়া : জবাব দেবেন কি?,অধ্যাপক আবু সাইয়িদ,25.0,http://books.com.bd/28764
Jogot Songsare জগৎ সংসারে,হারুন অর রশীদ,160.0,http://books.com.bd/28763
Chelebelar Sreeti ছেলেবেলার স্মৃতি,আকিদুল ইসলাম,100.0,http://books.com.bd/28762
Onnobhubon অন্যভূবন,হুমায়ূন আহমেদ,125.0,http://books.com.bd/11186
Tomake [Anannya] তোমাকে,হুমায়ূন আহমেদ,125.0,http://books.com.bd/11188
Mojar Bhut মজার ভূত,হুমায়ূন আহমেদ,125.0,http://books.com.bd/10349
Sreshtho Romantik Uponyas [BC] শ্রেষ্ঠ রোমান্টিক উপন্যাস,বঙ্কিমচন্দ্র চট্টোপাধ্যায়,350.0,http://books.com.bd/16955
Sreshtho Romantice Uponnash [Tb] শ্রেষ্ঠ রোমান্টিক উপন্যাস,তারাশঙ্কর বন্দ্যোপাধ্যায়,400.0,http://books.com.bd/10254
Science Fiction Golposhomogro [HA] সায়েন্স ফিকশন গল্পসমগ্র,হুমায়ূন আহমেদ,300.0,http://books.com.bd/10950
Shobai Geche Bone সবাই গেছে বনে,হুমায়ূন আহমেদ,135.0,http://books.com.bd/19538
Himur Babar Kothamala হিমুর বাবার কথামালা,হুমায়ূন আহমেদ,135.0,http://books.com.bd/19535
Charalnama চাড়ালনামা,নাসির আলী মামুন,800.0,http://books.com.bd/28761
Gan Ar Gan গান আর গান,কুদরত-উল ইসলাম,200.0,http://books.com.bd/28760
Kothy Asi Kamon Asi কোথায় আছি কেমন আছি,আয়াত আলী পাটওয়ারী,100.0,http://books.com.bd/28759
Kalo Srote Bortoman Bangladesh কাল স্রোতে বর্তমান বাংলাদেশ,মযহারুল ইসলাম,150.0,http://books.com.bd/28758
Candroloke Dujana চন্দ্রলোকে দু'জনা,রোহিত হাসান কিসলু,100.0,http://books.com.bd/24625
Mahakaler Aina Pak Panjaton মহাকালের আয়নায় পাক পাঞ্জাতন,সৈয়দ আহমদ বখত মতিন,160.0,http://books.com.bd/25125
Shoranarthi Shibir-1971 শরণার্থী শিবির-১৯৭১,মুহম্মদ আনোয়ার আলি,250.0,http://books.com.bd/25576
Mishoriyo Shobbhota [Ai] মিশরীয় সভ্যতা,আলী ইমাম,500.0,http://books.com.bd/13128
Bhut Sabadhan! ভূত সাবধান!,মশিউর রহমান,150.0,http://books.com.bd/16461
Nasar-Ed-Din Khojar : Golpogulo নসর-এদ-দীন খোজার : গল্পগুলো,কে. এন. শাহজাহান করিম,250.0,http://books.com.bd/16474
"Kornel Akbor Hosen Bir Protik Muktijuddhe, Songsode, Songbadpotre কর্ণেল আকবর হোসেন বীর প্রতীক : মুক্তিযুদ্ধে, সংসদে, সংবাদপত্রে",নজরুল ইসলাম মিশা,150.0,http://books.com.bd/17767
Chronicles Of Narnia : The Lion Witch And Wardrobe দ্য ক্রনিক্যালস অব নার্নিয়া : দ্য লায়ন এইচ এন্ড ওয়্যারড্রোব,প্রিন্স আশরাফ,240.0,http://books.com.bd/19512
Shrestho Sangitt Shongroho শ্রেষ্ঠ সঙ্গীত সংগ্রহ,শঙ্কর রায়,400.0,http://books.com.bd/24661
Shrestho Sangitt Shorolipi শ্রেষ্ঠ সঙ্গীত স্বরলিপি,শঙ্কর রায়,400.0,http://books.com.bd/24662
Shonkarer Shrestho Shoto Ganer Shorolipi শঙ্করের শ্রেষ্ঠ শত গানের স্বরলিপি,শঙ্কর রায়,250.0,http://books.com.bd/24672
Shersto Polligitir Swaralipi শ্রেষ্ঠ পল্লীগীতির স্বরলিপি,শঙ্কর রায়,250.0,http://books.com.bd/24675
Sunirbacito Lalon Gitir Shorolipi সুনির্বাচিত লালন গীতির স্বরলিপি,শঙ্কর রায়,80.0,http://books.com.bd/24682
Sunirbacito Deshattobodhok Ganer Sorolipi সুনির্বাচিত দেশাত্মবোধক গানের স্বরলিপি,শঙ্কর রায়,250.0,http://books.com.bd/24684
Chotoder Upodeshmulok : Rupkatha ছোটদের উপদেশমূলক : রূপকথা,আবু কাইয়ুম,120.0,http://books.com.bd/24692
Rupkatha ছোটদের শিক্ষামূলক : রূপকথা,আবু কাইয়ুম,120.0,http://books.com.bd/24693
Prakitik Upokorone Soindojocarca প্রাকৃতিক উপকরণে সৌন্দর্যচর্চা,ডাঃ সন্ধ্যা রায়,100.0,http://books.com.bd/24695
Birboler Sherstro Golpo বীরবলের শ্রেষ্ঠ গল্প,আবু কাইয়ুম,100.0,http://books.com.bd/24697
Bangladeshe Darshon বাংলাদেশ দর্শন,নূরনবী,320.0,http://books.com.bd/24763
Muktijuddher Kishor Golpo [kak] মুক্তিযুদ্ধের কিশোর গল্প,আলী ইমাম,135.0,http://books.com.bd/24781
Gramgonjer Muktijuddho গ্রামগন্জের মুক্তিযুদ্ধ,পিয়ারা বেগম,135.0,http://books.com.bd/25105
Jole Vhasa Podmo জলে ভাসা পদ্ম,পলাশ আহমেদ,135.0,http://books.com.bd/25111
Children Of The Days চিলড্রেন অব দ্য ডে'জ,সাদেকুল হাসান কল্লোল,460.0,http://books.com.bd/25120
The Voice of the Dawn Trader দ্য ভয়েজ অব দ্য ডন ট্রেডার,তাহমিনা সানী,240.0,http://books.com.bd/25121
The Magishiyan Nefie দ্য ম্যাজিশিয়ান নেফিউ,প্রিন্স আশরাফ,240.0,http://books.com.bd/25122
The Chronicles of Narnia The Last Battle দ্য ক্রনিক্যালস অব নার্নিয়া : দ্য লাস্ট ব্যাটেল,প্রিন্স আশরাফ,200.0,http://books.com.bd/25123
The Silver Chair দ্য সিলভার চেয়ার,প্রিন্স আশরাফ,240.0,http://books.com.bd/25124
Advuture Aonko অদ্ভুতুড়ে অঙ্ক,সৌমেন সাহা,125.0,http://books.com.bd/25399
Rajnoitik Damadole Swapna Jatrar Orthoniti রাজনৈতিক ডামাডোলে স্বপ্নযাত্রার অর্থনীতি,ড. শামসুল আলম,400.0,http://books.com.bd/13074
Khelai Khelai Bigganer Projekt খেলায় খেলায় বিজ্ঞানের প্রজেক্ট,সৌমেন সাহা,300.0,http://books.com.bd/25430
Bingsh Shotabdir Sreshtho Rajnitibid বিংশ শতাব্দীর শ্রেষ্ঠ রাজনীতিবিদ,সাহাদাত হোসেন খান,400.0,http://books.com.bd/13329
Anishit Samudrojatra অনিশ্চিত সমুদ্রযাত্রা,তাইফুর রহমান,200.0,http://books.com.bd/25592
Anno Golpo অন্য গল্প,দুর্জয় অভি,300.0,http://books.com.bd/25593
Nivreto Rodelay Joshnar Golpo নিভৃত রোদেলায় জোছনার গল্প,দুর্জয় অভি,300.0,http://books.com.bd/25627
Asthir Somoy Anischit Bhobisyat অস্থির সময় অনিশ্চিত ভবিষ্যৎ,নূহ-উল-আলম লেনিন,500.0,http://books.com.bd/25680
Pasti Dergha Kabita পাঁচটি দীর্ঘ কবিতা,শেখ হাফিজুর রহমান,100.0,http://books.com.bd/25739
Mmabarir Mojar Kahdo মামাবাড়ির মজার কাণ্ড,সৈয়দ মাজহারুল পারভেজ,100.0,http://books.com.bd/25759
Shata Rakamer Chara শত রকমের ছড়া,ফারুক হোসেন,400.0,http://books.com.bd/25777
Ummahat al-Mu'minin Hazrat Aishah (ra) উম্মুহাতুল মুমেনীন হযরত আয়েশা (রা.),মাওলানা হাবিবুর রহমান এম.এ.,100.0,http://books.com.bd/25794
Hazrat Ali (ra) ইসলামের চতুর্থ খলিফা হযরত আলী (রা.),মাওলানা হাবিবুর রহমান এম.এ.,100.0,http://books.com.bd/25795
Hazrat Omar Faruq (Ra) ইসলামের দ্বিতীয় খলিফা হযরত ওমর ফারুক (রা.),মাওলানা হাবিবুর রহমান এম.এ.,100.0,http://books.com.bd/25796
Hazrat Osman Gani (Ra) ইসলামের তৃতীয় খলিফা হযরত ওসমান গণি (রা.),মাওলানা হাবিবুর রহমান এম.এ.,100.0,http://books.com.bd/25797
Nirbachito Kishor Adventure নির্বাচিত কিশোর অ্যাডভেঞ্চার,আলী ইমাম,300.0,http://books.com.bd/26049
Voyankor Adventures Samoggro ভয়ঙ্কর অ্যাডভেঞ্চার সমগ্র,এনায়েত রসুল,300.0,http://books.com.bd/26058
Muktijuddh Abang Ekusher Golpo O Kabita মুক্তিযুদ্ধ এবং একুশের গল্প ও কবিতা,সৈয়দা নূরজাহান বেলা,135.0,http://books.com.bd/26337
Abolokik অবলৌকিক,রুমানা বৈশাখী,200.0,http://books.com.bd/26350
Alokik Sayonton অলৌকিক সায়ন্তন,আল-কাফি (নয়ন),200.0,http://books.com.bd/26351
Ukrainer Lokokahini ইউক্রেনের লোককাহিনী,কে. এন. শাহজাহান করিম,225.0,http://books.com.bd/26352
Bandutto O Ekti Nirjon Dhip বন্ধুত্ব ও একটি নির্জন দ্বীপ,আহসানুল হক আশিক,175.0,http://books.com.bd/26355
Rokomari Golpo রকমারি গল্প,ড. রওশন জাহান,125.0,http://books.com.bd/13036
Dure Thakuk Ashuk Bishuk দূরে থাকুক অসুখ বিসুখ,ডা. মিজানুর রহমান কল্লোল,250.0,http://books.com.bd/26393
Dehoghari [Anindhoy Prk] দেহঘড়ি,ডা. ওয়ানাইজা,100.0,http://books.com.bd/26397
Batroger Karon O Chikitssa বাতরোগের কারণ ও চিকিৎসা,ডা. এম. এ. শাকুর,120.0,http://books.com.bd/26427
Rokter Ashukh Bishukh রক্তের অসুখ বিসুখ,ডা. মিজানুর রহমান কল্লোল,100.0,http://books.com.bd/26444
Sustho Thakar Jonne Ki Korben সুস্থ থাকার জন্যে কী করবেন,ডা. মিজানুর রহমান কল্লোল,250.0,http://books.com.bd/26457
Kishor Amonibash কিশোর অমনিবাস,আলী ইমাম,600.0,http://books.com.bd/26717
Kishor Amnibash-3 কিশোর অমনিবাস-৩,আলী ইমাম,700.0,http://books.com.bd/26718
Kishor Omnibash-2 কিশোর অমনিবাস-২,আলী ইমাম,700.0,http://books.com.bd/26719
Jyamitir Dwitiyo Path জ্যামিতির দ্বিতীয়পাঠ,সুব্রত দেবনাথ,135.0,http://books.com.bd/3619
"Onekr Dhadha Dhadhay Onko অঙ্কের ধাঁধা, ধাঁধার অঙ্ক",মুনির হাসান,240.0,http://books.com.bd/3639
Jotirbiddar Khojkhobor [TL] জ্যোতির্বিদ্যার খোঁশখবর,ইয়াকভ পেরেলম্যান,220.0,http://books.com.bd/3613
Danbi Mete ধন্বী মেয়ে,কাসেম বিন আবুবাকার,80.0,http://books.com.bd/24608
Banglar Musolmander Samajik Itihash বাংলার মুসলমানদের সামাজিক ইতিহাস,আবদুল করিম,300.0,http://books.com.bd/11646
Eso Gan Shikhi এসো গান শিখি,শঙ্কর রায়,200.0,http://books.com.bd/24633
Chotoder Gan Shekha ছোটদের গান শেখা,শঙ্কর রায়,250.0,http://books.com.bd/24634
Vartiyo Priyo Adhunik Ganer Sbrolipi ভারতীয় প্রিয় আধুনিক গানের স্বরলিপি,শঙ্কর রায়,150.0,http://books.com.bd/24645
Robindroshongeet Sworolipi 2 Part (11-20) রবীন্দ্র সঙ্গীত স্বরলিপি [২য় খন্ড] [১১-২০],শঙ্কর রায়,600.0,http://books.com.bd/24652
Rode Jolshano Brishti রোদে ঝলসানো বৃষ্টি,জিয়ন খান,100.0,http://books.com.bd/11717
Bhuture Botgach ভুতুড়ে বটগাছ,ইকবাল খন্দকার,150.0,http://books.com.bd/26772
Jeebon Jemon [Agame] জীবন যেমন,আহসান ওয়াহিদ,180.0,http://books.com.bd/28360
Bishad Shindhu [Bangladesh Co Op B S] বিষাদ সিন্ধু,মীর মশাররফ হোসেন,225.0,http://books.com.bd/2266
Bishad Sinhdu [Afsar Brths] বিষাদ সিন্ধু,মীর মশাররফ হোসেন,250.0,http://books.com.bd/27632
Sadhbar Ekadohi [Afsar Brths] সধবার একাদশী,দীনবন্ধু মিত্র,125.0,http://books.com.bd/17738
Ganitik Sangkar Mojar Onko গাণিতিক সংখার মজার অংক,মাজহারুল ইসলাম,150.0,http://books.com.bd/24729
Mosto Borolok মস্ত বড়লোক,মঞ্জু সরকার,300.0,http://books.com.bd/25932
Kabitasamogro [Katha Prk] কবিতাসমগ্র,জীবনানন্দ দাশ,700.0,http://books.com.bd/27183
To Have and Have Not টু হ্যাভ আ্যন্ড হ্যাভ নট,আর্নেস্ট হেমিংওয়ে,160.0,http://books.com.bd/11651
Pochish Bochor Pore পঁচিশ বছর পরে,আমান-উদ-দ্দৌলা,135.0,http://books.com.bd/26333
Abaro Esho Nipobone আবারও এসো নিপবনে,আবুল হায়াত,150.0,http://books.com.bd/10313
Trishnar Shanty তৃষ্ণার শান্তি,আবুল হায়াত,50.0,http://books.com.bd/12345
Jibonkhatar Footnote জীবন খাতার ফুটনোট,আবুল হায়াত,125.0,http://books.com.bd/18539
C. R. Datto Beer Uttom মুক্তিযুদ্ধে ৪নং সেক্টর কমান্ডার ও মেজর জেনারেল (অব.) : সি. আর. দত্ত বীর উত্তম,তপন কুমার দে,300.0,http://books.com.bd/27666
Acholayoton [Afsar Brths] অচলায়তন,রবীন্দ্রনাথ ঠাকুর,125.0,http://books.com.bd/27670
Achalayatan [Protik] অচলায়তন,রবীন্দ্রনাথ ঠাকুর,125.0,http://books.com.bd/27465
Chotoder Tritiyo Khalifa Hazrat Usman (Ra:) ছোটদের তৃতীয় : খলিফা হযরত ওসমান (রাঃ),মাওলানা খান মোঃ সাইফুল ইসলাম,125.0,http://books.com.bd/27722
Thakumar Jhuli [Kakoli Prk] ঠাকুরমার ঝুলি,দক্ষিণারঞ্জন মিত্র মজুমদার,150.0,http://books.com.bd/12133
Tarar Desher Chele সায়েন্স ফিকশন ও ফ্যান্টাসি : তারার দেশের ছেলে,জিনাত রোকসানা,75.0,http://books.com.bd/27732
Nirbachito Vhuter Golpo [Afb] নির্বাচিত ভূতের গল্প,আবির মাহমুদ,100.0,http://books.com.bd/27746
Dr. Jakil O Mr. Hayde ড. জেকিল ও মি. হাইড,জাকির হোসেন,225.0,http://books.com.bd/25812
Bangladesher Shasonbyabostha O Rajniti বাংলাদেশের শাসনব্যবস্থা ও রাজনীতি,ড. আবুল ফজল হক,300.0,http://books.com.bd/9893
Kabita-Prabonddho কবিতা-প্রবন্ধ,খালেদ হোসাইন,250.0,http://books.com.bd/26364
Chole Jete Pari চলে যেতে পারি,খালেদ হোসাইন,100.0,http://books.com.bd/26368
Chorai Notun Rupkatha ছড়ায় নতুন রূপকথা,খালেদ হোসাইন,80.0,http://books.com.bd/26373
Chorasamaggro [Katha Prkash] ছড়াসমগ্র,শামসুর রহমান,300.0,http://books.com.bd/26958
Charasamogro [Anindhoy Prk] ছড়াসমগ্র,খালেদ হোসাইন,300.0,http://books.com.bd/26374
Bangla Premer Kabita বাংলা প্রেমের কবিতা,মুজিবুল হক কবীর,250.0,http://books.com.bd/26421
Ei Ami Anno Keu এ আমি অন্য কেউ,খালেদ হোসাইন,150.0,http://books.com.bd/26705
Mojar Boi মজার বই,খালেদ হোসাইন,250.0,http://books.com.bd/26821
Fele Asha 71 On Muktizuddher Dingulo ফেলে আসা ৭১ ও মুক্তিযুদ্ধের দিনগুলো,মোহাম্মদ আহছান উল্লাহ ফরিদ,150.0,http://books.com.bd/26009
Ferao Athoba Bengge Felo ফেরাও অথবা ভেঙে ফেলো,এহসানুল ইয়াছিন,200.0,http://books.com.bd/26811
Chorar Bone ছড়ার বনে,মমতাজ মহল মুক্তা,100.0,http://books.com.bd/26856
Are You Afraid Of The Dark আর ইউ এ্য্যফ্রেইড অব দ্য ডার্ক?,মাকসুদুজ্জামান খান,300.0,http://books.com.bd/19700
Cat And Mouse ক্যাট আ্যন্ড মাউস,জেমস প্যাটারসন,360.0,http://books.com.bd/19697
Digital Fortress ডিজিটাল ফরট্রেস,মাকসুদুজ্জামান খান,380.0,http://books.com.bd/19696
Chaya ছায়া,হাসান খুরশীদ রুমী,280.0,http://books.com.bd/26727
Tale Me Your Dreams টেল মি ইয়োর ড্রিমস,সিডনি শেলডন,350.0,http://books.com.bd/26732
The Naked Faces দ্য নেকেড ফেস,সিডনি শেলডন,180.0,http://books.com.bd/26740
Twelve Great Stories of Science Fiction টুয়েলভ গ্রেট ষ্টোরিজ অব সায়েন্স ফিকশন,হাসান খুরশীদ রুমী,150.0,http://books.com.bd/26862
Biggan: Jotil Shutro Sohoj Somadhan বিজ্ঞানঃ জটিল সূত্রের সহজ ব্যাখ্যা,হাসান খুরশীদ রুমী,200.0,http://books.com.bd/7925
Amader Vasha Andoloner Katha আমাদের ভাষা আন্দোলনের কথা,হাসান খুরশীদ রুমী,100.0,http://books.com.bd/26031
Selected Short Stories of Science Fiction সিলেক্টেড শর্ট ষ্টোরিজ অব সায়েন্স ফিকশন,হাসান খুরশীদ রুমী,150.0,http://books.com.bd/26456
Banglar Sera Science Fiction বাংলার সেরা সায়েন্স ফিকশন,হাসান খুরশীদ রুমী,250.0,http://books.com.bd/26583
Nekre নেকড়ে,হাসান খুরশীদ রুমী,220.0,http://books.com.bd/26750
No Stranger নো স্ট্রেঞ্জার,হাসান খুরশীদ রুমী,130.0,http://books.com.bd/26805
Theft From a Provincial Museum থেফট ফ্রম এ প্রভিন্সিয়াল মিউজিয়াম,হাসান খুরশীদ রুমী,120.0,http://books.com.bd/26810
Kisheliov Again কিশোলিওভ এগেইন,হাসান খুরশীদ রুমী,130.0,http://books.com.bd/26854
Jadughare Churi জাদুঘরে চুরি,হাসান খুরশীদ রুমী,400.0,http://books.com.bd/26859
Chayamoy Bhuture ছায়াময় ভুতুড়ে,হাসান খুরশীদ রুমী,260.0,http://books.com.bd/3123
Stephen King Er Golpo-3 স্টিফিন কিং- এর গল্প-৩,স্টিফেন কিং,160.0,http://books.com.bd/3101
Bayannor Karagor বায়ান্ন’র কারাগার,ফজলুল করিম,100.0,http://books.com.bd/25039
Ekattorer Juddhoshishu [Somoy Prk] একাত্তরের যুদ্ধশিশু,সাজিদ হোসেন,300.0,http://books.com.bd/7276
Trash [Protik] ট্র্যাশ্‌,আহসান হাবীব,110.0,http://books.com.bd/27440
Tarzan-3 [Protik] টারজান -৩,রকিব হাসান,300.0,http://books.com.bd/1165
Uttor Purush [Pearl Publc] উত্তরপুরুষ,দীপু মাহমুদ,200.0,http://books.com.bd/13050
Uttor Purush [Agame] উত্তর পুরুষ,রিজিয়া রহমান,70.0,http://books.com.bd/28341
Kothopokothon [Anya Prk] কথোপকথন,আবদুল্লাহ আবু সায়ীদ,200.0,http://books.com.bd/24837
Shongkot Jibone O Monone [Biddya Prk] সংকট : জীবনে ও মননে,আহমদ শরীফ,200.0,http://books.com.bd/26341
Monir Pahar [Dibbo Prk] মণির পাহাড়,অরুন সোম,250.0,http://books.com.bd/1949
The Spirit Of Islam [Kakoli Prk] দ্য স্পিরিট অব ইসলাম,ড. রশীদুল আলম,250.0,http://books.com.bd/11914
The Spirit of Islam [Bornayon] দ্য স্পিরিট অব ইসলাম,দরবেশ আলী খান,680.0,http://books.com.bd/25356
Rajnoitik Kobita [Shamsur R] রাজনৈতিক কবিতা,শামসুর রহমান,125.0,http://books.com.bd/11297
Nirbachito Probondho [Afsar Brths Rabindro T] নির্বাচিত প্রবন্ধ,রবীন্দ্রনাথ ঠাকুর,150.0,http://books.com.bd/524
Nirbachito Probondho [Muntasir M] নির্বাচিত প্রবন্ধ,মুনতাসীর মামুন,275.0,http://books.com.bd/181
Rochonaboli-1 [Abdus S] রচনাবলী-১,আব্দুশ শাকুর,500.0,http://books.com.bd/3213
Uncle Tom's Cabin [Somototh] আঙ্কল টমস কেবিন,হ্যারিয়েট বিচার স্টো,200.0,http://books.com.bd/25802
Uncle Tom's Cabin [Afsar Brths] আঙ্কল টমস্ কেবিন,হ্যারিয়েট বিচার স্টো,225.0,http://books.com.bd/27759
Pakhi Sob Kore Rob [Chandrabati Acdmy] পাখি সব করে বর,মাহফুজুর রহমান,400.0,http://books.com.bd/25915
Trishita তৃষিতা,আনোয়ারা সৈয়দ হক,150.0,http://books.com.bd/26330
Trishira ত্রিশিরা,আনোয়ারা সৈয়দ হক,150.0,http://books.com.bd/16593
First Boy ফার্স্ট বয়,মোস্তফা কামাল,100.0,http://books.com.bd/24542
The Betrayal of East Pakistan [Anannya] দ্য বিট্রেয়াল অভ ইস্ট পাকিস্তান,ডা. মিজানুর রহমান কল্লোল,500.0,http://books.com.bd/24881
Tarzan-2 [Protik] এডগার রাইস বারোজ : টারজান -২,রকিব হাসান,300.0,http://books.com.bd/1166
Muktijuddher Chora [Katha Prk] মুক্তিযুদ্ধের ছড়া,চন্দন চৌধুরী,60.0,http://books.com.bd/27177
Shisura Juddho Chaina শিশুরা যুদ্ধ চায় না,ড. মোহাম্মদ হাননান,225.0,http://books.com.bd/26829
Bangladesher Arthoniti 1996-2001 বাংলাদেশর অর্থনীতি ১৯৯৬-২০০১,ড. মোহাম্মদ হাননান,300.0,http://books.com.bd/26758
Desher Namti Bangladesh দেশের নামটি বাংলাদেশ,ড. মোহাম্মদ হাননান,100.0,http://books.com.bd/26396
Bangli Muslmander Nam বাঙালি মুসলমানের নাম,ড. মোহাম্মদ হাননান,150.0,http://books.com.bd/24842
Bangladesher Shikkha Babostha O Porikkha Poddhotir Itihash বাংলাদেশের শিক্ষা ব্যবস্থা ও পরীক্ষা পদ্ধতির ইতিহাস,ড. মোহাম্মদ হাননান,300.0,http://books.com.bd/580
Beersreshtho Shohid Sipahi Mohammad Mostafa Ebong Muktijuddhe Comilla Senanibash বীরশ্রেষ্ঠ শহীদ সিপাহি মোহাম্মদ মোস্তফা এবং মুক্তিযুদ্ধে কুমিল্লা সেনানিবাস,"কর্নেল মোঃ ফরিদ উদ্দিন,পিএসসি,জি",250.0,http://books.com.bd/11861
Chaader Buro Chader Buri চাঁদের বুড়ো চাঁদের বুড়ি,মুহম্মদ নূরুল হুদা,30.0,http://books.com.bd/12151
Rastrobasha Andolon Itihash O Anusanggo [3 Part] রাষ্ট্রভাষা আন্দোলন ইতিহাস ও অনুষঙ্গ (৩য় খণ্ড),এম আর মাহবুব,500.0,http://books.com.bd/26504
Rastrobasha Andolon Itihash O Anusanggo-2 Part রাষ্ট্রভাষা আন্দোলন ইতিহাস ও অনুষঙ্গ (২য় খণ্ড),আহমদ রফিক,550.0,http://books.com.bd/26503
Rastrobasha Andolon Itihash O Anusanggo -1 Part রাষ্ট্রভাষা আন্দোলন ইতিহাস ও অনুষঙ্গ (১ম খণ্ড),আহমদ রফিক,600.0,http://books.com.bd/26502
Alo Adhare Koyektee Sonali Mach আলো আধাঁরে কয়েকটি সোনালি মাছ,ইকবাল হাসান,150.0,http://books.com.bd/24354
Kishor Bishwkosh Gyankosh কিশোর বিশ্বকোষ জ্ঞানকোষ,ভবেশ রায়,300.0,http://books.com.bd/17230
Bangladesh [Agme] বাঙলাদেশ,মনসুর মূসা,500.0,http://books.com.bd/28422
Shohaj Bashai Bangladesher Sangbidhan সহজ ভাষায় বাংলাদেশের সংবিধান,আরিফ খান,175.0,http://books.com.bd/27141
Nirbachito Golpo [PM] নির্বাচিত গল্প,প্রেমেন্দ্র মিত্র,250.0,http://books.com.bd/19551
Nirbachito Golpo [Afsar Brths] নির্বাচিত গল্প,প্রেমেন্দ্র মিত্র,150.0,http://books.com.bd/27682
The Comedy Of Errors [Oboshor] দ্য কমেডি অব্ এররস্,উইলিয়াম শেক্সপিয়ার,80.0,http://books.com.bd/9577
The Comedy of Errors [Bangla Prk] দ্য কমেডি অব এররস,উইলিয়াম শেক্সপিয়ার,60.0,http://books.com.bd/25149
Spartacus [Afsar Brths] স্পার্টাকাস (হাওয়ার্ড ফাস্ট),জুলফিকার নিউটন,350.0,http://books.com.bd/27711
Probondho Shongroho [Afsar Brths] প্রবন্ধ সংগ্রহ,প্রমথ চৌধুরী,400.0,http://books.com.bd/17422
Janar Moddhe Koto Moja [Katha Prk] জানার মধ্যে কতো মজা,মোরশেদ শফিউল হাসান,80.0,http://books.com.bd/27323
"Jamin-1 জমিন : সাহিত্যের ছোট কাগজ - বর্ষ ১, সংখ্যা ১",শফিক সাইফুল,100.0,http://books.com.bd/25986
"Jamin-2 জমিন : সাহিত্যের ছোটকাগজ - বর্ষ ১, সংখ্যা ২",শফিক সাইফুল,100.0,http://books.com.bd/25987
"Jamin-3 জমিন : সাহিত্যের ছোটকাগজ - বর্ষ ১, সংখ্যা ৩",শফিক সাইফুল,50.0,http://books.com.bd/25988
Galivars Travels [Protik] গ্যালিভার্স ট্র্যাভেলস,শেখ আবদুল হাকিম,135.0,http://books.com.bd/27430
Galivars Travels [Nalonda] গালিভারস ট্রাভেলস,জোনাথন সুইফট্,135.0,http://books.com.bd/25608
Shopnoshokha [Kakoli Prk] স্বপ্নসখা,ফারজানা উর্মি,160.0,http://books.com.bd/24612
Kagoj [Afsar Brths] কাগজ : ক্রাইম থ্রিলার,আবরার আবীর,160.0,http://books.com.bd/27620
Chottogramer Itihash [Agme] চট্টগ্রামের ইতিহাস,আহমদ শরীফ,100.0,http://books.com.bd/28672
Chayabithi ছায়াবীথি,হুমায়ূন আহমেদ,200.0,http://books.com.bd/25405
Bishal Bangla [Subarna] বিশাল বাঙ্গলা,রাধাকমল মুখোপাধ্যায়,100.0,http://books.com.bd/27542
Chora Geche Chorapure ছড়া গেছে ছড়াপুরে,আমীরুল ইসলাম,80.0,http://books.com.bd/24990
Togor And Jerry টগর আ্যন্ড জেরি,হুমায়ূন আহমেদ,150.0,http://books.com.bd/24432
Tarzan এডগার রাইস বারোজ : টারজান -৪,রকিব হাসান,300.0,http://books.com.bd/656
Sons Of The Sea [Oboshor] সন্স অব দ্য সি,হরিশঙ্কর জলদাস,350.0,http://books.com.bd/17209
Pranider Golpo প্রাণিদের গল্প,কে. এন. শাহজাহান করিম,150.0,http://books.com.bd/16607
Lal Groher Lal Prani [Nalonda] লাল গ্রহের লাল প্রাণী,মোশতাক আহমেদ,200.0,http://books.com.bd/25573
Kalo Megher Vela [Aaro Prk] কালো মেঘের ভেলা,নির্মলেন্দু গুণ,60.0,http://books.com.bd/26034
Kalo Megher Vela [Kakoli Prk] কালো মেঘের ভেলা,নির্মলেন্দু গুণ,120.0,http://books.com.bd/24539
As you Like It [Bangla Prk] এস ইউ লাইক ইট,উইলিয়াম শেক্সপিয়ার,60.0,http://books.com.bd/25254
Somokamita [Agme] সমকামিতা,রোকেয়া লিটা,200.0,http://books.com.bd/28322
Password [Anindhoy Prk] পাসওয়ার্ড,কাজী রাফি,180.0,http://books.com.bd/26807
Alapon [Katha Prk] আলাপন,নাসির আলী মামুন,250.0,http://books.com.bd/26935
Muktijuddhe Khulna [Subarna] মুক্তিযুদ্ধে খুলনা,মোল্লা আমীর হোসেন,400.0,http://books.com.bd/27579
Bigganer Mojar Project [Anupam Prk] বিজ্ঞানের মজার প্রজেক্ট,ড. আলী আসগর,80.0,http://books.com.bd/17238
Bigganer Mojar Project [Anindhoy Prk] বিজ্ঞানের মজার প্রজেক্ট,ড. আলী আসগর,250.0,http://books.com.bd/26649
Bangladesher Nodi [Katha Prk] বাংলাদেশের নদী,মোকারম হোসেন,200.0,http://books.com.bd/27240
Tara Jhora [Subarna] তারা ঝরা,মোরশেদ শফিউল হাসান,80.0,http://books.com.bd/27610
Treasure Island [Protik] ট্রেজার আইল্যান্ড,রবার্ট লুইস স্টিভেনেসন,80.0,http://books.com.bd/2475
Treasure Island [Nalonda] ট্রেজার আইল্যান্ড,রবার্ট লুইস স্টিভেনশন,190.0,http://books.com.bd/25624
Bisorjon [Jonaki Prk] বিসর্জন,রবীন্দ্রনাথ ঠাকুর,200.0,http://books.com.bd/25752
Bisorjon [Agme] বিসর্জন,রবীন্দ্রনাথ ঠাকুর,150.0,http://books.com.bd/126
Bangabandhu Sheikh Mujibur Rahman [Anindhoy Prk] বঙ্গবন্ধু শেখ মুজিবুর রহমান,ড. মমতাজউদ্দীন পাটোয়ারী,750.0,http://books.com.bd/26641
Bangabandhu Sheikh Mujibur Rahman [Katha Prk] বঙ্গবন্ধু শেখ মুজিবুর রহমান,মনি হায়দার,100.0,http://books.com.bd/26980
Nazrul Islamer Sahitto Jibon [Annesha] নজরুল ইসলামের সাহিত্য জীবন,সিরাজুল ইসলাম চৌধুরী,160.0,http://books.com.bd/25076
Chonnochara [Nalonda] ছন্নছাড়া,লিপি শেঠ,120.0,http://books.com.bd/25614
Amar Rabindranath [Anindhoy Prk] আমার রবীন্দ্রনাথ,আজহারুল হক ফরাজী,150.0,http://books.com.bd/26461
Sufia Kamal [Katha Prk] সুফিয়া কামাল,কাজী মহম্মদ আশরাফ,80.0,http://books.com.bd/27021
Nondito Noroke [Anyaprk] নন্দিত নরকে,হুমায়ূন আহমেদ,180.0,http://books.com.bd/297
Nondito Noroke [Dibboprk] নন্দিত নরকে,হুমায়ূন আহমেদ,100.0,http://books.com.bd/26891
Katha Sahitte Shammo কথা সাহিত্যে সাম্য,হরিপদ দত্ত,250.0,http://books.com.bd/25349
O Amar Desher Mati [Anindhoy Prk] ও আমার দেশের মাটি,ড. আলী আসগর,200.0,http://books.com.bd/26851
Ei Amader Bangladesh [Anupam Prk] এই আমাদের বাংলাদেশ,সুব্রত বড়ুয়া,50.0,http://books.com.bd/838
Operation Jackpot [Banglaprks] অপারেশন জ্যাকপট,সেজান মাহমুদ,250.0,http://books.com.bd/25308
Shuktara [Anindhoy Prk] শুকতারা,তুলি চৌধুরী,120.0,http://books.com.bd/26553
Fulmoni O Korunar Biboron [Katha Prk] ফুলমণি ও করুণার বিবরণ,হান্না ক্যাথেরিন ম্যলেন্স,120.0,http://books.com.bd/27331
Nayok [Anyaprk] নায়ক,ইমদাদুল হক মিলন,250.0,http://books.com.bd/211
Nayok [Oitijjhya] নায়ক,দেবব্রত মুখোপাধ্যায়,450.0,http://books.com.bd/28012
Train To Pakistan [Nalonda] ট্রেন টু পাকিস্তান,খুশবন্ত সিং,300.0,http://books.com.bd/25457
Amader Golpo [Nalonda] আমাদের গল্প,দুর্জয় অভি,300.0,http://books.com.bd/25597
Ohona [Biddya Prk] অহনা,ডা. মোহিত কামাল,300.0,http://books.com.bd/16446
Ohona [Katha Prk] অহনা,মুহম্মদ মনিরুল হুদা,120.0,http://books.com.bd/27317
Onur Bondu Nil অনুর বন্ধু নীল,হাসান মোস্তাফিজুর রহমান,80.0,http://books.com.bd/24703
Lal Shoibal [Anindhoy Prokash] লাল শৈবাল,মোশতাক আহমেদ,200.0,http://books.com.bd/26506
Lal Shoibal [Nalonda] লাল শৈবাল,মোশতাক আহমেদ,175.0,http://books.com.bd/25575
Banglar Noyanmoni Shekh Hasina বাংলার নয়নমণি শেখ হাসিনা,বজলার রহমান রাজা,100.0,http://books.com.bd/24766
Gopal Varer Hasir Golpo [Aro Prk] গোপাল ভাঁড়ের হাসির গল্প,আলমগীর মল্লিক,150.0,http://books.com.bd/26039
Gangchil [Somoy Prk] গাঙচিল,ওবায়দুল কাদের,120.0,http://books.com.bd/7089
Gangchil [Anindhoy Prk] গাঙচিল,মাহমুদুল হাসান,150.0,http://books.com.bd/26568
Golpoguccho [Pearl Publ] গল্পগুচ্ছ,রবীন্দ্রনাথ ঠাকুর,400.0,http://books.com.bd/25431
Galpogusso গল্পগুচ্ছ,রবীন্দ্রনাথ ঠাকুর,500.0,http://books.com.bd/26618
Kalo Meye [Afsar Brths] কালো মেয়ে,কাসেম বিন আবুবাকার,150.0,http://books.com.bd/27621
Kalo Maye [Somoy Prk] কালো মেয়ে,জামাল রেজা,100.0,http://books.com.bd/24691
Aam Atir Bhepu [Oboshor] আম আঁটির ভেঁপু,বিভূতিভূষণ বন্দ্যোপাধ্যায়,120.0,http://books.com.bd/9169
Atta [Anindhoy Prk] আত্মা,মোশতাক আহমেদ,175.0,http://books.com.bd/26688
Shesh Prohor [Kakoli Prk] শেষ প্রহর,শাহরিয়া আফরোজ পপি,175.0,http://books.com.bd/24785
Bichched [Somoy Prk] বিচ্ছেদ,সুখরঞ্জন দাশগুপ্ত,600.0,http://books.com.bd/24498
Bicched [Biddya Prk] বিচ্ছেদ,জুলফিয়া ইসলাম,200.0,http://books.com.bd/26348
Dukkho Bilash [Afsar Brtrs] দুঃখ বিলাস,পরিতোষ বাড়ৈ,100.0,http://books.com.bd/27628
Talpatar Bashi [Shishu Prk] তালপাতার বাঁশি,সুজা সরকার,120.0,http://books.com.bd/26152
Rabindranath [Katha Prk] রবীন্দ্রনাথ,শঙ্খ ঘোষ,300.0,http://books.com.bd/27106
Rabindranath [Bornayon] রবীন্দ্রনাথ,আহমদ কবির,150.0,http://books.com.bd/25381
Rabindranath [Tamralipi] রবীন্দ্রনাথ,সেলিনা হোসেন,500.0,http://books.com.bd/3649
Poriti Unish Din Chilo [Adigonto Prk] পরিটি উনিশ দিন ছিল,ইমদাদুল হক মিলন,200.0,http://books.com.bd/26232
Robinson Crusoe [Nalonda] রবিনসন ক্রুসো,জাকির শামীম,200.0,http://books.com.bd/25642
Robinson Cruso [Kakoli Prk] রবিনসন ক্রুসো,ড্যানিয়েল ডিফো,60.0,http://books.com.bd/24618
Robinson Crusoe [Biddya Prk] রবিনসন ক্রুসো,কে. এন. শাহজাহান করিম,150.0,http://books.com.bd/12155
Barbonita [Tamralipi] বারবনিতা,রতন সিদ্দিকী,135.0,http://books.com.bd/27375
Pap [Somoy Prk] পাপ,আসিফ নজরুল,40.0,http://books.com.bd/7456
Pap [Oitijjhya] পাপ,সাব্বির জাদিদ,250.0,http://books.com.bd/10098
Chollisher Doshoker Dhaka [Katha Prk] চল্লিশের দশকের ঢাকা,সরদার ফজলুল করিম,200.0,http://books.com.bd/27031
Ei To Jibon [Anindhoy Prk] এই তো জীবন,ড. মির্জা গোলাম সারোয়ার পিপিএম,300.0,http://books.com.bd/26707
Ei TO Jibon [Oitijjhya] এই তো জীবন,মোঃ হেদায়েতুল ইসলাম,200.0,http://books.com.bd/27979
Shonamonider Chora Gan Shikkha সোনামণিদের ছড়া গান শিক্ষা,শঙ্কর রায়,150.0,http://books.com.bd/24681
My Story [Nalonda] মাই স্টোরি,কমলা দাস,325.0,http://books.com.bd/25495
Premer Chora [Adigonto Prk] প্রেমের ছড়া,এইচ এস সরোয়ারদী,150.0,http://books.com.bd/26236
Narir Mullo [Katha Prk] নারীর মূল্য,শরৎচন্দ্র চট্টোপাধ্যায়,60.0,http://books.com.bd/27104
Elimon [Anindhoy Prk] এলিমোন,আসিফ মেহেদী,150.0,http://books.com.bd/26466
Sonar Tori [Nalonda] সোনার তরী,রবীন্দ্রনাথ ঠাকুর,250.0,http://books.com.bd/25676
Sonar Tori [Kakoli Prk] সোনার তরী,রবীন্দ্রনাথ ঠাকুর,100.0,http://books.com.bd/11852
Lekhok Hobo Kemon Kore [Katha Prk] লেখক হব কেমন করে,সুজন বড়ুয়া,200.0,http://books.com.bd/27063
Porir Meye [Anindhoy Prk] পরীর মেয়ে,রুদ্রাক্ষ রহমান,80.0,http://books.com.bd/26402
Jibonanondo [Anannya] জীবনানন্দ,আবদুল মান্নান সৈয়দ,500.0,http://books.com.bd/24873
Ghuri [Shisu Prk] ঘুড়ি,মালেক মাহমুদ,80.0,http://books.com.bd/26139
Ghuri [Biddya Prk] ঘুড়ি,কবীর চৌধুরী,450.0,http://books.com.bd/16846
Kohen Kobi Kalidash [Annesha] কহেন কবি কালিদাস,হুমায়ূন আহমেদ,160.0,http://books.com.bd/25071
Amar Chelebela [MG] আমার ছেলেবেলা,ম্যাক্সিম গোর্কি,250.0,http://books.com.bd/25598
Amarchelebela [NG] আমার ছেলেবেলা,নির্মলেন্দু গুণ,150.0,http://books.com.bd/12169
Amar Chelebela [HA] আমার ছেলেবেলা,হুমায়ূন আহমেদ,135.0,http://books.com.bd/12162
Half A Life [Jonaki Prk] হাফ এ লাইফ,সাঈদ আনাম,200.0,http://books.com.bd/25799
Sher-E-Bangla AK Fazlul Haque [Nalonda] শেরে বাংলা এ কে ফজলুল হক,বি. ডি. হাবীবুল্লাহ,300.0,http://books.com.bd/25508
Sher-E-Bangla AK Fazlul Haque [Katha Prk] শেরে বাংলা এ কে ফজলুল হক,সিরাজ উদদীন আহমেদ,100.0,http://books.com.bd/27018
Moha Prithibi [Protik] মহা পৃথিবী,জীবনানন্দ দাশ,180.0,http://books.com.bd/10946
Amra Korbo Joy [Anindhoy Prk] আমরা করব জয়,মুহাম্মদ মোফাজ্জল,80.0,http://books.com.bd/26694
Jiboner Jonno Brikkho [Katha Prk] জীবনের জন্য বৃক্ষ,মোকারম হোসেন,150.0,http://books.com.bd/27229
Hariye Jete Nei Mana [Shishu Prk] হারিয়ে যেতে নেই মানা,উত্তম মিত্র,70.0,http://books.com.bd/26183
Bangabandhu Tumiy Bangladesh বঙ্গবন্ধু তুমিই বাংলাদেশ,সুজন বড়ুয়া,150.0,http://books.com.bd/26167
Tobu O Beche Achi [Kakoli Prk] তবু ও বেঁচে আছি,শিরীন মাজিদ,100.0,http://books.com.bd/24629
Charlie Chaplin [Nalonda] চার্লি চ্যাপলিন,কাজল ঘোষ,150.0,http://books.com.bd/25661
Charlie Chaplin [Katha Prk] চার্লি চ্যাপলিন,পলাশ আহসান,88.0,http://books.com.bd/26954
A Farewell To Arms [Oitijjhya] এ ফেয়ারওয়েল টু আর্মস,আর্নেস্ট হেমিংওয়ে,480.0,http://books.com.bd/28022
She O Nortoki [Annesha] সে ও নর্তকী,হুমায়ূন আহমেদ,200.0,http://books.com.bd/25091
Pretatta [Nalonda] প্রেতাত্মা,মোশতাক আহমেদ,200.0,http://books.com.bd/25559
Pretatta [Anindhoy Prk] প্রেতাত্মা,প্রদীপ গোস্বামী,150.0,http://books.com.bd/26754
Nirbachito Natok [Nalonda] নির্বাচিত নাটক,আব্দুল্লাহ আল মামুন,600.0,http://books.com.bd/25486
Chader Pahar [Oboshor] চাঁদের পাহাড়,বিভূতিভূষণ বন্দ্যোপাধ্যায়,150.0,http://books.com.bd/27456
Kamine Roy [Katha Prk] কামিনী রায়,মিজান রহমান,100.0,http://books.com.bd/26951
Boka Rajar Sonar Singhason [Anyaprk] বোকা রাজার সোনার সিংহাসন,হুমায়ূন আহমেদ,150.0,http://books.com.bd/24441
Bangladesher Mela [Anindhoy Pr] বাংলাদেশের মেলা,মোকারম হোসেন,500.0,http://books.com.bd/26422
Pakhi [Boipotro Pr] পাখি,পি. আর. প্ল্যাসিড,250.0,http://books.com.bd/26103
Nirbachit Probondo [Annesha] নির্বাচিত প্রবন্ধ,ড. নেয়ামত উল্যা ভূঁইয়া,300.0,http://books.com.bd/25077
Dipu Numbar Two [English] দীপু নাম্বার টু,মুহম্মদ জাফর ইকবাল,150.0,http://books.com.bd/7079
The God Of Small Things [Jonaki Prokash] দি গড অব স্মল থিংস,অরুন্ধতী রায়,350.0,http://books.com.bd/25727
The God Of Small Things [Book Club] দ্য গড অব স্মল থিংস,আবির হাসান,399.0,http://books.com.bd/15305
Joldi Palaow ! জলদি পালাও!,রকিব হাসান,120.0,http://books.com.bd/24570
A to Z Shachin Tendulkar এ টু জেড শচীন টেন্ডুলকার,শামসুজ্জামান শামস,200.0,http://books.com.bd/25694
Amar Ekta Dukkho Ache [Kakoli Proksh] আমার একটা দুঃখ আছে,আনিসুল হক,150.0,http://books.com.bd/24593
Amar Ekta Dukkho Ache আমার একটা দুঃখ আছে,আনিসুল হক,150.0,http://books.com.bd/11858
Rubaiyat [Oitijjhya] রুবাইয়াত,বুলবুল সারওয়ার,240.0,http://books.com.bd/27994
Agun [Jonaki Prokash] আগুন,সৈয়দ মোফাজ্জেল হোসেন,90.0,http://books.com.bd/25682
Shamprotik Foklore Vabna [Anindhoy Prokash] সাম্প্রতিক ফোকলোর ভাবনা,শামসুজ্জামান খান,300.0,http://books.com.bd/26555
Mogol Heremer Duniya Kapano Prem [Annesha] মোঘল হেরেমের দুনিয়া কাঁপানো প্রেম,গোলাম মাওলা রনি,400.0,http://books.com.bd/19419
Mogol Heremer Duniya Kapano Prem [Anannya] মোঘল হেরেমের দুনিয়া কাঁপানো প্রেম,গোলাম মাওলা রনি,400.0,http://books.com.bd/24896
Pani [Oitijjhya] পানি,বিপ্রদাশ বড়ুয়া,100.0,http://books.com.bd/28027
Gitbitan [Anindhoy Prks] গীতবিতান,রবীন্দ্রনাথ ঠাকুর,500.0,http://books.com.bd/26619
Geetbitan [Kakoli prks] গীতবিতান,রবীন্দ্রনাথ ঠাকুর,220.0,http://books.com.bd/24664
One Eleven [Somoy Proksh] ওয়ান ইলেভেন,মুহম্মদ ফজলুর রহমান,350.0,http://books.com.bd/24429
Ami [Anyaprokash] আমি,হুমায়ূন আহমেদ,500.0,http://books.com.bd/769
roboteezom [Nalonda] রোবটিজম,মোশতাক আহমেদ,150.0,http://books.com.bd/25570
Roboteezom [Anindhoy proka] রোবটিজম,মোশতাক আহমেদ,200.0,http://books.com.bd/26505
Jadur Kathi [Shishu prksh] জাদুর কাঠি,আখতার হুসেন,80.0,http://books.com.bd/26147
Jadur Kathi [Anannya] জাদুর কাঠি,ফরিদুর রেজা সাগর,100.0,http://books.com.bd/9823
Hamlet [Biddyprsh] হ্যামলেট,উইলিয়াম শেক্সপিয়ার,100.0,http://books.com.bd/26358
Hamlet [MUA] হ্যামলেট,মোহীত উল আলম,100.0,http://books.com.bd/16980
Shonirbachito Uponnash [HA] স্বনির্বাচিত উপন্যাস,হুমায়ূন আহমেদ,800.0,http://books.com.bd/24611
Shrestho Kobita [CS] শ্রেষ্ঠ কবিতা,চঞ্চল শাহরিয়ার,200.0,http://books.com.bd/25089
Bidduter Kahini [Adigonto] বিদ্যুতের কাহিনী,সুব্রত বড়ুয়া,60.0,http://books.com.bd/26240
Nirbachito Kishor Golpo [BB] নির্বাচিত কিশোর গল্প,বিভূতিভূষণ বন্দ্যোপাধ্যায়,400.0,http://books.com.bd/26047
Nirbachito Kishor Golpo [RG] নির্বাচিত কিশোর গল্প,রবীন্দ্র গোপ,300.0,http://books.com.bd/25734
Kacher Manush Durer Manush [Agame] কাছের মানুষ দূরের মানুষ,আহসান ওয়াহিদ,150.0,http://books.com.bd/28568
Abrittikola [Oboshor] আবৃত্তিকলা,ডঃ মোঃ মোস্তাফিজুর রহমান,475.0,http://books.com.bd/9603
Abrittikola [Biddyaprsh] আবৃত্তিকলা,খসরু চৌধুরী,250.0,http://books.com.bd/16567
Bangla Chander Mancitro বাংলা ছন্দের মানচিত্র,মুজিবুল হক কবীর,750.0,http://books.com.bd/26644
Akoda Abang Ononto একদা এবং অনন্ত,দিলারা হাশেম,100.0,http://books.com.bd/28752
Kamonay Kalo Kit কামনায় কালো কীট,দীপিকা ঘোষ,250.0,http://books.com.bd/28757
Kafela কাফেলা,সৈয়দা মোতাহেরা বানু,150.0,http://books.com.bd/28756
Kadha Matir Joshna কাদা মাটির জ্যোৎস্না,হাসনাত আবদুল হাই,400.0,http://books.com.bd/28755
Kobi O Khuni কবি ও খুনি,মনজুরে মওলা,100.0,http://books.com.bd/28754
Ebar Ghore Ferar Pala এবার ঘরে ফেরার পালা,সুলতানা ফেরদৌসী,80.0,http://books.com.bd/28753
Akoda Ak Gipshi Poribar একদা এক জিপসি পরিবার,ইকতিয়ার চৌধুরী,200.0,http://books.com.bd/28751
Edur Dour ইঁদুর দৌড়,হাসনাত আবদুল হাই,150.0,http://books.com.bd/28750
Ami Ekhon Kothao Nei আমি এখন কোথাও নেই,আকিদুল ইসলাম,270.0,http://books.com.bd/28749
Annondo Ai Mela আনন্দ এই মেলা,খালেদা এদিব চৌধুরী,60.0,http://books.com.bd/28748
Osoti Hoyese Moina অসতী হয়েছে ময়না,দীপিকা ঘোষ,300.0,http://books.com.bd/28747
Oprotiroddho Rabindronath Abong Onnanno Prosonge অপ্রতিরোধ্য রবীন্দ্রনাথ এবং অন্যান্য প্রসঙ্গ,বোরহানউদ্দীন খান জাহাঙ্গীর,60.0,http://books.com.bd/28746
Operation Jayabangla অপারেশন জয়বাংলা,মঞ্জু সরকার,70.0,http://books.com.bd/28745
Oniruddher Colume অনিরুদ্ধের কলাম,সন্তোষ গুপ্ত,1000.0,http://books.com.bd/28744
Atripto Isshor অতৃপ্ত ঈশ্বর,মাহবুব সাদিক,50.0,http://books.com.bd/28743
Ora Kotai Keno ওরা টোকাই কেন,শেখ হাসিনা,125.0,http://books.com.bd/24274
E Shotoke Amader jibondhararRuprekha এ শতকে আমাদের জীবনধারার রূপরেখা,আহমদ শরীফ,240.0,http://books.com.bd/24245
Eakale Nazrul একালে নজরুল,আহমদ শরীফ,350.0,http://books.com.bd/24244
Sheikh Mujib Akti Lal Golap শেখ মুজিব একটি লাল গোলাপ,মোনায়েম সরকার,1000.0,http://books.com.bd/28742
Edaning Bangabandhur Bangladeshe ইদানীং বঙ্গবন্ধুর বাংলাদেশে,আশফাক- উল- আলম,400.0,http://books.com.bd/28741
Bongobandhu Itehasher Shesh Dekha বঙ্গবন্ধু: ইতিহাসের শেষ দেখা,ডা. ওয়ালিউর রহমান,250.0,http://books.com.bd/28740
Etihaser Roktopalash Poneroi August Pochattor ইতিহাসের রক্তপলাশ পনেরোই আগস্ট পঁচাত্তর,আব্দুল গাফফার চৌধুরী,400.0,http://books.com.bd/28739
Akhtaruzzaman Iliaser diary আখতারুজ্জামান ইলিয়াসের ডায়েরি,শাহাদুজ্জামান,200.0,http://books.com.bd/28738
Ahmed Shofa Songiboni আহমদ ছফা সঞ্জীবনী,সলিমুল্লাহ খান,600.0,http://books.com.bd/28737
Allahor Badshahi জরাথি জুল্লের নির্বাচিত কবিতা আল্লাহর বাদশাহি,সলিমুল্লাহ খান,280.0,http://books.com.bd/28736
Amra Jonogoner Kotha Bolte Eshechi আমরা জনগণের কথা বলতে এসেছি,শেখ হাসিনা,425.0,http://books.com.bd/24340
Abdul Karim Sahittobisharod আবদুল করিম সাহিত্যবিশারদ,আহমদ শরীফ,150.0,http://books.com.bd/28735
Adomboma আদমবোমা,সলিমুল্লাহ খান,500.0,http://books.com.bd/28734
Bongobondhu Hattar Bicarer Itehash বঙ্গবন্ধু হত্যার বিচারের ইতিহাস (হত্যামামলার রায়ের পূর্ণদলিলসহ),ড. মোহাম্মদ হাননান,400.0,http://books.com.bd/28733
Khhamatar Bikar ক্ষমতার বিকার,ফরহাদ মজহার,600.0,http://books.com.bd/28732
Rochonaboli-2 [HAH] রচনাবলি-২,হাসনাত আবদুল হাই,1500.0,http://books.com.bd/28731
Rochonaboli-1 [HAH] রচনাবলি-১,হাসনাত আবদুল হাই,1500.0,http://books.com.bd/28730
Sampradayekatar O Samayer Nana Katha সাম্প্রদায়িকতার ও সময়ের নানা কথা,আহমদ শরীফ,270.0,http://books.com.bd/24284
Shadhinater Sthopoti স্বাধীনতার স্থপতি,মাহমুদুল বাসার,200.0,http://books.com.bd/28729
Swadhinota Babsay স্বাধীনতা ব্যবসায়,সলিমুল্লাহ খান,700.0,http://books.com.bd/28728
Ahmed SofarSwadesh আহমদ ছফার স্বদেশ,সলিমুল্লাহ খান,1200.0,http://books.com.bd/24337
Shodesh Onnesha স্বদেশ অন্বেষা,আহমদ শরীফ,150.0,http://books.com.bd/28727
Sayed Sultan Tar Gronthaboli O Tar Jug সৈয়দ সুলতান তাঁর গ্রন্থাবলী ও তাঁর যুগ,আহমদ শরীফ,300.0,http://books.com.bd/28726
Surjodoy Theke Surjasto Otopor Crisnandhokar সূর্যোদয় থেকে সূর্যাস্ত: অতপর কৃষ্ণান্ধকার,নীলিমা ইব্রাহিম,50.0,http://books.com.bd/28725
"Soid Waliullah Sycifus O Uponnase Oitijjha Jiggasa সৈয়দ ওয়ালীউল্লাহ, সিসিফাস ও উপন্যাসে ঐতিহ্য জিজ্ঞাসা",তানভীর মোকাম্মেল,100.0,http://books.com.bd/28724
Sahitto O Sangskriti Chinta সাহিত্য ও সংস্কৃতি চিন্তা,আহমদ শরীফ,250.0,http://books.com.bd/28723
Samrajjobad সাম্রাজ্যবাদ,ফরহাদ মজহার,320.0,http://books.com.bd/28722
Sada Kalo সাদা কালো,শেখ হাসিনা,125.0,http://books.com.bd/24283
Sohe Na Manobtar Abomanona সহে না মানবতার অবমাননা,শেখ হাসিনা,325.0,http://books.com.bd/28721
Sharbboseshtho Bangali সর্বশ্রেষ্ঠ বাঙালি,আয়াত আলী পাটওয়ারী,175.0,http://books.com.bd/28720
Somoy Somaj Manush সময় সমাজ মানুষ,আহমদ শরীফ,300.0,http://books.com.bd/24297
Sotto Saddam Hussein And Sajjardaula সত্য সাদ্দাম হোসেন ও স্রাজেরদৌলা,সলিমুল্লাহ খান,250.0,http://books.com.bd/28719
Sangbidhan O Gonotantro সংবিধান ও গণতন্ত্র,ফরহাদ মজহার,750.0,http://books.com.bd/28718
Shreshtho Kobita [FM] শ্রেষ্ঠ কবিতা,ফরহাদ মজহার,280.0,http://books.com.bd/28717
Shekh Mujiber Chora শেখ মুজিবের ছড়া,লুৎফর রহমান রিটন,30.0,http://books.com.bd/28716
Shekh Hasina Prodhanmontritter Char Bosor শেখ হাসিনা প্রধানমন্ত্রীত্বের চার বছর,আবদুল আউয়াল মিয়া,300.0,http://books.com.bd/28715
Sheikh Mujib Amar Pita শেখ মুজিব আমার পিতা,শেখ হাসিনা,250.0,http://books.com.bd/28714
Juddho Aro Kathin Aro Ghovir যুদ্ধ আরো কঠিন আরো গভীর,ফরহাদ মজহার,400.0,http://books.com.bd/28712
Jugh Jontrona যুগ- যন্ত্রণা,আহমদ শরীফ,140.0,http://books.com.bd/28711
Mriter Attnmohotta মৃতের আত্মহত্যা,আবুল ফজল,150.0,http://books.com.bd/28710
Muslim Shasonkal Dhormo Niropekkhota O Bangabandhu (1206-1975) মুসলিম শাসনকাল ধর্ম নিরপেক্ষতা ও বঙ্গবন্ধু (১২০৬-১৯৭৫),আবু আল সাঈদ,150.0,http://books.com.bd/28709
Mujib O Somokalin Razniti মুজিব ও সমকালীন রাজনীতি,জাওয়াদুল করিম,350.0,http://books.com.bd/28708
Banglar Biplobi Potobhumi বাঙলার বিপ্লবী পটভূমি,আহমদ শরীফ,180.0,http://books.com.bd/24236
Manobota O Gonomukti মানবতা ও গণমুক্তি,আহমদ শরীফ,300.0,http://books.com.bd/24265
Vasha Muktijuddho Bangabandhu ভাষা মুক্তিযুদ্ধ বঙ্গবন্ধু,মোহীত উল আলম,300.0,http://books.com.bd/28707
Vasha Andoloner Itihash [Agme] ভাষা আন্দোলনের ইতিহাস,বশীর আলহেলাল,1000.0,http://books.com.bd/28706
Vasha Andolon O Shekh Mujib ভাষা আন্দোলন ও শেখ মুজিব,মযহারুল ইসলাম,100.0,http://books.com.bd/28705
Byakti Bondhutto O Sahitto ব্যক্তি বন্ধুত্ব ও সাহিত্য,ফরহাদ মজহার,450.0,http://books.com.bd/24303
Behat Biplopb 1971 [Agme] বেহাত বিপ্লব ১৯৭১,সলিমুল্লাহ খান,500.0,http://books.com.bd/28704
"Biponno Gonotantro,Lanchito Manobota বিপন্ন গণতন্ত্র, লাঞ্চিত মানবতা",শেখ হাসিনা,150.0,http://books.com.bd/28703
Banglaleer Chinta Chetonar BiborttonDhara বাঙালীর চিন্তা চেতনার বিবর্তনধারা,আহমদ শরীফ,275.0,http://books.com.bd/28702
Bangabandhu Sheikh Mujib : Kach Theke Dekha বঙ্গবন্ধু শেখ মুজিব: কাছে থেকে দেখা,মোস্তফা সারওয়ার,100.0,http://books.com.bd/28701
Bangladeshe Shoirotontrer Jonmo বাংলাদেশে স্বৈরতন্ত্রের জন্ম,শেখ হাসিনা,150.0,http://books.com.bd/24344
Bangladesher Shamprotik Cholochitro বাংলাদেশের সাম্প্রতিক চালচিত্র,আহমদ শরীফ,180.0,http://books.com.bd/24235
Bangladesher Samaj Biplobe Banghobandhur Darshon বাংলাদেশের সমাজ বিপ্লবে বঙ্গবন্ধুর দর্শন,মোনায়েম সরকার,500.0,http://books.com.bd/28700
Bangladesher Sangkkhipto Itihash বাংলাদেশের সংক্ষিপ্ত ইতিহাস,মোনায়েম সরকার,200.0,http://books.com.bd/28699
Bangladesher Naree [BM] বাংলাদেশের নারী,বেবী মওদুদ,120.0,http://books.com.bd/28698
Bangladesh Bangabandhu Jatiyo Sangsode Sheikh Mujibur Rahman বাংলাদেশ জাতীয় সংসদে বঙ্গবন্ধু শেখ মুজিবুর রহমান,বেবী মওদুদ,150.0,http://books.com.bd/28697
Bangabandhu O Islamee Mullobodh বঙ্গবন্ধু ও ইসলামী মূল্যবোধ,মওলানা আবদুল আঊয়াল,250.0,http://books.com.bd/28696
Bongobondhu Bangali Shongskriti Oitijjo O Somokalin Bhabna বঙ্গবন্ধু বাঙালি সাংস্কৃতিক ঐতিহ্য ও সমকালীন ভাবনা,সালাহ্উদ্দীন আহমদ,250.0,http://books.com.bd/24241
Bangabandhu Smarok Baktita বঙ্গবন্ধু স্মারক বক্তৃতা,মোনায়েম সরকার,300.0,http://books.com.bd/28695
Bangabandhur Swapno Sadhinota O Ajker Bangladesh বঙ্গবন্ধুর স্বপ্ন স্বাধীনতা ও আজকের বাংলাদেশ,গোলাম আকবর চৌধুরী,150.0,http://books.com.bd/28694
Bangabandhu Pororasrtoniti : Bangladesh Dakkhin Asia O Samprotik Bishw বঙ্গবন্ধু পররাষ্ট্রনীতি: বাংলাদেশ দক্ষিণ এশিয়া ও সাম্প্রতিক বিশ্ব,সৈয়দ আনোয়ার হোসেন,200.0,http://books.com.bd/28693
Bangabandhu Hotta Gatha-Dhakay Kiyamat বঙ্গবন্ধু হত্যা গাথা- ঢাকায় কিয়ামত,ইফতেখার আহমেদ,125.0,http://books.com.bd/28692
Progotir Badha O Pontha [Agme] প্রগতির বাধা ও পন্থা,আহমদ শরীফ,350.0,http://books.com.bd/24279
Pita O Duhita পিতা ও দুহিতা,সৈয়দ বদরুদ্দিন হোসাইন,80.0,http://books.com.bd/28691
Pabnay Robindronath Nozrul Bongobondu পাবনায় রবীন্দ্রনাথ নজরুল বঙ্গবন্ধু,এম আবদুল আলিম,160.0,http://books.com.bd/24329
Nischintopur Akkhan নিশ্চিন্তপুর আখ্যান,আয়াত আলী পাটওয়ারী,100.0,http://books.com.bd/28690
Nirbachit Probondo [FM] নির্বাচিত প্রবন্ধ,ফরহাদ মজহার,700.0,http://books.com.bd/28689
Nirbachito Probondho [SH] নির্বাচিত প্রবন্ধ,শেখ হাসিনা,350.0,http://books.com.bd/28688
Dhonno Bangabandhu Dhonno Sheikh Mujib ধন্য বঙ্গবন্ধু ধন্য শেখ মুজিব,খসরুজ্জামান চৌধুরী,150.0,http://books.com.bd/28687
Dui Banglar Kabitay Bangabandhu দুই বাংলার কবিতায় বঙ্গবন্ধু,আখতার হুসেন,300.0,http://books.com.bd/28686
"Dinbadol Ganotanrik Shason Samvabanar Bangladesh দিনবদল, গণতান্ত্রিক শাসন সম্ভাবনার বাংলাদেশ",ড. বদিউল আলম মজুমদার,600.0,http://books.com.bd/28685
Daridro Dureekoron : Kichu Chintavabna দারিদ্র্য দূরীকরণ: কিছু চিন্তাভাবনা,শেখ হাসিনা,125.0,http://books.com.bd/28684
Tumi Chara Kon Shalake Kare Kori? তুমি ছাড়া আর কোন্ শালারে আমি কেয়ার করি?,ফরহাদ মজহার,150.0,http://books.com.bd/24333
Timir Jonno Logikbiddha তিমির জন্য লজিকবিদ্যা,ফরহাদ মজহার,450.0,http://books.com.bd/28683
Tini Ekjoniy তিনি একজনই,রশীদ হায়দার,150.0,http://books.com.bd/28682
Jibone Samaz Sahitte জীবনে সমাজে সাহিত্যে,আহমদ শরীফ,300.0,http://books.com.bd/28681
Jibon Jigghasai Pitapurti জীবন জিজ্ঞাসায় পিতাপুত্রী,আবদুল লতিফ সিদ্দিকী,300.0,http://books.com.bd/28680
Jatisonggho Miliniom Samit Sheikh Hasina জাতিসংঘ মিলেনিয়াম সামিটে শেখ হাসিনা,মোনায়েম সরকার,100.0,http://books.com.bd/28679
Jatir Pita O Pataka Kahini জাতির পিতা ও পতাকা কাহিনী,আতিকুর রহমান,100.0,http://books.com.bd/28678
Jatir Jonok Bangabandhu Sheikh Mujibur Rahman জাতির জনক বঙ্গবন্ধু শেখ মুজিবুর রহমান,আশফাক- উল- আলম,125.0,http://books.com.bd/28677
Jagutik Chetonar Bichitro Prosun জাগতিক চেতনার বিচিত্র প্রসূন,আহমদ শরীফ,300.0,http://books.com.bd/24253
Joytu Shekh Hasina Joytu Bangladesh জয়তু শেখ হাসিনা জয়তু বাংলাদেশ,আনিস আহমেদ,100.0,http://books.com.bd/28676
Jhon Prossasoner Ghore Baire জন প্রশাসনের ঘরে বাইরে,আনু মাহমুদ,550.0,http://books.com.bd/28675
Chotoder Bhandhu ছোটদের বন্ধু,লুৎফর রহমান রিটন,100.0,http://books.com.bd/28674
Chironjib Mujib চিরঞ্জীব মুজিব,সৈয়দ খিজির হায়াত,80.0,http://books.com.bd/28673
Ganotantrer Manosh Konna Shekh Hasina গণতন্ত্রের মানসকন্যা শেখ হাসিনা,বেবী মওদুদ,40.0,http://books.com.bd/28671
"Gonotantrik Uttron Sthanieo Sason O Daridro Durikoron গণতান্ত্রিক উত্তরণ, স্থানীয় শাসন ও দারিদ্র্য দূরীকরণ",ড. বদিউল আলম মজুমদার,800.0,http://books.com.bd/28670
"Gonotantro Nirbachon O Sushason গণতন্ত্র, নির্বাচন ও সুশাসন",ড. বদিউল আলম মজুমদার,600.0,http://books.com.bd/28669
Kalik Vabna কালিক ভাবনা,আহমদ শরীফ,100.0,http://books.com.bd/28668
Kolkatay Bangladesh কলকাতায় বাংলাদেশ,অমর সাহা,250.0,http://books.com.bd/24261
Ebang Aro Ettadhi এবং আরো ইত্যাদি,আহমদ শরীফ,200.0,http://books.com.bd/28667
Ek Sagor Rokter Binimoye এক সাগর রক্তের বিনিময়ে,সিরাজুল ইসলাম মুনির,2000.0,http://books.com.bd/28666
Edaning Amora [Agme] ইদানিং আমরা,আহমদ শরীফ,200.0,http://books.com.bd/28665
Ahamad Sharif Rochonabali-10 আহমদ শরীফ রচনাবলী-১০,ড. পৃথ্বিলা নাজনীন নীলিমা,1000.0,http://books.com.bd/24304
Ahamad Sharif Rochonabali-9 আহমদ শরীফ রচনাবলী-৯,ড. পৃথ্বিলা নাজনীন নীলিমা,1000.0,http://books.com.bd/24305
Ahmad Sharif Rachanabali-8 আহমদ শরীফ রচনাবলী -৮,ড. পৃথ্বিলা নাজনীন নীলিমা,1000.0,http://books.com.bd/28664
Ahmad Sharif Rachanabali -7 আহমদ শরীফ রচনাবলী-৭,ড. পৃথ্বিলা নাজনীন নীলিমা,1000.0,http://books.com.bd/28663
Ahmad Sharif Rachanabali -6 আহমদ শরীফ রচনাবলী -৬,ড. পৃথ্বিলা নাজনীন নীলিমা,1000.0,http://books.com.bd/28662
Ahmad Sharif Rachanabali -5 আহমদ শরীফ রচনাবলী-৫,ড. পৃথ্বিলা নাজনীন নীলিমা,1000.0,http://books.com.bd/28661
Ahmad Sharif Rachanabali-4 আহমদ শরীফ রচনাবলী-৪,আহমদ কবির,550.0,http://books.com.bd/28660
Ahmad Sharif Rachanabali-3 আহমদ শরীফ রচনাবলী -৩,আহমদ কবির,800.0,http://books.com.bd/28659
Ahmad Sharif Rachanabali-2 আহমদ শরীফ রচনাবলী-২,আহমদ কবির,700.0,http://books.com.bd/28658
Ahmad Sharif Rachanabali-1 আহমদ শরীফ রচনাবলী-১,আহমদ কবির,800.0,http://books.com.bd/28657
Ashojog Andholon 71 O Bangabandhu Sheikh Mujib অসহযোগ আন্দোলন ৭১ ও বঙ্গবন্ধু শেখ মুজিব,ড. সুকুমার বিশ্বাস,600.0,http://books.com.bd/28656
Bangabandhu Sheikh Mujib: Alaukika Mahima বঙ্গবন্ধু শেখ মুজিব: অলৌকিক মহিমা,সৈয়দ আবির,70.0,http://books.com.bd/28655
Shekh Hasina Sarkarer Agrogotir Char Boshor শেখ হাসিনা সরকারের অগ্রগতির চার বছর,আবদুল আউয়াল মিয়া,250.0,http://books.com.bd/28654
ognisat Bangabondhu Bosamosadito Konna Ami অগ্নিস্নাত বঙ্গবন্ধুর ভস্মাচ্ছাদিত কন্যা আমি,নীলিমা ইব্রাহিম,80.0,http://books.com.bd/28653
Living in Tears লিভিং ইন টিয়ারস,শেখ হাসিনা,300.0,http://books.com.bd/28650
People and Democracy পিপল এন্ড ডেমোক্রেসি,শেখ হাসিনা,150.0,http://books.com.bd/28651
The Weird Life টি বেয়ার্ড লাইফ,আদিনা আরেফিন,200.0,http://books.com.bd/28652
Democracy Proverty Elimination and Peace ডেমোক্রেসি প্রভার্টি এলিমিনেশন এন্ড পিস,শেখ হাসিনা,200.0,http://books.com.bd/28649
Democracy in Distress Demeaned Humanity ডেমোক্রেসি ইন ডিস্ট্রেস দেমেনেড হিউম্যানিটি,শেখ হাসিনা,200.0,http://books.com.bd/28648
15th August Tragedy O Bangabhabaner Azana Adhaya ১৫ ই আগস্ট ট্রাজেডি ও বঙ্গভবনের অজানা অধ্যায়,মুসা সাদিক,300.0,http://books.com.bd/28647
O Neel Biccheder Boro Valobasilam ও নীল বিচ্ছেদ বড় ভালোবাসিলাম,সুস্মিতা চক্রবর্তী,150.0,http://books.com.bd/28646
Urmi ঊর্মি,উমরতুল ফজল,350.0,http://books.com.bd/28645
Uttsober Arthoniti উৎসবের অর্থনীতি,মামুন রশিদ,375.0,http://books.com.bd/28644
Uttoroner Arthoniti উত্তরণের অর্থনীতি,মামুন রশিদ,300.0,http://books.com.bd/28643
Itihash Nirmatar Mrittu [Agme] ইতিহাস নির্মাতার মৃত্যু,আসাদুজ্জামান আসাদ,350.0,http://books.com.bd/28642
Amar Joto Kotha [Agme] আমার যত কথা,মেজর মো. ইকবাল হায়দার (অব),250.0,http://books.com.bd/28641
Amar Jibon Katha O Bangladesher Jibon Katha আমার জীবনকথা ও বাংলাদেশের মুক্তির সংগ্রাম,ড.অজিজুর রহমান মল্লিক,350.0,http://books.com.bd/28640
Amar Koto Katha Chilo আমার কত কথা ছিল,ইকবাল বাহার চৌধুরী,400.0,http://books.com.bd/28639
Manusher Itihash (Adhunik Jugh) মানুষের ইতিহাস (আধুনিক যুগ),নূরুন নাহার বেগম,280.0,http://books.com.bd/28638
Surjjo Rajar Rajje সূর্য রাজার রাজ্যে,মমতাজ লতিফ,175.0,http://books.com.bd/28635
Kkhov ক্ষোভ,সৈয়দ শামসুল হক,200.0,http://books.com.bd/28637
Snodrop Chumbonera স্নোড্রপ চুম্বনেরা,মিলটন রহমান,150.0,http://books.com.bd/28636
Sukher Samaze Shantir Sondhan সুখের সমাজে শান্তির সন্ধান,ড. তোফায়েল আহমেদ,200.0,http://books.com.bd/28634
Shyliter Upovasha : Bakoron O Avidhan সিলেটের উপভাষাঃ ব্যাকারণ ও অভিধান,ড. শ্যামল কান্তি দত্ত,850.0,http://books.com.bd/28633
Samaj Sangskriti সমাজ সংস্কৃতি শিল্পকলা,শিশির ভট্টাচার্য্য,300.0,http://books.com.bd/28632
Madokasokti O Aids : Somossa O Somadhan মাদকাসক্তি ও এইডস: সমস্যা ও সমাধান,ডঃ অরূপ রতন চৌধুরী,200.0,http://books.com.bd/28631
Somokalin Rajniti O Unnoyan Vabna সমকালীন রাজনীতি ও উন্নয়ন ভাবনা,ড. বদিউল আলম মজুমদার,500.0,http://books.com.bd/28630
Sob Oishudh Nirapodh Noi সব ওষুধ নিরাপদ নয়,ড. মুনীরউদ্দিন আহমদ,200.0,http://books.com.bd/28629
Sadaruddin সদরুদ্দীন,ফরহাদ মজহার,150.0,http://books.com.bd/28628
Sangbidhan Sangsodhon Sushthu Nirbachon O Gonotantrik Shason সংবিধান সংশোধন সুষ্ঠু নির্বাচন ও গণতান্ত্রিক শাসন,ড. বদিউল আলম মজুমদার,700.0,http://books.com.bd/28627
Shrestho Kabita [SA] শ্রেষ্ঠ কবিতা,শামসুল আরেফিন,350.0,http://books.com.bd/28626
Shishur Jibon শিশুর জীবন,ডা. প্রণব কুমার চৌধুরী,80.0,http://books.com.bd/28625
Shanibarer Golpo শনিবারের গল্প,আবদুল লতিফ,175.0,http://books.com.bd/28624
Lal Moroger Jhuti লাল মোরগের ঝুঁটি,বিজয় আহমেদ,320.0,http://books.com.bd/28623
Rumir Kahini রুমির কাহিনি,ইমরুল হাসান,250.0,http://books.com.bd/28622
Rastronayok Shekh Hasinar Pothcola রাষ্ট্রনায়ক শেখ হাসিনার পথচলা,অধ্যাপক এম আনোয়ার হোসেন,180.0,http://books.com.bd/28621
Rajniti Durniti O Nirbachon রাজনীতি দুর্নীতি ও নির্বাচন,ড. বদিউল আলম মজুমদার,350.0,http://books.com.bd/28620
Rabindro-Kabber Uddhoti রবীন্দ্র-কাব্যের উদ্ধৃতি,মোনায়েম সরকার,300.0,http://books.com.bd/28619
Rabindronath Uttor-Adhunikota O Bangla Vashar Bishwayon রবীন্দ্রনাথ উত্তর-আধুনিকতা ও বাংলা ভাষার বিশ্বায়ন,এম আবদুল আলিম,250.0,http://books.com.bd/28618
Je Golpo Lekha Hoi Ni যে গল্প লেখা হয়নি,রুদ্র মোস্তফা,250.0,http://books.com.bd/28617
Mangrove: Honhon Droher Dohon ম্যানগ্রোভ : হনন দ্রোহের দহন,তৌহিদ শাকীল,200.0,http://books.com.bd/28616
Mukher Cancher মুখের ক্যান্সার,ডঃ অরূপ রতন চৌধুরী,200.0,http://books.com.bd/28615
Mukhi Swasther Probeshpoth মুখই স্বাস্থের প্রবেশপথ,ডঃ অরূপ রতন চৌধুরী,150.0,http://books.com.bd/24323
Muktijuddher Chetona Protishthar Sangram মুক্তিযুদ্ধের চেতনা প্রতিষ্ঠার সংগ্রাম,মোনায়েম সরকার,550.0,http://books.com.bd/28614
Muktijuddho মুক্তিযুদ্ধ,সিদ্দিকুর রহমান,700.0,http://books.com.bd/28613
Muktijuddher Natoksamaogro মুক্তিযুদ্ধের নাটকসমগ্র,ড. ইনামুল হক,220.0,http://books.com.bd/28612
Muktijuddho O Mitrobahini [Agme] মুক্তিযুদ্ধ ও মিত্রবাহিনী,আসাদুজ্জামান আসাদ,300.0,http://books.com.bd/28611
Manusher Etihash : Adhunik Urope (1453-1648) মানুষের ইতিহাস: আধুনিক ইউরোপ (১৪৫৩-১৬৪৮),আব্দুল হালিম,250.0,http://books.com.bd/28610
"Marx, Fouca O Ruhniat মার্কস, ফুকো ও রুহানিয়াত",ফরহাদ মজহার,400.0,http://books.com.bd/28609
Moron Nesha Yaba O Fencidil মরণ নেশা ইয়াবা ও ফেনসিডিল,ডঃ অরূপ রতন চৌধুরী,250.0,http://books.com.bd/24266
Manusher Itihash (Maddho Jugh) মানুষের ইতিহাস (মধ্যযুগ),আব্দুল হালিম,200.0,http://books.com.bd/28608
Maddhobitter Bikash O Vogbader Uthan মধ্যবিত্তের বিকাশ ও ভোগবাদের উত্থান,মামুন রশিদ,250.0,http://books.com.bd/28607
Jibon O Manush : Bank O Banking জীবন ও মানুষ : ব্যাংক ও ব্যাংকিং,রবিউল হুসাইন,400.0,http://books.com.bd/28606
Boideshik Mudra O Bangladesher Arthonoitik বৈদেশিক মুদ্রা ও বাংলাদেশের অর্থনীতি,এম এ ইউসুফ খান,75.0,http://books.com.bd/28605
Bishw Raznitite Muslim Proshno বিশ্ব রাজনীতিতে মুসলিম প্রশ্ন,ড. তোফায়েল আহমেদ,150.0,http://books.com.bd/28604
Biggan O Anonna Prosongo বিজ্ঞান ও অন্যান্য প্রসঙ্গ,প্রফেসর ডঃ নিশিত কুমার পাল,650.0,http://books.com.bd/28603
Ba O Ka বা ও কা,আদিনা আরেফিন,175.0,http://books.com.bd/28602
Banglavasha -Porichoy বাাংলাভাষা - পরিচয়,রবীন্দ্রনাথ ঠাকুর,200.0,http://books.com.bd/28601
Bangladesher Prathomik Shikkha Atit O Barttoman বাংলাদেশের প্রাথমিক শিক্ষা অতীত ও বর্তমান,বিমলেন্দু হালদার,400.0,http://books.com.bd/28600
Bangladesher Arthonoitik Unnoyan O Agrogoti বাংলাদেশের অর্থনৈতিক উন্নয়ন ও অগ্রগতি,আনু মাহমুদ,200.0,http://books.com.bd/28599
Bangladesher Bankingyer Tin Doshok বাংলাদেশের ব্যাংকিংয়ের তিন দশক,অজয় দাশগুপ্ত,120.0,http://books.com.bd/28598
Bangladesher Arthoniti বাংলাদেশের অর্থনীতি,অজয় দাশগুপ্ত,200.0,http://books.com.bd/28597
Bangla Banan O Uccharon-Bidhi বাংলা বানান ও উচ্চারণ-বিধি,এম আবদুল আলিম,400.0,http://books.com.bd/28596
Barnno Badhio Hok Bodh O Bidrohe বর্ণ বর্ধিত হোক বোধ ও বিদ্রোহে,শহীদুল আলম,300.0,http://books.com.bd/28595
Boro Shohore Choto Galpo বড়ো শহরের ছোট গল্প,মোশাহিদা সুলতানা ঋতু,300.0,http://books.com.bd/28594
Bangovobone Koyek Sondha বঙ্গভবনে কয়েক সন্ধ্যা,আকিদুল ইসলাম,150.0,http://books.com.bd/28593
Bangabandhu Sheikh Mujib [Agme] বঙ্গবন্ধু শেখ মুজিব,মুহম্মদ শফি,250.0,http://books.com.bd/28592
Manusher Itihash মানুষের ইতিহাস (প্রাচীন যুগ),আব্দুল হালিম,400.0,http://books.com.bd/28591
Prosonggo : Prachin Prithibi প্রসঙ্গ : প্রাচীন পৃথিবী,আবু মোহাম্মদ মজহারুল ইসলাম,200.0,http://books.com.bd/28590
Prachin China Darshon Laosi O Confusiyas প্রাচীন চীনা দর্শন লাওসি ও কনফুসিয়াস,হেলাল উদ্দীন আহমেদ,200.0,http://books.com.bd/28589
Prakitik Upaiye Sustho Thakun প্রাকৃতিক উপায়ে সুস্থ্য থাকুন,ডা. ক্ষীরোদ রায়,200.0,http://books.com.bd/28588
Prokito Ghumer Dupur O Ce প্রকৃত ঘুমের দুপুর ও চে,শিবু কুমার শীল,200.0,http://books.com.bd/28587
Peshai Jakhon Bikroy পেশা যখন বিক্রয়,রাজিব আহমেদ,125.0,http://books.com.bd/28586
Prithibir Itihash পৃথিবীর ইতিহাস,আব্দুল হালিম,140.0,http://books.com.bd/28585
"Nirob Deshtyag, Hundi O Obhibason নীরব দেশত্যাগ, হুন্ডি ও অভিবাসন",মামুন রশিদ,300.0,http://books.com.bd/24269
Nogorayon O Nagar Sarker নগরায়ণ ও নগর সরকার,বিধান চন্দ্র পাল,250.0,http://books.com.bd/28584
Duraroggo Badhi Cancer দুরারোগ্য ব্যাধি ক্যান্সার,ড. জাকিয়া বেগম,250.0,http://books.com.bd/28583
Dat O Mukher Roger Sathe Deher Roger Samprko দাঁত ও মুখের রোগের সাথে দেহের রোগের সম্পর্ক,ডঃ অরূপ রতন চৌধুরী,150.0,http://books.com.bd/28582
Trikal Trigun ত্রিকাল ত্রিগুণ,কর্নেল এস ডি আহমদ,750.0,http://books.com.bd/28581
Diabetes Ebang Mukh O Dater Shashto ডায়াবেটিস এবং মুখ ও দাঁতের স্বাস্থ্য,ডঃ অরূপ রতন চৌধুরী,200.0,http://books.com.bd/28580
Dactor Kabiraj Boiddho ডাক্তার কবিরাজ বৈদ্য,সুভাষ সিংহ রায়,100.0,http://books.com.bd/28579
Tv Camerar Samne meyeti Ebang Annano টিভি ক্যামেরার সামনে মেয়েটি এবং অন্যান্য,হাসনাত আবদুল হাই,350.0,http://books.com.bd/28578
Chotoder Sastho ছোটদের স্বাস্থ্য,ডা. প্রণব কুমার চৌধুরী,280.0,http://books.com.bd/28577
Chander Sohozpath ছন্দের সহজপাঠ,আবিদ আনোয়ার,270.0,http://books.com.bd/28576
Chorar Chorachore ছড়ার ছড়াছড়ি,দীপংকর চন্দ্র,200.0,http://books.com.bd/28575
Chetonar Jhangkar চেতনার ঝংকার,শাহদাব আকবর,250.0,http://books.com.bd/28574
Chakri Bebsha Unnoti [Agme] চাকরি ব্যবসা উন্নতি,রাজিব আহমেদ,100.0,http://books.com.bd/22571
Golper Ekdin গল্পের একদিন,মমতাজ লতিফ,175.0,http://books.com.bd/28573
Galposomogro [KS] গল্পসমগ্র,কাজল শাহনেওয়াজ,450.0,http://books.com.bd/28572
Khun Hobar Doi Rakam Padmoti খুন হবার দুই রকম পদ্ধতি,রোকে ডালটন,180.0,http://books.com.bd/28571
Confucius-Er Kathopokathan কনফুসিয়াস-এর কথোপকথন,হেলাল উদ্দীন আহমেদ,280.0,http://books.com.bd/28570
Kingbodonti Katha কিংবদন্তি কথা,নোমান মোহাম্মদ,600.0,http://books.com.bd/28569
Kabitasamogro [KS] কবিতাসমগ্র,কাজল শাহনেওয়াজ,450.0,http://books.com.bd/28567
Kapotakkhoer Hasikanna কপোতাক্ষের হাসিকান্না,ড. চিত্তরঞ্জন দাস,250.0,http://books.com.bd/28566
Abar Jege Uthbe Manush আবার জেগে উঠবে মানুষ,বিধান চন্দ্র পাল,175.0,http://books.com.bd/28565
Arthonitir Bijoy অর্থনীতির বিজয়,মামুন রশিদ,250.0,http://books.com.bd/28564
Aprokashito Taher : Aprokashito Rachona O Patraboli অপ্রকাশিত তাহের : অপ্রকাশিত রচনা ও পত্রাবলি,ড. এম সানজীব হোসেন,250.0,http://books.com.bd/28563
Ekattorer Muktijuddho O Swadin Bangla Betarkendro একাত্তরের মুক্তিযুদ্ধ ও স্বাধীন বাংলা বেতারকেন্দ্র,ডঃ অরূপ রতন চৌধুরী,500.0,http://books.com.bd/28562
Upomohadesher Vaggobad উপমহাদেশের ভাগ্যবাদ,রণজিৎ কর,180.0,http://books.com.bd/28561
Ujan Srote Kichu Asarhe Chinta উজান স্রোতে কিছু আষাঢ়ে চিন্তা,আহমদ শরীফ,200.0,http://books.com.bd/24334
Alapcharee আলাপচারী,আহমদ শরীফ,400.0,http://books.com.bd/28560
"Amar Dekha Muktijuddho আমার দেখা মুক্তিযুদ্ধ (আমার শৈশব, আমার কৈশোর)",আজাদুল হক,300.0,http://books.com.bd/28559
Smoroniyo Baktitto স্মরণীয় ব্যক্তিত্ব,আহমদ শরীফ,350.0,http://books.com.bd/28558
Swadesher Swokaler Samajer Chalcitro স্বদেশের স্বকালের সমাজের চালচিত্র,আহমদ শরীফ,225.0,http://books.com.bd/24331
Swadesh Chinta স্বদেশ চিন্তা,আহমদ শরীফ,225.0,http://books.com.bd/24330
Sakkhatkarer Somaykal সাক্ষাৎকারে সময়কাল,আহমদ শরীফ,650.0,http://books.com.bd/28557
Safoller Jadu সাফল্যের যাদু,রাজিব আহমেদ,125.0,http://books.com.bd/28556
Somoy Asomoy সময় অসময়,হাসনাত আবদুল হাই,180.0,http://books.com.bd/28555
Shongskriti [Agme] সংস্কৃতি,আহমদ শরীফ,150.0,http://books.com.bd/24289
Antorjatik Dibosh আন্তর্জাতিক দিবস,মোহাম্মদ আমীন,80.0,http://books.com.bd/28554
Shreshto Golpo [NJ] শ্রেষ্ঠ গল্প,নাসরীন জাহান,500.0,http://books.com.bd/28553
Sonali Danar Chil সোনালি ডানার চিল (শৈশব পর্ব),সুধাংশু শেখর বিশ্বাস,200.0,http://books.com.bd/28552
Shastro Somaj O Narimukti শাস্ত্র সমাজ ও নারীমুক্তি,আহমদ শরীফ,270.0,http://books.com.bd/24285
"Rajnoitik Sangkot Uttorone Koroniyo Sanglap, Somojota O Sangskar রাজনৈতিক সংকট উত্তরণে করণীয় সংলাপ , সমজোতা ও সংস্কার",ড. বদিউল আলম মজুমদার,400.0,http://books.com.bd/28551
Rokter Dagh Muche Rabindropath রক্তের দাগ মুছে রবীন্দ্রপাঠ,ফরহাদ মজহার,100.0,http://books.com.bd/28550
Mukti Nihit Notun Chetonay O Notun Chintay মুক্তি নিহিত নতুন চেতনায় ও নতুন চিন্তায়,আহমদ শরীফ,250.0,http://books.com.bd/24324
Marx Patther Vumika মার্কস পাঠের ভূমিকা,ফরহাদ মজহার,170.0,http://books.com.bd/28548
Manosh Mukure Bismito Sawdesh মানস মুকুরে বিম্বিত স্বদেশ,আহমদ শরীফ,250.0,http://books.com.bd/28547
Madhojuger Bangla Sahitto মধ্যযুগের বাঙলা সাহিত্য,আহমদ শরীফ,150.0,http://books.com.bd/28545
Madhukobir Jibone Naree মধুকবির জীবনে নারী,মুহম্মদ শফি,300.0,http://books.com.bd/28544
Vasha Chinta O Prokriya Ebang Ekti Kabita ভাষা চিন্তা ও প্রক্রিয়া এবং একটি কবিতা,সায়মন রিয়ান,50.0,http://books.com.bd/28543
Ahmed Sharifer Dairy Vabh-Buddhob [Agme] আহমদ শরীফের ডায়েরি ভাব-বুদ্বুদ,আহমদ শরীফ,400.0,http://books.com.bd/28542
Boigganic Attojiboni O Annano Nibondhn বৈজ্ঞানিক আত্মজীবনী ও অন্যান্য নিবন্ধ,ম্যাক্স প্লাঙ্ক,225.0,http://books.com.bd/28541
Bishwroner Cabuk বিস্মরণের চাবুক,ফারুক ওয়াসিফ,150.0,http://books.com.bd/28540
Biswashbad-Bigganbad-Juktibad O Moulbad বিশ্বাসবাদ- বিজ্ঞানবাদ- যুক্তিবাদ ও মৌলবাদ,আহমদ শরীফ,200.0,http://books.com.bd/28539
Bichit Chinta বিচিত চিন্তা,আহমদ শরীফ,400.0,http://books.com.bd/28538
Bikroy Koishol বিক্রয় কৌশল,রাজিব আহমেদ,125.0,http://books.com.bd/28537
Banijjo O Bangladesher Jonogon বাণিজ্য ও বাংলাদেশের জনগণ,ফরহাদ মজহার,225.0,http://books.com.bd/28536
Banglavasa Sangskar Andolon বাঙলা ভাষা- সংস্কার আন্দোলন,আহমদ শরীফ,125.0,http://books.com.bd/28535
Bangladesher Hridoy Hoite [DN] বাংলাদেশের হৃদয় হতে,দিমা নেফারতিতি,400.0,http://books.com.bd/28534
Bangladesh 1996 : Razniti O Porobastroniti বাংলাদেশ ১৯৯৬ : রাজনীতি ও পররাষ্ট্রনীতি,সৈয়দ আনোয়ার হোসেন,100.0,http://books.com.bd/28533
Futbool Paye Muktir Juddho ফুটবল পায়ে মুক্তির যুদ্ধ,নোমান মোহাম্মদ,400.0,http://books.com.bd/28532
Pran O Prokiti প্রাণ ও প্রকৃতি,ফরহাদ মজহার,200.0,http://books.com.bd/28531
Prostab প্রস্তাব,ফরহাদ মজহার,200.0,http://books.com.bd/28530
Prottoy O Prottasha প্রত্যয় ও প্রত্যাশা,আহমদ শরীফ,180.0,http://books.com.bd/28529
Pakistane Atok Dinguli পাকিস্তানে আটক দিনগুলি,নূর হাসনা লতিফ,120.0,http://books.com.bd/28528
Nirbachito Probondho [AS] নির্বাচিত প্রবন্ধ,আহমদ শরীফ,400.0,http://books.com.bd/28527
Desh-Kal Jiboner Dabi O Shakkho দেশ-কাল জীবনের দাবি ও সাক্ষ্য,আহমদ শরীফ,200.0,http://books.com.bd/24314
William Carey: Jibon Sadhona উইলিয়াম কেরী: জীবন ও সাধনা,সুশান্ত সরকার,600.0,http://books.com.bd/28526
Jibonanondo E Maya Bastob জীবনানন্দের মায়াবাস্তব,ফারুক ওয়াসিফ,200.0,http://books.com.bd/28525
Jiggasha O Onnesha জিজ্ঞাসা ও অন্বেষা,আহমদ শরীফ,225.0,http://books.com.bd/24318
Chokher Bali [Agme] চোখের বালি,রবীন্দ্রনাথ ঠাকুর,350.0,http://books.com.bd/28524
Cholochchitro Jatiyo Mukti Rochona Songgroh 1st part চলচ্চিত্র ও জাতীয় মুক্তি (রচনা সংগ্রহ ১ম খণ্ড),আলমগীর কবির,900.0,http://books.com.bd/28523
Gonotontro Songskriti O Swatontro O Bichitor Bhanba গণতন্ত্র সংস্কৃতি স্বাতন্ত্য ও বিচিত্র ভাবনা,আহমদ শরীফ,300.0,http://books.com.bd/24251
Camaragiri ক্যামেরাগিরি,ফরহাদ মজহার,100.0,http://books.com.bd/28522
Sonali Danar Chil সোনালি ডানার চিল (কৈশোর পর্ব),সুধাংশু শেখর বিশ্বাস,225.0,http://books.com.bd/28521
Kabitar Boner Sange Abar কবিতার বোনের সঙ্গে আবার,ফরহাদ মজহার,125.0,http://books.com.bd/28520
Asomoyer Not Boi অসময়ের নোট বই,ফরহাদ মজহার,150.0,http://books.com.bd/28519
Ontorikha Noy Ontore অন্তরীক্ষে নয় অন্তরে,শহীদুল আলম,250.0,http://books.com.bd/28518
Anukatha-4 অনুকথা মন। দর্শন। জীবন (৪র্থ খন্ড),অপূর্ব চৌধুরী,200.0,http://books.com.bd/28517
Arthera Niti Arthera Naitikata অর্থের নীতি অর্থের নৈতিকতা,অজয় দাশগুপ্ত,110.0,http://books.com.bd/28516
The Dark Science Of Logical Fallacies টি ডার্ক সাইন্স অফ লজিকাল ফাল্লাসিএস,কাজী খুররম,300.0,http://books.com.bd/28515
Five Minute Stories ফাইভ মিনিট স্টোরিজ,খসরুজ্জামান চৌধুরী,300.0,http://books.com.bd/28514
"Corruption In Bangladesh: Causes, Costs And Remedies করাপশন ইন বাংলাদেশ: কাউসেস, কোস্টস এন্ড রেমেডিএস",হেলাল উদ্দীন আহমেদ,350.0,http://books.com.bd/28513
1971 Uttal Marcher Dingulee ১৯৭১ উত্তাল মার্চের দিনগুলি,মোজাম্মেল হক,300.0,http://books.com.bd/28512
Ekush Shptoker Shirite Bangladesh একুশ শতকের সিঁড়িতে বাংলাদেশ,সরদার আমজাদ হোসেন,350.0,http://books.com.bd/28511
Ekattorer Hozmioyala একাত্তরের হজমিওয়ালা,আশরাফ আহমেদ,150.0,http://books.com.bd/28509
Ekattorer 71 একাত্তরের ৭১,অজয় দাশগুপ্ত,300.0,http://books.com.bd/28508
Ekattorer Bijoy Gatha একাত্তরের বিজয় গাথা,মুনতাসীর মামুন,325.0,http://books.com.bd/28507
Ekattorer Diary [Agme] একাত্তরের ডায়েরি,মোফাজ্জল হায়দার চৌধুরী,150.0,http://books.com.bd/28506
Akattorer Muktijuddhe Buddhijibider Vumika একাত্তরের মুক্তিযুদ্ধে বুদ্ধিজীবীদের ভূমিকা,এম আর আখতার মুকুল,300.0,http://books.com.bd/28505
Uponibeshbad O Uttor Oiponibeshik Path উপনিবেশবাদ ও উত্তর ঔপনিবেশিক পাঠ,ফকরুল চৌধুরী,520.0,http://books.com.bd/28504
Uttal March 1971 [Agme] উত্তাল মার্চ ১৯৭১,আহমেদ ফারুক হাসান,40.0,http://books.com.bd/28503
"Amar Muktijuddho, Rajpoth Theke Ronagon আমার মুক্তিযুদ্ধ : রাজপথ থেকে রণাঙ্গন",আবিদ আনোয়ার,200.0,http://books.com.bd/24339
Amar Jibon Amar Rajniti আমার জীবন আমার রাজনীতি,মহিউদ্দীন আহমেদ,500.0,http://books.com.bd/28502
Amar Ekattor Amar Juddho আমার একাত্তর আমার যুদ্ধ,ড. নূরুন নবী,250.0,http://books.com.bd/28501
Amader Sangscritik Andolon O Muktijuddho আমাদের সাংস্কৃতিক আন্দোলন ও মুক্তিযুদ্ধ,তাহের উদ্দিন,60.0,http://books.com.bd/28500
Amader Mayer Vasha আমাদের মায়ের ভাষা,গোলাম কুদ্দুছ,80.0,http://books.com.bd/28499
Antorjatik Matrivasha Diboshe Baki Itehash আন্তর্জাতিক মাতৃভাষা দিবসের বাকি ইতিহাস,ইকতিয়ার চৌধুরী,120.0,http://books.com.bd/28498
Awami Leaguer Shashonkal [Agme] আওয়ামী লীগের শাসনকাল,আবু আল সাঈদ,100.0,http://books.com.bd/28497
Awami Leaguer Itihash [Agme] আওয়ামী লীগের ইতিহাস,আবু আল সাঈদ,300.0,http://books.com.bd/28496
Juddher Prothom Prohor যুদ্ধের প্রথম প্রহর,সিকদার হুমায়ূন কবির,100.0,http://books.com.bd/28495
Juddhe Juddhe Swadhinota [Agme] যুদ্ধে যুদ্ধে স্বাধীনতা,মেজর নাসির উদ্দিন,800.0,http://books.com.bd/28494
Zokhon Banggovobone Chilam যখন বঙ্গভবনে ছিলাম,ব্রিগেডিয়ার শামসুদ্দিন আহমেদ,70.0,http://books.com.bd/28493
Pakistane Bondhijibon 1971 পাকিস্তান বন্দিজীবন ১৯৭১,হেলেন কাদের,90.0,http://books.com.bd/28492
Nirbachito Probondho [SIC] নির্বাচিত প্রবন্ধ,সিরাজুল ইসলাম চৌধুরী,350.0,http://books.com.bd/28491
Bangladesh Dokkhin Asia O Bohirbisho বাংলাদেশ দক্ষিণ এশিয়া ও বহির্বিশ্ব,সৈয়দ আনোয়ার হোসেন,120.0,http://books.com.bd/28490
Deyal Diye Ghera দেয়াল দিয়ে ঘেরা,মতিয়া চৌধুরী,120.0,http://books.com.bd/28489
Dui Banglar Muktijuddher Kabita দুই বাংলার মুক্তিযুদ্ধের কবিতা,আখতার হুসেন,400.0,http://books.com.bd/28488
Thakurgaon Muktijuddho ঠাকুরগাঁওয়ের মুক্তিযুদ্ধ,মোহাম্মদ আমীন,80.0,http://books.com.bd/28487
Syed Mujtaba Ali Biography সৈয়দ মুজতবা আলী : জীবনকথা,নুরুর রহমান খান,500.0,http://books.com.bd/28486
Jonojuddhor Upakhan জনযুদ্ধের উপাখ্যান,হারুন হাবিব,120.0,http://books.com.bd/28485
Chatro Razniti Muktijuddho Age O Pore ছাত্র রাজনীতি মুক্তিযুদ্ধ আগে ও পরে,মাহফুজা খানম,300.0,http://books.com.bd/28484
Chamironer Ekattor ছমিরনের একাত্তর,শ্যামলী নাসরীন চৌধুরী,140.0,http://books.com.bd/28483
Chara Chorai Muktijuddho ছড়ায় ছড়ায় মুক্তিযুদ্ধ,আসলাম সানী,40.0,http://books.com.bd/28482
Cheronobiler Konthoshor Ekti Paromanobik Durghotonar Koththo Itihash চেরনোবিলের কণ্ঠস্বর একটি পারমাণবিক দুর্ঘটনার কথ্য ইতিহাস,সোয়েতলানা আলেক্সিয়েভিচ,450.0,http://books.com.bd/28481
Cholocitro Somalochona চলচ্চিত্র সমালোচনা,ফাহমিদুল হক,200.0,http://books.com.bd/28480
Bangladesher Muktijuddho : Chuadanga Zela বাংলাদেশের মুক্তিযুদ্ধ: চুয়াডাঙ্গা জেলা,রাজিব আহমেদ,350.0,http://books.com.bd/28479
Char Razakar চার রাজাকার,মাহবুব তালুকদার,80.0,http://books.com.bd/28478
Chattagrame Vasha Andolon চট্রগ্রামে ভাষা আন্দোলন,শরীফ শমশির,75.0,http://books.com.bd/28477
Karagarer Dinguli কারাগারের দিনগুলি,বোরহান আহমেদ,65.0,http://books.com.bd/28476
Kala:rure কোলাঃরুরে,খোকন কায়সার,150.0,http://books.com.bd/28475
Kalkatar Buddhijibider Dristtite Bangladesher Muktijuddho কলকাতার বুদ্ধিজীবীদের দৃষ্টিতে বাংলাদেশের মুক্তিযুদ্ধ,অমর সাহা,100.0,http://books.com.bd/28474
Ekattorer Sei Meyeti একাত্তরের সেই মেয়েটি,শ্যামলী নাসরীন চৌধুরী,75.0,http://books.com.bd/28472
Ekattorer Kabita একাত্তরের কবিতা,ন. ম. জাহাঙ্গীর হোসেন,200.0,http://books.com.bd/28471
Ekattor [Agme] একাত্তর,শ্যামলী নাসরীন চৌধুরী,140.0,http://books.com.bd/28470
Amader Kabita [Agme] আমাদের কবিতা,খসরুজ্জামান চৌধুরী,150.0,http://books.com.bd/28469
Astiter Ekush অস্তিত্বে একুশ,জহুরুল হক,80.0,http://books.com.bd/28468
Amor Ekushe O Shohid Minar অমর একুশে ও শহীদ মিনার,রফিকুল ইসলাম,225.0,http://books.com.bd/28467
Avoynogorer Itihash অভয়নগরের ইতিহাস,মোহাম্মদ আমীন,500.0,http://books.com.bd/28466
Aghoshito Judher Blu Print অঘোষিত যুদ্ধের ব্লু প্রিন্ট,অধ্যাপক আবু সাইয়িদ,250.0,http://books.com.bd/28465
Ami O Amar Muktijuddho আমি ও আমার মুক্তিযুদ্ধ,পান্না কায়সার,180.0,http://books.com.bd/28464
1/11'r Ekjon Bondhir Katha ১/১১’র একজন বন্দির কথা,মোহাম্মদ এমদাদুল ইসলাম,300.0,http://books.com.bd/28463
Khudiram Theke Colonel Taher ক্ষুদিরাম থেকে কর্নেল তাহের,রুদ্র সাইফুল,900.0,http://books.com.bd/28462
Hridoy Nodee Ekattor হৃদয় নদী একাত্তর,ডা. সারাহ বানু শুচি,120.0,http://books.com.bd/28461
Hridoye Ekattor [Agme] হৃদয়ে একাত্তর,পান্না কায়সার,120.0,http://books.com.bd/28460
Smritite 1971 স্মৃতিতে ১৯৭১,নূরুন নাহার বেগম,80.0,http://books.com.bd/28459
Smriti Ashlan 1971 স্মৃতি অম্লান ১৯৭১,আবুল মাল আব্দুল মুহিত,400.0,http://books.com.bd/28458
Sadhinota Sangramer Potvumi স্বাধীনতা সংগ্রামের পটভূমি,আসাদুজ্জামান আসাদ,300.0,http://books.com.bd/28457
Bangladesh Muktijuddho : Sundorbon Sab Sector বাংলাদেশের মুক্তিযুদ্ধ: সুন্দরবন সাব সেক্টর,ড. শেখ গাউস মিয়া,400.0,http://books.com.bd/28456
Socrateser Jollad সক্রেটিসের জল্লাদ,মো. আবদুল মান্নান,175.0,http://books.com.bd/28455
Vasha Andolon : Shikkhay Vasha Porikolpona ভাষা আন্দোলন: শিক্ষায় ভাষা পরিকল্পনা,ড. মো. মনিরুজ্জামান,65.0,http://books.com.bd/28454
Shahid Minar শহীদ মিনার,রফিকুল ইসলাম,140.0,http://books.com.bd/28453
Shatrur Matite Muktijuddhe শত্রুর মাটিতে মুক্তিযুদ্ধ,আলতাফুর রহমান,225.0,http://books.com.bd/28452
Rahumukti রাহুমুক্তি,যাযাবর ওসমান,400.0,http://books.com.bd/28451
Rajshahi Bishwobiddhaloy Shahid Budhijebe O Boddhovumi রাজশাহী বিশ্ববিদ্যালয়ের শহীদ বুদ্ধিজীবী ও বধ্যভূমি,প্রফেসর আবদুল খালেক,280.0,http://books.com.bd/28450
Raznitir Epith Opith রাজনীতির এপিঠ ওপিঠ,নুরুল ইসলাম বিএসসি,200.0,http://books.com.bd/28449
Ronangoner Saree Badha Pothe রণাঙ্গনের সারি বাঁধা পথে,শফিউল ইসলাম,150.0,http://books.com.bd/28448
Roktojhara Ekattor রক্তঝরা একাত্তর,আবু কায়সার,80.0,http://books.com.bd/28447
Megh Jotsnai Muktijuddho মেঘ জ্যোৎস্নায় মুক্তিযুদ্ধ,ঝর্না দাশ পুরকায়স্থ,300.0,http://books.com.bd/28446
Muktir Sopantole মুক্তির সোপানতলে,রফিকুল ইসলাম বীর উত্তম,400.0,http://books.com.bd/28445
Bangladesh Muktijuddher Vugol-Itihash বাংলাদেশ মুক্তিযুদ্ধের ভূগোল-ইতিহাস,ড. সুকুমার বিশ্বাস,400.0,http://books.com.bd/28444
Muktijuddher Porer Juddho মুক্তিযুদ্ধের পরের যুদ্ধ,শ্যামলী নাসরীন চৌধুরী,100.0,http://books.com.bd/28443
Muktijudher Golpo মুক্তিযুদ্ধের গল্প,রবীন্দ্র গোপ,60.0,http://books.com.bd/28442
Muktijuddher Konna মুক্তিযুদ্ধের কন্যা,আয়াত আলী পাটওয়ারী,100.0,http://books.com.bd/28441
MuktijuddherAprakashito Katha মুক্তিযুদ্ধের অপ্রকাশিত কথা,আতিকুর রহমান,150.0,http://books.com.bd/28440
Muktijuddhe Swadhin Bangla Betar Kendro মুক্তিযুদ্ধে স্বাধীন বাংলা বেতার কেন্দ্র,তারেক মাহমুদ,350.0,http://books.com.bd/28439
Muktijuddhe Mujibnagar মুক্তিযুদ্ধে মুজিবনগর,রাজিব আহমেদ,200.0,http://books.com.bd/28438
Muktijuddhe Bangladesh মুক্তিযুদ্ধে বাংলাদেশ,মেজর জেনারেল কে এম শফিউল্লাহ,400.0,http://books.com.bd/28437
Muktijuddho O Bhasa Andolanera Gan মুক্তিযুদ্ধ ও ভাষা আন্দোলনের গান,মোনায়েম সরকার,180.0,http://books.com.bd/24325
Muktijuddho Foklor O Annanoy মুক্তিযুদ্ধ ফোকলোর ও অন্যান্য,ডঃ মাহবুবুল হক,350.0,http://books.com.bd/28436
Muktijudho Ebang Tarpor মুক্তিযুদ্ধ এবং তারপর,আনিসুজ্জামান,200.0,http://books.com.bd/28435
Muktijudho : Age O Pore মুক্তিযুদ্ধ : আগে ও পরে,পান্না কায়সার,300.0,http://books.com.bd/28434
Muktijuddhher Golpo [RK] মুক্তিযুদ্ধের গল্প,রাবেয়া খাতুন,60.0,http://books.com.bd/28433
Mukti মুক্তি,পান্না কায়সার,200.0,http://books.com.bd/28432
Mohan Muktijuddo O 7th November Ovuthane Cornel Taher মহান মুক্তিযুদ্ধ ও ৭ই নভেম্বর অভ্যুত্থানে কর্নেল তাহের,অধ্যাপক এম আনোয়ার হোসেন,300.0,http://books.com.bd/28431
Vasha Andolon Khulna O Bagerhat Jela ভাষা আন্দোলন: খুলনা ও বাগেরহাট জেলা,ড. শেখ গাউস মিয়া,300.0,http://books.com.bd/28430
Baltic Sagor Theke Roky Mauntein ব্যালটিক সাগর থেকে রকি মাউন্টেন,ড. চিত্তরঞ্জন দাস,600.0,http://books.com.bd/28429
Bedhonar Ekattor বেদনার একাত্তর,শ্যামলী নাসরীন চৌধুরী,120.0,http://books.com.bd/28428
"Britto O Brittanto বৃত্ত ও বৃত্তান্ত: স্থানীয় শাসন, রাজনীতি ও উন্নয়ন",তোফায়েল আহমেদ,600.0,http://books.com.bd/28427
Bijoyer Sopnosopan বিজয়ের স্বপ্নসোপান,অজয় দাশগুপ্ত,100.0,http://books.com.bd/28426
Bangladesh Sadinota Juddho Ebang Pakistan বাংলাদেশের স্বাধীনতা যুদ্ধ এবং পাকিস্তান,বোরহানউদ্দীন খান জাহাঙ্গীর,300.0,http://books.com.bd/28425
Bangalir Muktirsangram O Ahmed Fazlur Rahman বাঙালীর মুক্তিসংগ্রাম ও আহমদ ফজলুর রহমান,হাছিনা রহমান,100.0,http://books.com.bd/28424
Banglir Tirthovumi বাঙালির তীর্থভূমি,রশীদ হায়দার,200.0,http://books.com.bd/28423
Bangladesher Sahitte Vasha Andolon O Muktijudho বাংলাদেশের সাহিত্যে ভাষা আন্দোলন ও মুক্তিযুদ্ধ,রফিকুল ইসলাম,150.0,http://books.com.bd/28421
Bangladesher Razniti 1972-1975 বাংলাদেশের রাজনীতি ১৯৭২-১৯৭৫,হালিম দাদ খান,300.0,http://books.com.bd/28420
Bangladesher Mukti Songramer Itishas (1947-1971) বাংলাদেশের মুক্তিসংগ্রামের ইতিহাস (১৯৪৭-১৯৭১),মোনায়েম সরকার,500.0,http://books.com.bd/28419
Bangladesher Muktijuddho O Soronarthi Sibir বাংলাদেশের মুক্তিযুদ্ধ ও শরণার্থী শিবির,আসাদুজ্জামান আসাদ,800.0,http://books.com.bd/28418
Bangladesh: Threat Of War বাংলাদেশ : থ্রেড অব ওয়ার,অধ্যাপক আবু সাইয়িদ,300.0,http://books.com.bd/28417
Bangladeshe Pakistaner Manobadhikar Longhon: Koyekti Jobanbondi বাংলাদেশে পাকিস্তানের মানবাধিকার লঙ্ঘন : কয়েকটি জবানবন্দি,আনিসুজ্জামান,220.0,http://books.com.bd/24309
Bangladesh Shristir Prekhapot Ebong Muktijuddher Sangkhipta Itihas বাংলাদেশ সৃষ্টির প্রেক্ষাপট এবং মুক্তিযুদ্ধের সংক্ষিপ্ত ইতিহাস,বিমলেন্দু হালদার,500.0,http://books.com.bd/28416
Bostro O Porishod বস্ত্র ও পরিচ্ছদ,অধ্যাপিকা তাহমিনা জামান,300.0,http://books.com.bd/28415
Bangladesh Sarker 1971 বাংলাদেশ সরকার ১৯৭১,এইচ. টি. ইমাম,1000.0,http://books.com.bd/28414
Fire Cholo Ekattore ফিরে চল একাত্তরে,প্রফেসর মঞ্জুর আহমদ,70.0,http://books.com.bd/28413
Perona O Cetonay প্রেরণা ও চেতনায়,বিধান চন্দ্র পাল,200.0,http://books.com.bd/28412
Purbo Pakistan Theke Bangladesh পূর্ব পাকিস্তান থেকে বাংলাদেশ,আবু আল সাঈদ,250.0,http://books.com.bd/28411
Ei Sob Kichui Na এসব কিছুই না,মইনুল আহসান সাবের,40.0,http://books.com.bd/28410
Ekattorer Shahid Dr. Alim Chowdhury একাত্তরের শহীদ ডা. আলীম চৌধুরী,শ্যামলী নাসরীন চৌধুরী,250.0,http://books.com.bd/28409
Upokather Manush উপকন্ঠের মানুষ,রোকসানা মালেক,225.0,http://books.com.bd/28408
Urdhu Premer Golpo উর্দূ প্রেমের গল্প,আখতার-উন-নবী,100.0,http://books.com.bd/28407
Etihasher Sondhane [Agme] ইতিহাসের সন্ধানে,সালাহ্উদ্দীন আহমদ,90.0,http://books.com.bd/28406
Ahoto Mukul আহত মুকুল,হাসানআল আবদুল্লাহ্,40.0,http://books.com.bd/28405
Alojora Bonopoth আলোঝরা বনপথ,নাসের রহমান,250.0,http://books.com.bd/28404
Ami Rusho Bolchi :The Confessions আমি রুশো বলছি : দি কনফেশানস,সরদার ফজলুল করিম,300.0,http://books.com.bd/28403
Amar Premer Golpo আমার প্রেমের গল্প,রশীদ হায়দার,300.0,http://books.com.bd/28402
Humayun Azad Hotta Chestar Por হুমায়ুন আজাদ হত্যা চেষ্টার পর,আবির হাসান,80.0,http://books.com.bd/28401
Swapner Mollika স্বপ্নের মল্লিকা,মিলি সুলতানা,250.0,http://books.com.bd/24300
Swapner Vitor স্বপ্নের ভিতর,ইমরুল হাসান,250.0,http://books.com.bd/28400
Sawpnokanon স্বপ্নকানন,নাসের রহমান,60.0,http://books.com.bd/28399
Sufia Kamal Sharokgrontho [Agme] সুফিয়া কামাল স্মারকগ্রন্থ,লুৎফর রহমান রিটন,200.0,http://books.com.bd/28398
Shundorer Shondhane সুন্দরের সন্ধানে,হুমায়ুন কবির,150.0,http://books.com.bd/24291
Saiberiyar Bondhi Shibirer Golpo সাইবেরিয়ার বন্দী শিবিরের গল্প,হালিমুর রশিদ খান,40.0,http://books.com.bd/28397
Sobuj Pahar সবুজ পাহাড়,রিজিয়া রহমান,60.0,http://books.com.bd/28396
Sob Ko'ta Janala সব ক'টা জানালা,মুহাম্মদ জাহাঙ্গীর,60.0,http://books.com.bd/28395
DorjiGhore Ek Rat দর্জিঘরে এক রাত,জুয়েল মাজহার,60.0,http://books.com.bd/28394
Shamlima Tumi Kar শ্যামলিমা তুমি কার,রাহমান ওয়াহিদ,150.0,http://books.com.bd/28393
Sheikh Fozlul Haque Moni Anonno Rajniti Proticriti শেখ ফজলুল হক মনি: অনন্য রাজনীতির প্রতিকৃতি,ফকির আবদুর রাজ্জাক,100.0,http://books.com.bd/28392
Shameem Azader 100 Prem O Apremer Kobita শামীম আজাদের ১০০ প্রেম ও অপ্রেমের কবিতা,মিলটন রহমান,300.0,http://books.com.bd/28391
Lyndon Johnson লিন্ডন জনসন,তোফাজ্জল হোসেন,300.0,http://books.com.bd/28390
Razpothe Jonopothe Sufiya Kamal রাজপথে জনপথে সুফিয়া কামাল,মালেকা বেগম,100.0,http://books.com.bd/28389
Raznoitik Colum [MS] রাজনৈতিক কলাম,মোস্তফা সারওয়ার,200.0,http://books.com.bd/28388
Razkahini রাজকাহিনী,আবুল হোসেন,50.0,http://books.com.bd/28387
Romon রমণ,জাহিদ হাসান,80.0,http://books.com.bd/28386
Roktojobader Kew Valobaseni রক্তজবাদের কেউ ভালোবাসেনি,মৌলি আজাদ,150.0,http://books.com.bd/28385
Jokhon Libraryte Chilam যখন লাইব্রেরিতে ছিলাম,আলম তালুকদার,300.0,http://books.com.bd/24255
Mukhomukhi [Agme] মুখোমুখি,হাবীবুল্লাহ সিরাজী,60.0,http://books.com.bd/28384
Mukto Sawdesh Bondhi Pran মুক্ত স্বদেশ বন্দি প্রাণ,সেলিম রেজা নূর,80.0,http://books.com.bd/28383
Media Somaj Sangskriti মিডিয়া সমাজ সংস্কৃতি,ফাহমিদুল হক,650.0,http://books.com.bd/28382
Matira Pradipa Chilo Se Kahilo মাটির প্রদীপ ছিল সে কহিল,নূরুদ্দিন জাহাঙ্গীর,300.0,http://books.com.bd/24320
Momotay Rakhi Buker Govire মমতায় রাখি বুকের গভীরে,শহীদুল আলম,300.0,http://books.com.bd/28381
Manorama Basu Masami মনোরমা বসু মাসিমা,বদিউর রহমান,80.0,http://books.com.bd/28380
Boishakhi Mela O Anyanya বৈশাখী মেলা ও অন্যান্য,মনজুরুর রহমান,100.0,http://books.com.bd/28379
Bitorkito Jyotsna বিতর্কিত জ্যোৎস্না,ফজল এ খোদা,80.0,http://books.com.bd/28378
Binosto Somoyer Colum বিনষ্ট সময়ের কলাম,এ. জেড. এম. আবদুল আলী,200.0,http://books.com.bd/28377
Bangali Jati : Chetonar Sawrup O Rupantorer Dhara বাঙালি জাতি: চেতনার স্বরূপ ও রূপান্তরের ধারা,এস. খলিলউল্লাহ,50.0,http://books.com.bd/28376
Bangladesher Hridoy Hoite বাংলাদেশের হৃদয় হতে,ওবায়দুল কাদের,250.0,http://books.com.bd/28375
Bangladesher Razniti O Prosashoner Khondochitro বাংলাদেশের রাজনীতি ও প্রশাসনের খন্ডচিত্র,ডঃ রফিকুল ইসলাম,200.0,http://books.com.bd/28374
"Bangladesh :Somaj,Sangskriti O Rajniti বাংলাদেশ: সমাজ, সংস্কৃতি ও রাজনীতি",এমাজউদ্দীন আহমদ,80.0,http://books.com.bd/28373
Fak Fokor ফাঁক ফোকর,ফারুক হোসেন,80.0,http://books.com.bd/28372
Prem Amar Prem প্রেম আমার প্রেম,রিজিয়া রহমান,50.0,http://books.com.bd/28371
Prince Of Kolkata প্রিন্স অব কলকাতা,রঞ্জন সেন,120.0,http://books.com.bd/28370
Prithibir Bivinno Desher Jatir Pita পৃথিবীর বিভিন্ন দেশের জাতির পিতা,মোহাম্মদ আমীন,300.0,http://books.com.bd/28369
Podda Nodir Majhi [Agme] পদ্মা নদীর মাঝি,মানিক বন্দ্যোপাধ্যায়,100.0,http://books.com.bd/28368
Nobel Bijoyee Sahittik (1901-2001) নোবেল বিজয়ী সাহিত্যিক (১৯০১-২০০১),মোহাম্মদ আমীন,500.0,http://books.com.bd/28367
Nizdeshe Porobasee নিজদেশে পরবাসী,আহমেদ ফারুক হাসান,45.0,http://books.com.bd/28366
Nantur Mela Dekha [Agme] নান্টুর মেলা দেখা,মঞ্জু সরকার,50.0,http://books.com.bd/28365
Desh Deshantor [CR] দেশ দেশান্তর,ড. চিত্তরঞ্জন দাস,300.0,http://books.com.bd/24243
Dursamporker Kabita দূরসম্পর্কের কবিতা,গোলাম শফিক,150.0,http://books.com.bd/28364
Dhikshunno Bersiker Arttonad দিকশূন্য বেরসিকের আর্তনাদ,এম জহিরুল হক,110.0,http://books.com.bd/28363
Tarek Masud : Jatiyotabad O Cholochitro তারেক মাসুদ : জাতীয়তাবাদ ও চলচ্চিত্র,ফাহমিদুল হক,280.0,http://books.com.bd/28362
Jorer Mukhomukhi ঝড়ের মুখোমুখি,রিজিয়া রহমান,50.0,http://books.com.bd/28361
Golam Akbar Chowdhury: Life And Work গোলাম আকবর চৌধুরী: জীবন ও কর্ম,অনিন্দ্য আর্য্যু,120.0,http://books.com.bd/28359
Jolparer Pipra জলপাঁড়ের পিঁপড়া,হুমায়ুন নাসির,60.0,http://books.com.bd/28358
Jol Joba Joytun জল জবা জয়তুন,ফারুক ওয়াসিফ,150.0,http://books.com.bd/28357
Chokather Baire চৌকাঠের বাইরে,মোর্শেদা জামান লিজি,250.0,http://books.com.bd/28356
Chinno Megher Chaya ছিন্ন মেঘের ছায়া,নাসের রহমান,50.0,http://books.com.bd/28355
Chobi Sur Katha ছবি সুর কথা,কবীর চৌধুরী,50.0,http://books.com.bd/28354
Cholochitro : Nana Prosongo চলচ্চিত্র : নানা প্রসঙ্গ,কবীর আনোয়ার,90.0,http://books.com.bd/28353
Ghorotto ঘরট্ট,ওয়াহিদা নূর আফজা,300.0,http://books.com.bd/28352
Ghor Vanga Ghor ঘর ভাঙা ঘর,রিজিয়া রহমান,70.0,http://books.com.bd/28351
Golpogulo Baktigoto Noy গল্পগুলো ব্যক্তিগত নয়,আকিদুল ইসলাম,150.0,http://books.com.bd/28350
Khatimander Chokhe Somosamyik Bishaw খ্যাতিমানদের চোখে সমসাময়িক বিশ্ব,মুনতাসীর মামুন,40.0,http://books.com.bd/28349
Karo Karo Dike Abiram Cheye Thaka কারো কারো দিকে অবিরাম চেয়ে থাকা,হালিম আজাদ,70.0,http://books.com.bd/28348
Kapa Kapa Sukher Khoje কাঁপা কাঁপা সুখের খোঁজে,এম জহিরুল হক,100.0,http://books.com.bd/28347
Krisnokoli Ami Tare Bole কৃষ্ণকলি আমি তারে বলি,সিরাজুল ইসলাম মুনির,40.0,http://books.com.bd/28346
Kolom Ekhon Nagaler Baire কলম এখন নাগালের বাইরে,মুহাম্মদ হাবিবুর রহমান,200.0,http://books.com.bd/28345
Kobor Theke Bolchi কবর থেকে বলছি,অমৃত বাড়ৈ,250.0,http://books.com.bd/28344
Corporate Media Globalization কর্পোরেট গণমাধ্যম বিশ্বায়ন,আশেক মাহমুদ,600.0,http://books.com.bd/28343
O Amar America ray ও আমার আমেরিকা রে,গাজী কাশেম,100.0,http://books.com.bd/28342
Alo Amar Alo আলো আমার আলো,মুহম্মদ ফজলুর রহমান,300.0,http://books.com.bd/24338
Aynai Atnogopon আয়নায় আত্মগোপন,হুমায়ন হাসান,100.0,http://books.com.bd/28340
Amader Biraler Diti Dana Ache আমাদের বিড়ালের দুটি ডানা আছে,অষ্ট্রিক আর্যু,80.0,http://books.com.bd/28339
Obadhoo Rongin অবাধ্য রঙিন,মাহমুদ হাফিজ,100.0,http://books.com.bd/28338
Ekattorer Chetonay Jege Uthar Somoy একাত্তরের চেতনায় জেগে ওঠার সময়,মোনায়েম সরকার,250.0,http://books.com.bd/28337
Ekobingsho Shatabdite Shekh Mujiber Prasongikota একবিংশ শতাব্দীতে শেখ মুজিবের প্রাসঙ্গিক,মোনায়েম সরকার,250.0,http://books.com.bd/28336
Ekjon Rajnoitik Kormir Proticchobee একজন রাজনৈতিক কর্মীর প্রতিচ্ছবি,মোনায়েম সরকার,150.0,http://books.com.bd/28335
Ei Biroho kal এই বিরহকাল,রাবেয়া খাতুন,35.0,http://books.com.bd/28334
Uponnashshomogro-1 [RR] উপন্যাসসমগ্র-১,রিজিয়া রহমান,350.0,http://books.com.bd/28333
Ibola Nodir Tire ইবোলা-নদীর তীরে,মুনির আহমেদ শ্রাবণ,150.0,http://books.com.bd/24252
Ami Sei Adim Purush আমি সেই আদিম পুরুষ,শামীম আল আমিন,200.0,http://books.com.bd/28332
Antonio Gramcci : Jibon O Totto আন্তোনিও গ্রামসি: জীবন ও তত্ত্ব,খন্দকার সাখাওয়াত আলী,600.0,http://books.com.bd/28331
Hajar Bochorer Bangla Gan হাজার বছরের বাংলা গান,মোনায়েম সরকার,950.0,http://books.com.bd/28330
Shahabder Bishaw সহস্রাব্দের বিশ্ব,ড. মোহাম্মদ হাননান,300.0,http://books.com.bd/28329
Smritiguccho স্মৃতিগুচ্ছ,বিধান চন্দ্র পাল,200.0,http://books.com.bd/24293
Swadhinota Shongrame Dhaka Bisshobiddaloy [Agme] স্বাধীনতা সংগ্রামে ঢাকা বিশ্ববিদ্যালয়,রফিকুল ইসলাম,350.0,http://books.com.bd/28328
Swapner Joratalee স্বপ্নের জোড়াতালি,রাজিব আহমেদ,100.0,http://books.com.bd/28327
Swpnomanush স্বপ্নমানুষ,রুহুল আমিন,80.0,http://books.com.bd/28326
Syed Abul Maksuder Kobita সৈয়দ আবুল মকসুদের কবিতা,সৈয়দ আবুল মকসুদ,200.0,http://books.com.bd/28325
Shahasrabader Bangladesh সহস্রাব্দের বাংলাদেশ,ড. মোহাম্মদ হাননান,250.0,http://books.com.bd/28324
Somokalin Choraag সমকালীন ছড়া,রফিকুল হক,100.0,http://books.com.bd/28323
Sangbidhan Sangsodhon O Anonnay Prosonggo সংবিধান সংশোধন ও অন্যান্য প্রসঙ্গ,মোঃ রফিকুল ইসলাম ১,250.0,http://books.com.bd/28321
Sreshto Kobita [ES] শ্রেষ্ঠ কবিতা,ইন্দু সাহা,400.0,http://books.com.bd/28320
Shatabdir Bishw শতাব্দীর বিশ্ব,ড. মোহাম্মদ হাননান,380.0,http://books.com.bd/28319
Shotabdir Bangladesh শতাব্দীর বাংলাদেশ,ড. মোহাম্মদ হাননান,550.0,http://books.com.bd/28318
Shoto Kobita Sotota Kobita শত কবিতা সততা কবিতা,মারুফ রায়হান,100.0,http://books.com.bd/28317
Lal Sobujer Chora লাল সবুজের ছড়া,মহসিন খোন্দকার,60.0,http://books.com.bd/28316
Rupali Jochnay Veja Jibon রূপালি জোছনায় ভেজা জীবন,মৌলি আজাদ,200.0,http://books.com.bd/28315
Rajpother Mohakabbo রাজপথের মহাকাব্য,রাশেদ মেহেদী,150.0,http://books.com.bd/28314
Judho Shisu যুদ্ধশিশু,মিলি সুলতানা,200.0,http://books.com.bd/28313
Jotrototro Koyekchotro যত্রতত্র কয়েকছত্র,লুৎফর রহমান রিটন,200.0,http://books.com.bd/28312
Minmoye Kobitar Monalisa Mukh মৃন্ময়ী কবিতার মোনালিসা মুখ,প্রদ্যোৎ সেন,250.0,http://books.com.bd/28311
Maulana Abdul Hamid Khan Bhashani মওলানা আবদুল হামিদ খান ভাসানি,সৈয়দ আবুল মাকসুদ,1300.0,http://books.com.bd/28310
Victoria Theke Nayagra Jana Ajanar Pothe Pothe ভিক্টোরিয়া থেকে নায়াগ্রা জানা অজানার পথে পথে,ড. চিত্তরঞ্জন দাস,250.0,http://books.com.bd/28309
Vasanee Kahini ভাসানী কাহিনী,সৈয়দ আবুল মকসুদ,250.0,http://books.com.bd/28308
Vule Jaoya Gan ভুলে যাওয়া গান,শ্যামলী নাসরীন চৌধুরী,100.0,http://books.com.bd/28307
Brahmanbaria Chandpur Comilla History Parikrama ব্রাহ্মণবাড়িয়া চাঁদপুর কুমিল্লা ইতিহাস পরিক্রমা,অধ্যাপক সৈয়দ আব্দুস সাত্তার,70.0,http://books.com.bd/28306
Behular Sharee Pore বেহুলার শাড়ি পোড়ে,চঞ্চলা চঞ্চু,70.0,http://books.com.bd/28305
Biprotip Manusher Golpo বিপ্রতীপ মানুষের গল্প,ঝর্ণা রহমান,200.0,http://books.com.bd/28304
Basonar Rajniti Kolponar Sima বাসনার রাজনীতি কল্পনার সীমা,ফারুক ওয়াসিফ,280.0,http://books.com.bd/28303
Bangale Bangladesh Bangabandhu বাঙালি বাংলাদেশে বঙ্গবন্ধু,মোনায়েম সরকার,800.0,http://books.com.bd/28302
Bangladesher Swadhinota Sangram [Agme] বাংলাদেশের স্বাধীনতা সংগ্রাম,রফিকুল ইসলাম,500.0,http://books.com.bd/24311
Bangladesher Catro Andoloner Itihash (1972-2000) বাংলাদেশের ছাত্র আন্দোলনের ইতিহাস (১৯৭২-২০০০),ড. মোহাম্মদ হাননান,2000.0,http://books.com.bd/28301
Bangladesher Catro Andoloner Itihash (1830-1971) বাংলাদেশের ছাত্র আন্দোলনের ইতিহাস( ১৮৩০-১৯৭১),ড. মোহাম্মদ হাননান,1200.0,http://books.com.bd/28300
Bangladesher Catro Andoloner Itihash: Ershader Somoykal বাংলাদেশের ছাত্র আন্দোলনের ইতিহাস: এরশাদের সময়কাল,ড. মোহাম্মদ হাননান,350.0,http://books.com.bd/28299
Bangladesh -2001 বাংলাদেশ-২০০১,ড. মোহাম্মদ হাননান,500.0,http://books.com.bd/28298
Bangladesh Almanac 2000 বাংলাদেশ-২০০০,আরজুমন্দ আরা বানু,300.0,http://books.com.bd/28297
Bandhur Jonno Bohudure বন্ধুর জন্য বহুদূর,ইশতিয়াক আলম,35.0,http://books.com.bd/28296
Bodol Barir Vut বদল বাড়ির ভূত,মোহাম্মদ আমীন,75.0,http://books.com.bd/28295
Bangladesher Muktishongram Bangabandhu Sheikh Mujiber Oitihashik Dolil বাংলাদেশের মুক্তিসংগ্রাম বঙ্গবন্ধু শেখ মুজিবের ঐতিহাসিক দলিল,মোনায়েম সরকার,300.0,http://books.com.bd/24310
Bangalir Etihash বাঙালির ইতিহাস,ড. মোহাম্মদ হাননান,1000.0,http://books.com.bd/28294
Fire Ase Duyare Tomar ফিরে আসি দুয়ারে তোমার,প্রশান্ত লাহিড়ী,150.0,http://books.com.bd/28293
Forein Servicee 35 Bosor Tak Miisti Jhal ফরেন সার্ভিসে ৩৫ বছর টক মিষ্টি ঝাল,এটিএম নজরুল ইসলাম,220.0,http://books.com.bd/28292
Poroshmoneer Poroshe পরশমণির পরশে,আরেফা বিল্লাহ,150.0,http://books.com.bd/28291
Pathvrosto Pathik পথভ্রষ্ট পথিক,এ. কে. শেরাম,150.0,http://books.com.bd/28290
Poth He Poth পথ হে পথ,নাসরীন জাহান,100.0,http://books.com.bd/28289
Poronto Bikele পড়ন্ত বিকেলে,তানজিনা আক্তার তানি,250.0,http://books.com.bd/28288
Nirbacito Kobita [IA] নির্বাচিত কবিতা,ইকবাল আজিজ,125.0,http://books.com.bd/28287
Nirbachito Kobita [Jahid H] নির্বাচিত কবিতা,জাহিদ হায়দার,100.0,http://books.com.bd/28286
Durbine Durdorshi দূরবীনে দূরদর্শী,শেখ ফজলুল হক মনি,250.0,http://books.com.bd/28285
Roknuzzaman Khan Dadavai Sarokgontho রোকনুজ্জামান খান দাদা ভাই স্মারকগ্রন্থ,লুৎফর রহমান রিটন,200.0,http://books.com.bd/28284
Dhakar Kotha [Agme] ঢাকার কথা,রফিকুল ইসলাম,800.0,http://books.com.bd/28283
Jolporee O Pranprova জলপরি ও প্রাণপ্রভা,আশরাফ আহমেদ,300.0,http://books.com.bd/28282
Monayem Sarkar : Jonmodeen Sommanona মোনায়েম সরকার জন্মদিন সম্মাননা,সৈয়দ জাহিদ হাসান,1000.0,http://books.com.bd/28281
Chil Pakhir Neel Thote চিল পাখির নীল ঠোঁটে,নাসরীন জাহান,80.0,http://books.com.bd/28280
Chalo Ishwar Banai চলো ঈশ্বর বানাই,খায়রুল আনাম,50.0,http://books.com.bd/28279
Criminal ক্রিমিনাল,আবদুল মওদুদ,120.0,http://books.com.bd/28278
Cricket and Cricketer ক্রিকেট ও ক্রিকেটার,রাধ্যেশ্যাম দেবনাথ,250.0,http://books.com.bd/28277
Keu Hoito Amak Thamte Bolbe কেউ হয়তো আমাকে থামতে বলবে,শামস আল মমীন,200.0,http://books.com.bd/28276
Krishnachandra Majumder কৃষ্ণচন্দ্র মজুমদার,সুশান্ত সরকার,160.0,http://books.com.bd/28275
Uttal Unosottor : Kishor Etihash উত্তাল ঊনসত্তর: কিশোর ইতিহাস,ড. মোহাম্মদ হাননান,80.0,http://books.com.bd/28274
Kibriya Smarok Boktita কিবরিয়া স্মারক বক্তৃতা,মোনায়েম সরকার,250.0,http://books.com.bd/28273
Eshiyar Vromon Golpo এশিয়ার ভ্রমণ গল্প,ইকতিয়ার চৌধুরী,160.0,http://books.com.bd/28272
Ujan Sroter Paree উজান স্রোতে পাড়ি,শ্যামলী নাসরীন চৌধুরী,100.0,http://books.com.bd/28271
Isaac Newton আইজ্যাক নিউটন,অনিন্দ্য আর্য্যু,100.0,http://books.com.bd/28270
Ashuvo Duyar Rudho Hok অশুভ দুয়ার রুদ্ধ হোক,শহীদুল আলম,250.0,http://books.com.bd/28269
Onnochokhe Bangladesh অন্যচোখে বাংলাদেশ,আশরাফ আহমেদ,300.0,http://books.com.bd/24272
Ekushe Shotoke Bangla O Bangladesh একুশ শতকে বাংলা বাঙালি ও বাংলাদেশ,মোস্তফা জব্বার,350.0,http://books.com.bd/28268
"Uponnashe Samajik Mullobodh শওকত ওসমান, সৈয়দ ওয়ালিউল্লাহ্‌ ও আবু ইসহাকের উপন্যাসে সামাজিক মূল্যবোধ",মোহাম্মদ মহিউদ্দিন,500.0,http://books.com.bd/28267
Eshitar Andhokar Shuye Ache ঈশিতার অন্ধকার শুয়ে আছে,সিকদার আমিনুল হক,60.0,http://books.com.bd/28266
Aleya [Agme] আলেয়া,কাজী নজরুল ইসলাম,60.0,http://books.com.bd/28265
Amader Muktisangrame Nazrul Songiter Vumika আমাদের মুক্তিসংগ্রামে নজরুল সঙ্গীতের ভূমিকা,তিতাস চৌধুরী,350.0,http://books.com.bd/28264
Amader Nod-Nodee আমাদের নদ-নদী,মাহবুব সিদ্দিকী,400.0,http://books.com.bd/28263
Rorenno Kobider Nirmankola আমাদের আধুনিক কবিতার দুই দশক : বরেন্য কবিদের নির্মাণকলা,আবিদ আনোয়ার,280.0,http://books.com.bd/28262
Amra Jara Pahare Uthechi আমরা যারা পাহাড়ে উঠেছি,সিকদার আমিনুল হক,60.0,http://books.com.bd/28261
Aam Atir Bhepu [AGME] আম আঁটির ভেঁপু,বিভূতিভূষণ বন্দ্যোপাধ্যায়,120.0,http://books.com.bd/28260
Atke Achi Modhonilimay আটকে আছি মধ্যনীলিমায়,আবিদ আনোয়ার,60.0,http://books.com.bd/28259
Haue হাউই,মনজুরে মওলা,150.0,http://books.com.bd/28258
Hridoydanite Sheto Aporajita হৃদয়দানিতে শ্বেত অপরাজিতা,মারুফ রসূল,275.0,http://books.com.bd/28257
Sagino Valee সাগিনো ভ্যালি,সুধাংশু শেখর বিশ্বাস,300.0,http://books.com.bd/28256
Sur-Sakee সুর-সাকী,কাজী নজরুল ইসলাম,80.0,http://books.com.bd/28255
Sondha সন্ধ্যা,কাজী নজরুল ইসলাম,75.0,http://books.com.bd/28254
Satat Danar Manush সতত ডানার মানুষ,সিকদার আমিনুল হক,150.0,http://books.com.bd/28253
Shreshtho Kobita [SAH] শ্রেষ্ঠ কবিতা,সিকদার আমিনুল হক,450.0,http://books.com.bd/28252
Shrestho Kobita [TN] শ্রেষ্ঠ কবিতা,তসলিমা নাসরিন,500.0,http://books.com.bd/28251
Shesh Sogat শেষ সওগাত,কাজী নজরুল ইসলাম,100.0,http://books.com.bd/28250
Shunner Vetor Deu শূণ্যের ভেতরে ঢেউ,মারুফ রসূল,200.0,http://books.com.bd/28249
Shayli Mala শিউলি মালা,কাজী নজরুল ইসলাম,80.0,http://books.com.bd/28248
Shahbag 2013 শাহবাগ ২০১৩,শাহাদুজ্জামান,200.0,http://books.com.bd/28247
Lalon-Bitorkko লালন-বিতর্ক,সৈয়দ জাহিদ হাসান,350.0,http://books.com.bd/28246
Lobon Panee লবণপানি,মোশাহিদা সুলতানা ঋতু,250.0,http://books.com.bd/28245
Rubaiyat-E-Hafiz রুবাইয়াৎ -ই- হাফিজ,কাজী নজরুল ইসলাম,60.0,http://books.com.bd/28244
Ruposhi Bangla [SJH] রূপসী বাংলা,জীবনানন্দ দাশ,100.0,http://books.com.bd/28243
Rudroprohor রুদ্রপ্রহর,মারুফ রসূল,1500.0,http://books.com.bd/28242
Rajnoitik Coulam [RKM] রাজনৈতিক কলাম,রাশেদ খান মেনন,200.0,http://books.com.bd/28241
Rosh Kosh Shinggara Bulbulu রস কষ শিঙাড়া বুলবুলি,শারিতা মিল্লাত ঋতু,200.0,http://books.com.bd/28240
Rochona Shomgro -2 [SAH] রচনা সমগ্র-2,সিকদার আমিনুল হক,800.0,http://books.com.bd/24292
Raochanasomogro1 [Sah] রচনাসমগ্র-১,সিকদার আমিনুল হক,1000.0,http://books.com.bd/28239
Jabona Keno? Jabo যাবো না কেন? যাবো,তসলিমা নাসরিন,200.0,http://books.com.bd/28238
Manobik Shikkar Khoje মানবিক শিক্ষার খোঁজে,মমতাজ লতিফ,250.0,http://books.com.bd/24264
Moshar Meye Punpuni মশার মেয়ে পুনপুনি ও আরো অনেক ছড়া,আবিদ আনোয়ার,120.0,http://books.com.bd/28237
Maru-Bashkor মরু-ভাস্কর,কাজী নজরুল ইসলাম,100.0,http://books.com.bd/28236
Madhumala মধুমালা,কাজী নজরুল ইসলাম,75.0,http://books.com.bd/28235
Madhobee Somogro মাধবী সমগ্র,আমজাদ হোসেন,150.0,http://books.com.bd/28234
Vasha O Biggan ভাষা ও বিজ্ঞান,ড. আলী আসগর,200.0,http://books.com.bd/28233
Bangar Gan ভাঙার গান,কাজী নজরুল ইসলাম,40.0,http://books.com.bd/28232
Brommoputrer Pare ব্রহ্মপুত্রের পাড়ে,তসলিমা নাসরিন,225.0,http://books.com.bd/28231
Bathar Dan ব্যথার দান,কাজী নজরুল ইসলাম,100.0,http://books.com.bd/28230
Bulbul বুলবুল,কাজী নজরুল ইসলাম,90.0,http://books.com.bd/28229
Bisher Bashee বিষের বাঁশী,কাজী নজরুল ইসলাম,75.0,http://books.com.bd/28228
Bigganer Bicitro Jogot Theke বিজ্ঞানের বিচিত্র জগৎ থেকে,ড. আলী আসগর,350.0,http://books.com.bd/28227
Bigganer Digonte বিজ্ঞানের দিগন্তে,ড. আলী আসগর,200.0,http://books.com.bd/28226
Bigghan Protidin বিজ্ঞান প্রতিদিন,ড. আলী আসগর,250.0,http://books.com.bd/28225
Bigghan O Samaj বিজ্ঞান ও সমাজ,ড. আলী আসগর,120.0,http://books.com.bd/28224
Bijoyini বিজয়িনী,ড. চিত্তরঞ্জন দাস,400.0,http://books.com.bd/28223
Rikter Bedon রিক্তের বেদন,কাজী নজরুল ইসলাম,100.0,http://books.com.bd/28222
Bangla Kobitar Adhunikaon বাঙলা কবিতার আধুনিকায়ন,আবিদ আনোয়ার,250.0,http://books.com.bd/28221
Badhon-Hara বাঁধন- হারা,কাজী নজরুল ইসলাম,125.0,http://books.com.bd/28220
Borgi Elo Deshe বর্গী এলো দেশে,রফিকুল হক,125.0,http://books.com.bd/28219
Fonee-Manosha ফণি-মনসা,কাজী নজরুল ইসলাম,100.0,http://books.com.bd/28218
"Piyana, Chokh O Jhorna Jole Snat Ek Propater Foyara প্রিয়ানা, চোখ ও ঝরনার জলে স্নাত এক প্রপাতের ফোয়ারা",মৌলি আজাদ,120.0,http://books.com.bd/28217
Prashcitto O Daridrer Joy অস্ত্রোভস্কির নাটক : প্রায়শ্চিত্ত ও দারিদ্রের জয়,হেলাল উদ্দীন আহমেদ,280.0,http://books.com.bd/28216
Prosongho Atnohotta প্রসঙ্গ : আত্মহত্যা,ডা. সুলতানা মনিরা,80.0,http://books.com.bd/28215
Prithibir Ek Jholok পৃথিবীর এক ঝলক,প্রশান্ত লাহিড়ী,600.0,http://books.com.bd/24278
Puber Haoya পূবের হাওয়া,কাজী নজরুল ইসলাম,60.0,http://books.com.bd/28214
Pach Miniter Golpo পাঁচ মিনিটের গল্প,খসরুজ্জামান চৌধুরী,300.0,http://books.com.bd/24276
Poiranik Prem পৌরাণিক প্রেম,সৈয়দ জাহিদ হাসান,250.0,http://books.com.bd/28213
Nishiddho নিষিদ্ধ,তসলিমা নাসরিন,350.0,http://books.com.bd/28212
Nirbacito Narir Kobita নির্বাসিত নারীর কবিতা,তসলিমা নাসরিন,100.0,http://books.com.bd/28211
Nirjjor নির্ঝর,কাজী নজরুল ইসলাম,100.0,http://books.com.bd/28209
Nirbachito Kobita [AA] নির্বাচিত কবিতা,আবিদ আনোয়ার,100.0,http://books.com.bd/28208
Nareer kono Dosh nei নারীর কোনও দেশ নেই,তসলিমা নাসরিন,300.0,http://books.com.bd/28207
Nokkhotrer Angar নক্ষত্রের অঙ্গার,মোস্তফা জব্বার,100.0,http://books.com.bd/28206
Nosto Meyer Nosto Goddho নষ্ট মেয়ের নষ্ট গদ্য,তসলিমা নাসরিন,320.0,http://books.com.bd/28205
Narod Nod নারদ নদ,মাহবুব সিদ্দিকী,180.0,http://books.com.bd/28204
Nobboi Doshoke Bangladesher Chatro Andolon নব্বই দশকে বাংলাদেশের ছাত্র আন্দোলন,ড. মোহাম্মদ হাননান,400.0,http://books.com.bd/28203
Nobojuger Bigghan নবযুগের বিজ্ঞান,আবির হাসান,100.0,http://books.com.bd/28202
Notun Chad নতুন চাঁদ,কাজী নজরুল ইসলাম,100.0,http://books.com.bd/28201
Dolon-Chapa দোলন-চাঁপা,কাজী নজরুল ইসলাম,75.0,http://books.com.bd/28200
Desher Mati দেশের মাটি,আবু সালেহ,60.0,http://books.com.bd/28199
Dingulee Mor Sonar Khachai দিনগুলি মোর সোনার খাঁচায়,শফিক সিদ্দিক,160.0,http://books.com.bd/28198
Thai cooking থাই কুকিং,শাহীন চৌধুরী,70.0,http://books.com.bd/28197
Tin Romoneer Charitrik Sonod তিন রমণীর চারিত্রিক সনদ,আকিদুল ইসলাম,100.0,http://books.com.bd/28196
Taslima Nasriner Lorai তসলিমা নাসরিনের লড়াই,মিলন আহমেদ,400.0,http://books.com.bd/24301
Dhakar Rajpother Itihash ঢাকার রাজপথের ইতিহাস,সৈয়দা নাজমুন নাহার,60.0,http://books.com.bd/28195
Digital Bangla ডিজিটাল বাংলা,মোস্তফা জব্বার,150.0,http://books.com.bd/28194
Jhilimili ঝিলিমিলি,কাজী নজরুল ইসলাম,60.0,http://books.com.bd/28193
Jhor ঝড়,কাজী নজরুল ইসলাম,70.0,http://books.com.bd/28192
Jinjir জিঞ্জীর,কাজী নজরুল ইসলাম,60.0,http://books.com.bd/28191
Jahangirnagar University Abanchito Ekjon জাহাঙ্গীরনগর বিশ্ববিদ্যালয় অবাঞ্চিত একজন,অধ্যাপক এম আনোয়ার হোসেন,350.0,http://books.com.bd/28190
Chotoder Nazrul Rochonabalee ছোটদের নজরুল রচনাবলী,খিলখিল কাজী,500.0,http://books.com.bd/28189
Cheleder Mohavarot [Agme] ছেলেদের মহাভারত,উপেন্দ্রকিশোর রায়চৌধুরী,250.0,http://books.com.bd/28188
Chayasonggi [Agme] ছায়াসঙ্গী,পান্না কায়সার,175.0,http://books.com.bd/28187
Chayanot ছায়ানট,কাজী নজরুল ইসলাম,100.0,http://books.com.bd/28186
Chayapothiker Batighor ছায়াপথিকের বাতিঘর,মারুফ রসূল,500.0,http://books.com.bd/28185
Chibuke Neeljonaki চিবুকে নীলজোনাকি,সাবিনা ইয়াসমিন,200.0,http://books.com.bd/28184
Chitrokolpo O Bicitro G চিত্রকল্প ও বিচিত্র গদ্য,আবিদ আনোয়ার,100.0,http://books.com.bd/28183
Chokrabak চক্রবাক,কাজী নজরুল ইসলাম,80.0,http://books.com.bd/28182
Golpoguccho [Agme] গল্পগুচ্ছ,সোমেন চন্দ,100.0,http://books.com.bd/28181
Jonogoner Moncho Theke Bolchi গণজাগরণ মঞ্চ থেকে বলছি,মারুফ রসূল,450.0,http://books.com.bd/24257
Kon Amti Kkhon Khaben কোন আমটি কখন খাবেন,মাহবুব সিদ্দিকী,150.0,http://books.com.bd/28180
Kabbo Shongsar কাব্যসংসার,আবিদ আনোয়ার,450.0,http://books.com.bd/24258
Kabbo Ampara কাব্য আমপারা,কাজী নজরুল ইসলাম,60.0,http://books.com.bd/28179
Kacha Dudher Gonhdho কাঁচা দুধের গন্ধ,মারুফ রসূল,400.0,http://books.com.bd/28178
Computer Projokhti : Ekush Shotok কম্পিউটার প্রযুক্তি একুশ শতক,মোস্তফা জব্বার,170.0,http://books.com.bd/28177
Computer Kotokatha কম্পিউটার কথকতা,মোস্তফা জব্বার,180.0,http://books.com.bd/28176
Computer Avidhan [Agme] কম্পিউটার অভিধান,হাসান কবির,200.0,http://books.com.bd/28175
Kobita Shongroho [KNI] কবিতা সংগ্রহ,কাজী নজরুল ইসলাম,600.0,http://books.com.bd/28174
Am আম,মাহবুব সিদ্দিকী,750.0,http://books.com.bd/28173
Occupy The Streets মানুষ নেটওয়ার্ক গ্রন্হমালা অকুপাই-উইকিলিকস-আ্যনার্কি সিরিজ অকুপাই দ্য স্ট্রিট,অরুন্ধতী রায়,100.0,http://books.com.bd/28172
Health Tips[Anan] হেলথ টিপস,ডা. মিজানুর রহমান কল্লোল,130.0,http://books.com.bd/24843
Adunik Arthonitir Poricoy 1 আধুনিক অর্থনীতির পরিচয় ১ম খন্ড,মোঃ আব্দুল আজিজ,150.0,http://books.com.bd/24844
Adunik Arthonitir Poricoy-2 আধুনিক অর্থনীতির পরিচয় ২য় খন্ড,মোঃ আব্দুল আজিজ,130.0,http://books.com.bd/24845
Adhunik Pashchatto Dorshoner Itihash আধুনিক পাশ্চাত্য দর্শনের ইতিহাস,ড. আবদুল হাই তালুকদার,100.0,http://books.com.bd/24846
Antorjatik Rajniti[Anan] আন্তর্জাতিক রাজনীতি,আনোয়ারা বেগম,300.0,http://books.com.bd/24847
Antorjatik Rajniti আন্তর্জাতিক রাজনীতি,প্রফেসর ফিরোজা বেগম,300.0,http://books.com.bd/12010
Josim Uddiner Kabbe Bishoi Boichitro O Shilporup জসীম উদ্দীনের কাব্যে বিষয়বৈচিত্র্য ও শিল্পরূপ,অনীক মাহমুদ,160.0,http://books.com.bd/24848
Dorshoner Ruprekha দর্শনের রূপরেখা,আব্দুল মতিন,200.0,http://books.com.bd/24849
Pryogbader Ruprekha প্রয়োগবাদের রুপরেখা,পারভেজ ইমাম,160.0,http://books.com.bd/24850
Somokalin Nitibiddar Ruprekha সমকালীন নীতিবিদ্যার রুপরেখা,ড: এম আবদুল হামিদ,140.0,http://books.com.bd/24852
Prokiti O Jibon Bangladesher jIbboicitro O Poribesh প্রকৃতিও জীবন বাংলাদেশের জীববৈচিত্র্য ও পরিবেশ,মুকিত মজুমদার বাবু,700.0,http://books.com.bd/24851
Progik Nitibidda প্রয়োগিক নীতিবিদ্যা,এ এস এম আব্দুল খালেক,275.0,http://books.com.bd/24853
Bisleshioni Dorshon[Anan] বিশ্লেষণী দর্শন,ড: এম আবদুল হামিদ,120.0,http://books.com.bd/24854
Valobasar Kobita Samoggron-1 SAF ভালোবাসার কবিতাসমগ্র,সৈয়দ আল ফারুক,300.0,http://books.com.bd/24855
Samabiggan Shobdokosh সমাজবিজ্ঞান শব্দকোষ,আনোয়ারউল্লাহ চৌধুরী,275.0,http://books.com.bd/10166
Ridoy Boro Kadche হৃদয় বড়ো কাঁদছে,হাসান হাফিজ,400.0,http://books.com.bd/24857
Akattorer Jibon একাত্তরের জীবন,অনারারি ক্যাপ্টেন এম এ ওহাব খান,200.0,http://books.com.bd/24858
Qur'Anik Abong Non-Qur'Anik Islam কুর’আনিক এবং নন-কুর’আনিক ইসলাম,বিগ্রেডিয়ার নাযির আহমদ,300.0,http://books.com.bd/24859
Che Guevarar Africr Diary চে গুয়েভেরার আফ্রিকার ডায়েরী,উইলিয়াম গ্যালভেজ,150.0,http://books.com.bd/24860
Tumi Aso Tumi Nei তুমি আছো তুমি নেই,ফিরোজ আশরাফ,100.0,http://books.com.bd/24861
Anonto Protikkha অনন্ত প্রতীক্ষা,সৈয়দ কালিমুল্লাহ,125.0,http://books.com.bd/24863
Oborod[Anon] অবরোধ,রিচার্ড কে টেইলর,200.0,http://books.com.bd/24864
AjO Bristi আজও বৃষ্টি,শামসুদ্দিন আহমেদ,400.0,http://books.com.bd/24865
"Amdudh,Rajniti Ebong Bagher Jhunjhuni আমদুধ, রাজনীতি এবং বাঘের ঝুনঝুনি",গোলাম মাওলা রনি,400.0,http://books.com.bd/24866
Amader Bangabandhu আমাদের বঙ্গবন্ধু,আমীরুল ইসলাম,300.0,http://books.com.bd/24867
Amar Smitite Faridpurer Mukhtisanggram O Sadinota Juddho আমার স্মৃতিতে ফরিদপুরের মুক্তিসংগ্রাম ও স্বাধীনতা যুদ্ধ,শাহ মোহাম্মদ আবু জাফর,450.0,http://books.com.bd/24868
Unish Shotoke Purbobonge Brammo Andolon উনিশ শতকে পূর্ববঙ্গে ব্রাহ্ম আন্দোলন,মুনতাসীর মামুন,1250.0,http://books.com.bd/10225
Akattorer Ekjon Mukhtijoddha একাওরের একজন মুক্তিযোদ্ধা,কর্নেল মোহাম্মদ আব্দুস সালাম,250.0,http://books.com.bd/24869
"Eso,Prem Dhore Dhore Hati এসো,প্রেম ধরে ধরে হাঁটি",ইমরোজ সোহেল,250.0,http://books.com.bd/24870
Kabbo Somoggro-6[Ms] কাব্যসমগ্র,মহাদেব সাহা,500.0,http://books.com.bd/24871
Chitto Jokhon Nitto Kore Sotto Bolar Ullase চিত্ত যখন নৃত্য করে সত্য বলার উল্লাসে,গোলাম মাওলা রনি,450.0,http://books.com.bd/24872
Jeebone Thaka জীবনে থাকা,দারা মাহমুদ,160.0,http://books.com.bd/24874
Julekha Badshar Meye জুলেখা বাদশার মেয়ে,জামাল রেজা,150.0,http://books.com.bd/24876
Jelkhanar Smitikhatha : Faridpur Theke Kashimpur জেলখানার স্মৃতিকথা : ফরিদপুর থেকে কাশিমপুর,শাহ মোহাম্মদ আবু জাফর,275.0,http://books.com.bd/24877
Jochnar Full জোছনার ফুল,অলিয়ার রহমান,100.0,http://books.com.bd/24878
Tasher Ghore Basher Khuti তাসের ঘরে বাঁশের খুঁটি,গোলাম মাওলা রনি,200.0,http://books.com.bd/24879
Timirbinashi Choncola তিমিরবিনাশী চঞ্চলা,আজিজুর রহমান আজিজ,250.0,http://books.com.bd/24880
Nari Tumi Ardhek Akash নারী তুমি অর্ধেক আকাশ,ডঃ নাসরিন জেবীন,125.0,http://books.com.bd/24882
Nari Tumi Joyta [Annanoy] নারী তুমি জয়িতা,ডঃ নাসরিন জেবীন,125.0,http://books.com.bd/24883
prothom Lekhar Golpo প্রথম লেখার গল্প,কাজল ঘোষ,275.0,http://books.com.bd/24884
Prince Williamer Angtir Khoje প্রিন্স উইলিয়ামের আংটির খোঁজে,মোস্তফা কামাল,150.0,http://books.com.bd/24885
Bangla Chotogolpo[Anon] বাংলা ছোটগল্প,ডঃ নাসরিন জেবীন,130.0,http://books.com.bd/24886
Bangladesh Ashtik-Nastik Dando Ebong Juddhapradider Bichar বাংলাদেশ আস্তিক-নাস্তিক দ্বন্দ্ব এবং যুদ্ধাপরাধীদের বিচার,শাহরিয়ার কবির,250.0,http://books.com.bd/24887
Bar Bar Fire Jai বার বার ফিরে যাই,ডা. আখতার আহমেদ বীর প্রতীক,275.0,http://books.com.bd/24888
Monforing মনফড়িং,মুহাম্মদ মেহেদী হাসান,400.0,http://books.com.bd/24889
Matir Sambar মাটির সম্ভার,মহাদেব সাহা,120.0,http://books.com.bd/24890
Manik Bandyopadhyar Chotogolpe Nimnobrgo মানিক বন্দোপাধ্যায়ের ছোটগল্পে নিম্নবর্গ,ডঃ নাসরিন জেবীন,300.0,http://books.com.bd/24891
Manusher Payer Aowaj মানুষের পায়ের আওয়াজ,মুহাম্মদ ইব্রাহীম,600.0,http://books.com.bd/24892
Muktijuddha:Ronaggon Netrokona মুক্তিযুদ্ধ: রণাঙ্গন নেত্রকোণা,আবু আককাস আহমেদ,180.0,http://books.com.bd/24893
Muktijuddhe Uttor Purbo Rnaggon মুক্তিযুদ্ধে উওর-পূর্ব রণাঙ্গন,মেজর (অব.) এম এ মোত্তালিব,150.0,http://books.com.bd/24894
Muuktijuddhe Mukhto Elaka মুক্তিযুদ্ধে মুক্ত এলাকা,এস এ কালাম,375.0,http://books.com.bd/24895
Mohineer Jonno মোহিনীর জন্য,ডঃ নাসরিন জেবীন,150.0,http://books.com.bd/24903
Ratvor Shopingmole রাতভর শপিংমলে,দারা মাহমুদ,150.0,http://books.com.bd/24904
Shotabdir Smiti শতাব্দির স্মৃতি,সাইদুর রহমান,300.0,http://books.com.bd/24905
Shanti Somriddhi Ebong Soivagger PoroShmini শান্তি সমৃদ্ধি এবং সৌভাগ্যের পরশমনি,গোলাম মাওলা রনি,400.0,http://books.com.bd/24906
Shikhiyechilam শিখিয়েছিলাম,মনজুরে মওলা,150.0,http://books.com.bd/24907
Shesh Bikeler Alo[Ano] শেষ বিকেলের আলো,ফারজানা করিম,200.0,http://books.com.bd/24908
Somkobita সমকবিতা,স. ম. শামসুল আলম,400.0,http://books.com.bd/24909
Sahitto Somaj O Biggan সাহিত্য সমাজ ও বিজ্ঞান,সুব্রত বড়ুয়া,500.0,http://books.com.bd/24911
Subod Goser Chotogolpe Manob-Monstotto সুবোধ ঘোষের ছোটগল্পে মানব-মনস্তত্ত্ব,মোমেনুর রসুল,280.0,http://books.com.bd/24912
Surma Nadir Gangchil সুরমা নদীর গাংচিল,ফকির আলমগীর,500.0,http://books.com.bd/24913
Surer Kumar: Sachin Dev Barman সুরের কুমার: শচীন দেব বর্মন,মুস্তাফা জামান আব্বাসী,250.0,http://books.com.bd/24914
Sonapurer Sultana সোনাপুরের সুলতানা,অরপি আহমেদ,200.0,http://books.com.bd/24915
Sonar Tikli Noy Madobilotar Guchho সোনার টিকলি নয় মাধবীলতার গুচ্ছ,মিলি সুলতানা,120.0,http://books.com.bd/24916
Smritir Nirzonota স্মৃতির নির্জনতা,জসিম মল্লিক,350.0,http://books.com.bd/24917
Princess of Inferno প্রিন্সেস অফ ইনফর্নো,পরিতোষ বাড়ৈ,150.0,http://books.com.bd/24918
Ajeyo[Anon] অজেয়,সন্তোষ কুমার শীল,150.0,http://books.com.bd/24919
Allan Po-r Golpo অ্যালান পো-র গল্প,খসরু চৌধুরী,150.0,http://books.com.bd/24920
"Akar,Porimap O Alor Katha আকার, পরিমাপ ও আলোর কথা",সৌমেন সাহা,150.0,http://books.com.bd/24922
Americar Diary আমেরিকার ডায়েরী,গোলাম মাওলা রনি,200.0,http://books.com.bd/24924
Ecchapuron ইচ্ছাপূরন,মুহম্মদ জাফর ইকবাল,125.0,http://books.com.bd/24925
Ivaner Bangbo ইভানের ব্যাংবৌ,মাহফুজুর রহমান,300.0,http://books.com.bd/24926
Ei Ghore Rat Par Hoi এই ঘরে রাত পার হয়,আনিসুর রহমান,120.0,http://books.com.bd/24927
Kathay Kathay Rat কথায় কথায় রাত,আফজাল হোসেন,200.0,http://books.com.bd/24928
Coffe Dudh R Badami Chini কফি দুধ আর বাদামী চিনি,দেবানন্দ সরকার,250.0,http://books.com.bd/24929
Kalo Biral [Anindo prok] কালো বিড়াল,হাসান খুরশীদ রুমী,280.0,http://books.com.bd/26715
Kalo Biral কালো বিড়াল,খসরু চৌধুরী,175.0,http://books.com.bd/24931
Kichu Hasi Kichu Rommo কিছু হাসি কিছু রম্য,মোস্তফা কামাল,160.0,http://books.com.bd/24932
Kono Jonaki A Anhdhkar Chene Na কোনো জোনাকি এ অন্ধকার চেনে না,আফজাল হোসেন,300.0,http://books.com.bd/24933
Kheali খেয়ালি,মকবুল হোসেন পাইক,200.0,http://books.com.bd/24934
Jatiyota Gonotontro O Rajniti জাতীয়তা গণতন্ত্র ও রাজনীতি,আহমদ শরীফ,400.0,http://books.com.bd/24935
Dhaka Drim ঢাকা ড্রিম,তাহমিনা আমীর,130.0,http://books.com.bd/24936
Gudduburar Hasisamoggro গুড্ডুবুড়ার হাসিসমগ্র,আনিসুল হক,250.0,http://books.com.bd/24937
Tobu Achena তবু অচেনা,খসরু চৌধুরী,150.0,http://books.com.bd/24938
dokhinamrito দক্ষিণামৃত,দেলোয়ার হোসেন মঞ্জু,125.0,http://books.com.bd/24939
Dur Kuashay দূর-কুয়াশায়,জাবেদ আমিন,125.0,http://books.com.bd/24940
Norom Titu Narom Litu নরম টিটু গরম লিটু,মোস্তফা মামুন,200.0,http://books.com.bd/24941
Namakabbo নামকাব্য -২,আলম সিদ্দিকী,120.0,http://books.com.bd/24942
Newyorker Kherokhata নিউইয়র্কের খেরোখাতা,হাসান ফেরদাউস,400.0,http://books.com.bd/24943
Nirbachito Vhut নির্বাচিত ভূত,হুমায়ূন আহমেদ,550.0,http://books.com.bd/24944
Nilser adventure নিলসের অ্যাডভেঞ্চার,সেলমা লাগের্লোফ,120.0,http://books.com.bd/24945
Nishinda Patar Ghran নিশিন্দা পাতার ঘ্রাণ,হোসনে আরা জাহান,100.0,http://books.com.bd/24946
Nil Khame Digital Valobasa নীল খামে ডিজিটাল ভালবাসা,শ্যামসুন্দর শিকদার,175.0,http://books.com.bd/24947
Neel Foring Kabboay নীল ফড়িং কাব্য,শানারেই দেবী শানু,150.0,http://books.com.bd/24948
Podartha O Rasayoner Mojar Khela পদার্থ ও রসায়নের মজার খেলা,সৌমেন সাহা,250.0,http://books.com.bd/24949
Pishach Kahini Pretsadok পিশাচ কাহিনি প্রেতসাধক,খসরু চৌধুরী,300.0,http://books.com.bd/24950
Preme Poreche Pathor প্রেমে পড়েছে পাথর,রাজীব মীর,200.0,http://books.com.bd/24951
Plane Crash প্লেন ক্র্যাশ,খসরু চৌধুরী,225.0,http://books.com.bd/24952
Bangla Bangli Bangalitto বাঙলা বাঙালী বাঙালীত্ব,আহমদ শরীফ,275.0,http://books.com.bd/24953
Bangladesher Chotogolpo [Anannya] বাংলাদেশের ছোটগল্প,বুলবুল চৌধুরী,750.0,http://books.com.bd/24954
Bashtto Sap বাস্তুসাপ,মঈনুল হাসান,160.0,http://books.com.bd/24955
Bishovora Rupkatha বিশ্বভরা রূপকথা : রূপকথা সমগ্র ২,আমীরুল ইসলাম,400.0,http://books.com.bd/24956
Bismoyer Bishopathe বিস্ময়ের বিশ্বপথে,হানিফ সঙ্কেত,150.0,http://books.com.bd/24957
Bysardho Theke Byas ব্যাসার্ধ থেকে ব্যাস,মোঃ আসাদুজ্জামান,250.0,http://books.com.bd/24958
Vul Manusher Upakhan ভুল মানুষের উপাখ্যান,সাগরিকা নাসরিন,175.0,http://books.com.bd/24959
Vuter kobole Dakat Sarder ভূতের কবলে ডাকাত সর্দার,ইমদাদুল হক মিলন,250.0,http://books.com.bd/24960
Mon Shithane Brishti Ashrudhara Hoye মন শিথানে বৃষ্টি নামে অশ্রুধারা হয়ে,সোহানী হোসেন,100.0,http://books.com.bd/24961
Moyurakhir Jole Mayabi Josna ময়ূরাক্ষীর জলে মায়াবী জ্যোৎস্না,শাহেদ ইকবাল,225.0,http://books.com.bd/24962
Ma Ebong Anannaya Golpo মা এবং অন্যান্য গল্প,সোহানী হোসেন,100.0,http://books.com.bd/24963
Misir Alir Golponama মিসির আলির গল্পনামা,হুমায়ূন আহমেদ,250.0,http://books.com.bd/24964
Megher Arale মেঘের আড়ালে,ইব্রাহিম ওবায়েদ,175.0,http://books.com.bd/24965
Meyetir Ek Robibar O Anannya Golpo মেয়েটির এক রবিবার ও অন্যান্য গল্প,আনিসুর রহমান,135.0,http://books.com.bd/24966
Rojonigondhapur রজনীগন্ধাপুর,ইমদাদুল হক মিলন,300.0,http://books.com.bd/24967
Rat Dupure রাত দুপুরে,ইমদাদুল হক মিলন,175.0,http://books.com.bd/24968
Risop Lavhay রিসপ লাভায়,শেগুফতা শারমিন,150.0,http://books.com.bd/24969
Limerik লিমেরিক,আলম সিদ্দিকী,200.0,http://books.com.bd/24970
Sot Khojar Poth Khoja সৎ খোঁজার পথ খোঁজা,হানিফ সঙ্কেত,130.0,http://books.com.bd/24971
Sader Paloke Purnimar Chad সাধের পালকে পূর্ণিমার চাঁদ,ডঃ নাসরিন জেবীন,250.0,http://books.com.bd/24972
Science Fiction Dona সায়েন্স ফিকশন ডোনা,দীপু মাহমুদ,225.0,http://books.com.bd/24973
Surzodoy সূর্যোদয়,মশিউর রহমান শান্ত,175.0,http://books.com.bd/24974
Surzashter Porer Firishti সূর্যাস্তের পরের ফিরিস্তি,কাজী জহিরুল ইসলাম,120.0,http://books.com.bd/24975
Harano Purano হারানো পুরানো,হাসান হাফিজ,200.0,http://books.com.bd/24976
Unish Shatake Purbabonger Samaj উনিশ শতকে পূর্ববঙ্গের সমাজ,মুনতাসীর মামুন,400.0,http://books.com.bd/24977
Dhomfatano Hasir Mirakkel Jokes দমফাটানো হাসির মীরাক্কেল জোকস্,রাজিব আহমেদ,350.0,http://books.com.bd/24978
Dur-Durante দূর- দূরান্তে,মুনতাসীর মামুন,300.0,http://books.com.bd/24979
Probase Priojon প্রবাসে প্রিয়জন,সাকিল চৌধুরী,175.0,http://books.com.bd/24981
Banduker Chayay Gonotantro বন্ধুকের ছায়ায় গনতন্ত্র,মুনতাসীর মামুন,700.0,http://books.com.bd/24982
Manus Tar Aser Soman Sundor Bissaser Soman Boro মানুষ তার আশার সমান সুন্দর বিশ্বাসের সমান বড়,রাজিব আহমেদ,275.0,http://books.com.bd/24983
Muktijuddho 1971 মুক্তিযুদ্ধ ১৯৭১,মুনতাসীর মামুন,300.0,http://books.com.bd/24984
Shikar kahini :Honter Onusoron শিকার কাহিনি : হাণ্টার অনুসরণ,খসরু চৌধুরী,350.0,http://books.com.bd/24985
Sofol Bebsayee Huaar Kola-Koushol সফল ব্যবসায়ী হওয়ার কলা-কৌশল,রাজিব আহমেদ,200.0,http://books.com.bd/24986
Safoller Hazaro Sutra সাফল্যের হাজারো সূত্র,রাজিব আহমেদ,250.0,http://books.com.bd/24987
Vulgulo Valobasagulo ভুলগুলো ভালোবাসাগুলো,আনিসুল হক,100.0,http://books.com.bd/24988
Zubraj যুবরাজ,ইমদাদুল হক মিলন,300.0,http://books.com.bd/24989
Kotoshoto Chora Tora কতশত ছড়া টড়া,আমীরুল ইসলাম,100.0,http://books.com.bd/11412
Jaflonger Bivishika জাফলঙ্গের বিভীষিকা,আলী ইমাম,45.0,http://books.com.bd/24992
Sabuze Sanggrame Sundarban সবুজে সংগ্রামে সুন্দরবন,আকিল চৌধুরী,100.0,http://books.com.bd/25002
Chirodener Kobita চিরদিনের কবিতা,শফিক রেহমান,150.0,http://books.com.bd/25006
Tumi Robe Nirobe [Anannya] তুমি রবে নীরবে,নাহিদ রিজওয়ান,200.0,http://books.com.bd/25007
Noimas নয়মাস,ইমদাদুল হক মিলন,175.0,http://books.com.bd/25008
Pori [Anannya] পরী,রাকিবুল ইসলাম মুকুল,100.0,http://books.com.bd/25009
Manusher Mukh [Anannya] মানুষের মুখ,ফরিদুর রেজা সাগর,250.0,http://books.com.bd/25010
Valobasa Terminal ভালোবাসা টার্মিনাল,শফিক রেহমান,150.0,http://books.com.bd/25014
Valobasa Park ভালোবাসা পার্ক,শফিক রেহমান,150.0,http://books.com.bd/25013
Yo Nolo So ইও নলো সো,মাহবুব রেজা,150.0,http://books.com.bd/25012
Gonoshongeeter Otit O Bortoman গনসঙ্গীতের অতীত ও বর্তমান,ফকির আলমগীর,300.0,http://books.com.bd/11128
Golpo Songgroho গল্প সংগ্রহ,আবদুল্লাহ আবু সায়ীদ,250.0,http://books.com.bd/25015
Ghumer Bhetore Hete Jai ঘুমের ভেতরে হেঁটে যাই,নাসরীন নঈম,150.0,http://books.com.bd/25016
Telivision Bhabna[Anana] টেলিভিশন ভাবনা,ফরিদুর রেজা সাগর,130.0,http://books.com.bd/25017
Diabeteser Mojadar Ranna ডায়াবেটিসের মজাদার রান্না,কেকা ফেরদৌসী,300.0,http://books.com.bd/25018
Desher Ganer Bishal Ghapi Ekso Ekti Sworlipi দেশের গানের বিশাল ঝাঁপি একশএকটি স্বরলিপি,এনামুল কবির,550.0,http://books.com.bd/25019
Pa [Annany] পা,সাদিয়া মাহজাবিন ইমাম,150.0,http://books.com.bd/25020
Dhakasomogro [AS] ঢাকাসমগ্র,আসলাম সানী,650.0,http://books.com.bd/10628
GolpoSomogro [SK] গল্পসমগ্র,শাহজাহান কিবরিয়া,350.0,http://books.com.bd/10661
Khaled Hossainer Kabita O Prosoggo Katha খালেদ হোসাইনের কবিতা ও প্রসঙ্গ কথা,হারুন পাশা,200.0,http://books.com.bd/11331
Kishor Sahitto Samagroo কিশোর সাহিত্য সমগ্র,বেবী মওদুদ,320.0,http://books.com.bd/11310
Coulam Somogro-2 [MA] কলামসমগ্র-২,মাহবুবুল আলম,250.0,http://books.com.bd/10675
"Kobir Broto Ache, Take Bibroto Koro na কবির ব্রত আছে, তাকে বিব্রত করো না",খালেদ হোসাইন,125.0,http://books.com.bd/10667
Kobita Somogro [AS] কবিতাসমগ্র,আসলাম সানী,450.0,http://books.com.bd/10666
Saira Scientist সায়রা সায়েন্টিস্ট,মুহম্মদ জাফর ইকবাল,80.0,http://books.com.bd/11050
Biponno Astitho বিপন্ন অস্তিত্ব,জুলফিয়া ইসলাম,200.0,http://books.com.bd/10534
Chutir Diner Golpo ছুটির দিনের গল্প,চন্দন মণ্ডল,125.0,http://books.com.bd/10232
Chobi Katha Bole ছবি কথা বলে,সুকান্তা করিম,200.0,http://books.com.bd/10140
Goragori Hasi গড়াগড়ি হাসি,ইকবাল খন্দকার,150.0,http://books.com.bd/10306
Gorbe Jibon Kemon Kore গড়বে জীবন কেমন করে,রফিকুর রশিদ,150.0,http://books.com.bd/10494
Crack platooner Bodi ক্র্যাক প্লাটুনের বদি,সোহেল মল্লিক,70.0,http://books.com.bd/10646
Kishor Probondhoshomogro কিশোর প্রবন্ধসমগ্র,সুজন বড়ুয়া,600.0,http://books.com.bd/10989
Muktijuddher Kobita [SP] মুক্তিযুদ্ধের কবিতা,ফজল শাহাবুদ্দীন,135.0,http://books.com.bd/10078
Golposhomogro [HK] গল্প সমগ্র,হামিদ কায়সার,850.0,http://books.com.bd/10249
Doshti Kishor Uponnash [SG] দশটি কিশোর উপন্যাস,সুনীল গঙ্গোপাধ্যায়,600.0,http://books.com.bd/9950
Sopnojatra[Anonna] স্বপ্নযাত্রা,সন্তোষ কুমার শীল,175.0,http://books.com.bd/25026
Jontrora Jevabe Kaj Kore যন্ত্ররা যেভাবে কাজ করে,সৌমেন সাহা,350.0,http://books.com.bd/25024
Valobasa Airport ভালোবাসা এয়ারপোর্ট,শফিক রেহমান,125.0,http://books.com.bd/25021
Valobasa Kafe ভালোবাসা কাফে,শফিক রেহমান,135.0,http://books.com.bd/25022
Balobasha Hotel ভালোবাসা হোটেল,শফিক রেহমান,150.0,http://books.com.bd/25023
Obhyasher Ondhokar অভ্যাসের অন্ধকার,সেলিম রেজা নিউটন,850.0,http://books.com.bd/24270
Ochena Dag অচেনা দাগ,সেলিম রেজা নিউটন,850.0,http://books.com.bd/24271
Women's Enpowerment উইমেন'স ইনপাওয়ারমেন্ট,এ কে রায়,150.0,http://books.com.bd/28171
The Man Father of Bangladesh দ্য ম্যান ফাদার অফ বাংলাদেশ,আলেয়া চৌধুরী,100.0,http://books.com.bd/28168
This Wide Wide World দিস ওয়াড ওয়াড ওয়ার্ল্ড,সৈয়দ আশরাফ আলী,200.0,http://books.com.bd/28169
Undeclared War: The blue Print দ্য ব্লু প্রিন্ট,অধ্যাপক আবু সাইয়িদ,200.0,http://books.com.bd/28170
The Dialectical Universe দ্য ডাইলেক্টিকাল ইউনিভার্স,"আবদুল মালেক, পিএইচডি",400.0,http://books.com.bd/28167
Selected Bangla Fiction সিলেক্টেট বাংলা ফিকশন,হেলাল উদ্দীন আহমেদ,250.0,http://books.com.bd/28164
Spring 1971 স্প্রিং ১৯৭১,ফারুক আজিজ খান,600.0,http://books.com.bd/28165
Some Thoughts On Science And Technology সাম থর্ট অন সাইন্স এন্ড টেকনলজি,ডঃ এম এ ওয়াজেদ মিয়া,100.0,http://books.com.bd/28162
Politics In Bangladesh And The Role Of Awami League পলিটিক্স ইন বাংলাদেশ এন্ড দ্য রুল অভ আওয়ামী লীগ,গোলাম আকবর চৌধুরী,300.0,http://books.com.bd/28161
Literacy Orientation Survey to Clarify Teachers Beliefs And Practices And Promoting Self-esteem In Young Children লিটারেসি অরেনটেশন সার্ভি টু ক্লারিফাই টিচার্স বিলিফস এন্ড প্রাকটিস এন্ড প্রমোটিং সেলফ-স্টিম ইন ইয়ং চিলড্রেন,ড. চান্দা ইসলাম,150.0,http://books.com.bd/28160
Life Under Captivity In Pakistan: 1971 লাইফ আনডার ক্যাপটিবিটি ইন পাকিস্তান:১৯৭১,হেলেন কাদের,150.0,http://books.com.bd/28159
Japan And The Emargence Of Bangladesh জাপান এন্ড দ্য ইমারজেন্সি অব বাংলাদেশ,ড. সুকুমার বিশ্বাস,300.0,http://books.com.bd/28157
Law will Never Make Men Free ল উইল নেভার মেক মেন ফ্রী,এ কে রায়,250.0,http://books.com.bd/28158
Fall of Ershad and Rule of Shahabuddin ফল অব ইরশাদ এন্ড রুল অব শাহাবুদ্দিন,মেজর জেনারেল মঞ্জুর রশিদ খান,200.0,http://books.com.bd/28156
Days in Prison ডেইজ ইন প্রিশন,বোরহান আহমেদ,200.0,http://books.com.bd/28154
Empty Glass ইমটি গ্লাস,আনিসুর রহমান,60.0,http://books.com.bd/28155
Glass House গ্লাস হাউজ,মোজাম্মেল হোসেন মিন্টু,200.0,http://books.com.bd/28153
Bangladesh At War [Agme] বাংলাদেশ এট ওয়ার,মেজর জেনারেল কে এম শফিউল্লাহ,250.0,http://books.com.bd/28152
"Bangladesh National Cinario, Foreign policey and SAARC বাংলাদেশ ন্যাশনাল সিনারিও , ফরেন পলিসি এন্ড সার্ক",সৈয়দ আনোয়ার হোসেন,200.0,http://books.com.bd/28151
Bangladesh : Flooded By Change বাংলাদেশ ফ্লাডেড বাই চেঞ্জ,বোস ক্রামসজো,500.0,http://books.com.bd/24308
An Anthology of Bangla Poems (1947-2015) এন এনথোলোজি অফ বাংলা পোয়েম্স ১৯৪৭-২০১৫,হেলাল উদ্দীন আহমেদ,400.0,http://books.com.bd/24341
A Memoir on khasru zzaman Choudhury খসরুজ্জামান চৌধুরী স্মারকগ্রন্থ,খসরুজ্জামান চৌধুরী,800.0,http://books.com.bd/28150
15th August a National Tragedy ১৫থ অগাস্ট এ ন্যাশনাল ট্রাজেডি,মেজর জেনারেল কে এম শফিউল্লাহ,400.0,http://books.com.bd/24335
Eksho Bochorer Rajniti একশ’ বছরের রাজনীতি,আবুল আসাদ,300.0,http://books.com.bd/15595
Ek Hate Jodi Chad Ene Dao এক হাতে যদি চাঁদ এনে দাও,শহীদ সিরাজী,100.0,http://books.com.bd/15458
Ak Tookro Meg এক টুকরো মেঘ,ডঃ মাহবুবুল হক,200.0,http://books.com.bd/28149
Pakhir Boyash Cilo Kom পাখির বয়স ছিলো কম,পি. আর. প্ল্যাসিড,200.0,http://books.com.bd/26104
Progotir Mohasoroke bangladesh প্রগতির মহাসড়কে বাংলাদেশ,শরীফ এনামুল কবির,400.0,http://books.com.bd/26105
Proshanto Bilash প্রশান্ত বিলাস,মাহমুদা রুনু,250.0,http://books.com.bd/26106
Prohelika প্রহেলিকা,খন্দকার ইনামুল হক,150.0,http://books.com.bd/26108
Priotir Jolnupur প্রিয়তির জলনূপুর,শাহজাহান চঞ্চল,200.0,http://books.com.bd/26109
Prem Maya Rabindronath O Annanny প্রেম মায়া রবীন্দ্রনাথ ও অন্যান্য,জুরানা কেকা,300.0,http://books.com.bd/26110
Boi Melai Porichoy বই মেলায় পরিচয়,পি. আর. প্ল্যাসিড,350.0,http://books.com.bd/26111
Bandumanggol Kabbo বন্ধুমঙ্গল কাব্য,সাইফুর রহমান কায়েস,250.0,http://books.com.bd/26112
Brahmanbariar Abdul Bari Ukil ব্রাহ্মণবাড়িয়ার আব্দুল বারী উকিল,জাফর সাদিক,300.0,http://books.com.bd/26113
Buk Pahare Dosshi Jhorna বুক পাহাড়ে দস্যি ঝরনা,হিমেল রিছিল,150.0,http://books.com.bd/26114
Beboharik Garo Avidhan ব্যবহারিক গারো অভিধান,হিমেল রিছিল,1000.0,http://books.com.bd/26115
Maha Birshrestho মহা বীরশ্রেষ্ঠ,কাপ্তান নূর,250.0,http://books.com.bd/26117
Dr. Humayun Azad Rakter Jolpropat ড. হুমায়ুন আজাদ রক্তের জলপ্রপাত,সাজ্জাদ কবীর,200.0,http://books.com.bd/26118
Rajotkaka Nikhoj রজতকাকা নিখোঁজ,ইভান জি সরদার,100.0,http://books.com.bd/26119
Rushdesher Rupkatha রুশদেশের রূপকথা,ইভান জি সরদার,300.0,http://books.com.bd/26120
Sat Rangge Bada সাত রঙে বাঁধা,মাজেদা আজিজ,150.0,http://books.com.bd/26121
Sapno Satta Nodi O Annyano Kabita স্বপ্ন সত্তা নদী ও অন্যান্য কবিতা,আবেদ চৌধুরী,100.0,http://books.com.bd/26122
Shadinotajuddhe Khetabprapto Bir Muktijoddha -1 স্বাধীনতাযুদ্ধে খেতাবপ্রাপ্ত বীর মুক্তিযোদ্ধা ১ম খণ্ড,আনোয়ার শাহজাহান,600.0,http://books.com.bd/26123
Jete Hobe Bohudur [AHB] যেতে হবে বহু দূর,আহসান হাবিব বুলবুল,100.0,http://books.com.bd/28139
Swapna Shafalata O Bastabata স্বপ্ন সফলতা ও বাস্তবতা,মুহাম্মদ আবদুল বাসেত,80.0,http://books.com.bd/28141
Islam E Shikkha O Shongskriti ইসলামে শিক্ষা ও সংস্কৃতি,আবুল হোসেন,250.0,http://books.com.bd/15468
Elmul Hadith ইলমুল হাদীস,মোঃ নুরুল ইসলাম,150.0,http://books.com.bd/28148
Ar Keu Dakbe Na আর কেউ ডাকবে না,আনোয়ার বিন এ. খালেক,180.0,http://books.com.bd/28147
Ami Ghar Palanor Monir আমি ঘর পালানো মনির,কাজী মুহাম্মদ সোলাইমান,90.0,http://books.com.bd/28146
Al Quran A Akherater Chitra আল কুরআনে আখেরাতের চিত্র,অধ্যাপক মুহাম্মদ আবুল হোসাইন,750.0,http://books.com.bd/28145
Arakaner Musolmander Etihash আরাকানের মুসলমানদের ইতিহাস,ড. মাহফুজুর রহমান আখন্দ,350.0,http://books.com.bd/15638
America Amar Kichu Kotha আমেরিকা আমার কিছূ কথা,সৈয়দ আলী আহসান,80.0,http://books.com.bd/15598
Hatem Taye হাতেম তা’য়ী,ফররুখ আহমেদ,350.0,http://books.com.bd/15464
Hridoy Namer Sorobore [CA] হৃদয় নামের সরোবরে,চেমন আরা,145.0,http://books.com.bd/15465
Ridoy Thakey Lekha হৃদয় থেকে লেখা,আনোয়ার বিন এ. খালেক,180.0,http://books.com.bd/28144
Sritikona স্মৃতিকণা,চৌধুরী নুরুল আজিম কাদেরী,400.0,http://books.com.bd/15499
Sonali Diner Sonar Manish সোনালী দিনের সোনার মানুষ,ডঃ মাহবুবুল হক,200.0,http://books.com.bd/28143
Sonali Shahjada সোনালী শাহজাদা,সাজ্জাদ হোসাইন খান,200.0,http://books.com.bd/15498
Surjer Potaka Lal সূর্যের পতাকা লাল,আল মুজাহিদী,90.0,http://books.com.bd/15501
Civil Petition Drafting সিভিল পিটিশন ড্রাফটিং,মোঃ আব্দুল্লাহেল ওয়াফী খান,140.0,http://books.com.bd/15517
Civil Arjee Drafting সিভিল আরজী ড্রাফটিং,মোঃ আব্দুল্লাহেল ওয়াফী খান,170.0,http://books.com.bd/28142
Bangladesher Rajniti Sonkot O Bisheleshon বাংলাদেশের রাজনীতি সংকট ও বিশ্লেষণ,তালুকদার মনিরুজ্জামান,140.0,http://books.com.bd/28140
Sraboner Megla Rat শ্রাবণের মেঘলা রাত,আনোয়ার বিন এ. খালেক,120.0,http://books.com.bd/15657
Shesh Prantor শেষ প্রান্তর,নসীম হিজাযী,200.0,http://books.com.bd/15521
Shahed Alir Shreshtho Golpo শাহেদ আলীর শ্রেষ্ঠ গল্প,অধ্যাপক শাহেদ আলী,400.0,http://books.com.bd/15534
Rohinga Jatir Itihash রোহিঙ্গা জাতির ইতিহাস,এন. এম. হাবিব উল্লাহ,120.0,http://books.com.bd/15557
Romjaner Shikkha O Mumin Jibon রমযানের শিক্ষা ও মুমিন জীবন,আমিনুল ইসলাম,115.0,http://books.com.bd/15493
Itihasher Nirikhe Robinro-Najrul Chorito ইতিহাসের নিরিখে রবীন্দ্র-নজরুল চরিত,সরকার শাহাবুদ্দীন আহমেদ,300.0,http://books.com.bd/15566
Rojob Ali Tinputer Bap রজব আলী তিনপুতের বাপ,ফজলুর রহমান জুয়েল,100.0,http://books.com.bd/15492
Juddhobiridee Kabita O Annano যুদ্ধবিরোধী কবিতা ও অন্যান্য,আল মুজাহিদী,130.0,http://books.com.bd/28138
Jokhon Shangbadik Chilam যখন সাংবাদিক ছিলাম,সানাউল্লাহ,150.0,http://books.com.bd/15601
Muhammad Ibn Kasim [nh] মুহম্মদ ইবন কাসিম,নসীম হিজাযী,150.0,http://books.com.bd/15524
Ashru Veja Smritir Pata অশ্র“ভেজা স্মৃতির পাতা,তাসলিমা আক্তার মুক্তি,125.0,http://books.com.bd/25801
Itihash O Oiijjho Manikganj ইতিহাস ও ঐতিহ্যে মানিকগঞ্জ,মুহম্মদ আবদুল বাতেন,325.0,http://books.com.bd/25803
Ekanto Jibone Apon Vubone Rabindronath একান্ত জীবনে আপন ভুবনে রবীন্দ্রনাথ,রাশেদা খালেক,200.0,http://books.com.bd/25804
Eso Masic Shikhi এসো ম্যাজিক শিখি,প্রদীপ চন্দ্র সরকার,125.0,http://books.com.bd/25805
Computerer Itihash O Cromobikash কম্পিউটারের ইতিহাস ও ক্রমবিকাশ,এম. এইচ. রবিন,275.0,http://books.com.bd/25806
Goniter Sangkhipto Itihash গণিতের সংক্ষিপ্ত ইতিহাস,প্রফেসর এ. এফ. এম. আবদুর রহমান,200.0,http://books.com.bd/25808
Chilir Sangram চিলির সংগ্রাম,রেদওয়ানুর রহমান,250.0,http://books.com.bd/25809
চে গুয়েভারার ডায়েরি Che Guevara Diary,ফিদেল কাস্ত্রো,125.0,http://books.com.bd/25810
Jokes [Somotot] জোকস,খুশবন্ত সিং,250.0,http://books.com.bd/25811
Dash Bidroho O Spartacus দাস বিদ্রোহ ও স্পার্টাকাস,রেদওয়ানুর রহমান,250.0,http://books.com.bd/25813
Dui Hazar Choy দুই হাজার ছয়,শাহীদা বেগম,100.0,http://books.com.bd/25814
Nishobdo নিঃশব্দ,সাইফুদ্দিন রাজিব,450.0,http://books.com.bd/25815
Nurul Haquer Juddhojatra নূরুল হকের যুদ্ধযাত্রা,মুহম্মদ আনোয়ার আলি,350.0,http://books.com.bd/25816
Parossho Sovvota পারস্য সভ্যতা,আবু ইকবাল,150.0,http://books.com.bd/25817
Bigganer Mojar Mojar Porikkha বিজ্ঞানের মজার মজার পরীক্ষা,খায়রুল আলম মনির,300.0,http://books.com.bd/25818
Vietnam Biplob ভিয়েতনাম বিপ্লব,রেদওয়ানুর রহমান,150.0,http://books.com.bd/25819
Mimiyar Biggan project Khela মিমিয়ার বিজ্ঞান প্রজেক্ট খেলা,খায়রুল আলম মনির,300.0,http://books.com.bd/25820
Edgar Allan Po Rochona Shomogro-2 অ্যাডগার অ্যালান পো রচনাসমগ্র ২,জাকির শামীম,650.0,http://books.com.bd/16997
Edgar Allan Po Rochona Shomogro-1 অ্যাডগার অ্যালান পো রচনাসমগ্র ১,জাকির শামীম,700.0,http://books.com.bd/25822
Rushe Biplob রুশ বিপ্লব,রেদওয়ানুর রহমান,250.0,http://books.com.bd/25823
La Mijerbal লা মিজারেবল,ভিক্টর হুগো,175.0,http://books.com.bd/25824
SherShah শেরশাহ,সাদিয়া আফরোজ,200.0,http://books.com.bd/25825
Sreshthogolpo [JD] শ্রেষ্ঠ গল্প,জ্যোতিপ্রকাশ দত্ত,350.0,http://books.com.bd/25826
Sera Hasir Golpo [Somotot] সেরা হাসির গল্প,শিবরাম চক্রবর্তী,150.0,http://books.com.bd/25827
Somen Chander Chelebela সোমেন চন্দের ছেলেবেলা,আমিনুর রহমান সুলতান,100.0,http://books.com.bd/25828
Smritikathai Cuba Biplob স্মৃতিকথায় কিউবা বিপ্লব,আর্নেস্তো চে গুয়েভারা,350.0,http://books.com.bd/25829
Haste Haste Goragori হাসতে হাসতে গড়াগড়ি,মাসুদুল হাসান রনি,200.0,http://books.com.bd/25830
Kishor Classic White Fang কিশোর ক্ল্যাসিক হোয়াইট ফ্যাঙ,জ্যাক লন্ডন,225.0,http://books.com.bd/25831
Bangladesh Past Through Present বাংলাদেশ পাস্ট থর্ট প্রেসেন্ট,সৈয়দ আনোয়ার হোসেন,400.0,http://books.com.bd/25832
Anshuman Bangladesh অংশুমান বাংলাদেশ,সৈয়দ আনোয়ার হোসেন,250.0,http://books.com.bd/25833
O Barsha O Basonto ও বর্ষা ও বসন্ত,মহাদেব সাহা,160.0,http://books.com.bd/25834
Kabitar Sobuj Prantor কবিতার সবুজ প্রান্তর,জাহানারা তোফায়েল,300.0,http://books.com.bd/25835
Kobe Shesh Hobe Krishno Pokkho কবে শেষ হবে কৃষ্ণপক্ষ,শামসুর রহমান,150.0,http://books.com.bd/25836
Kalo Golap [AI] কালো গোলাপ,আলী ইদরিস,250.0,http://books.com.bd/25837
Chithipotro Rabindranath and Dr. Dineshchandra Sen চিঠিপত্র রবীন্দ্রনাথ ও ড. দীনেশচন্দ্র সেন,দেবকন্যা সেন,150.0,http://books.com.bd/25838
Chhoraey Shikhi ছড়ায় শিখি,মোঃ সাখাওয়াৎ হোসেন,150.0,http://books.com.bd/25839
Chayamanush [SN] ছায়ামানুষ,শওকত নূর,140.0,http://books.com.bd/25840
Jibon Jhapone Shilpokola জীবনযাপনের শিল্পকলা,কবীর চৌধুরী,250.0,http://books.com.bd/25841
Jhotpot Mojadar Nasta ঝটপট মজাদার নাস্তা,গাজী আমেনা পারভেজ,250.0,http://books.com.bd/25844
Tomake Khuje Berai তোমাকে খুঁজে বেড়াই,প্রকৌঃ কাজী নজরুল ইসলাম,150.0,http://books.com.bd/25845
Dinanter Pandulipi দিনান্তের পান্ডুলিপি,নাসিম জাহান নীনা,200.0,http://books.com.bd/25846
Natun Prithibi নতুন পৃথিবী,সুলতান আহমেদ,120.0,http://books.com.bd/25847
Nana Rokom Golpo নানা রকম গল্প,জাহানারা তোফায়েল,300.0,http://books.com.bd/25848
Nishinda Nari [ABP] নিশিন্দা নারী,আল মাহমুদ,200.0,http://books.com.bd/25849
Prem O Biroher Kabita [ms] প্রেম ও বিরহের কবিতা,মহাদেব সাহা,350.0,http://books.com.bd/25850
Bangabandhu O Ajker Bangladesh বঙ্গবন্ধু ও আজকের বাংলাদেশ,সৈয়দ আনোয়ার হোসেন,200.0,http://books.com.bd/25851
Bangladesh Rastro Rajniti Gonotontro O Sushason বাংলাদেশ রাষ্ট্র রাজনীতি গণতন্ত্র ও সুশাসন,সৈয়দ আনোয়ার হোসেন,150.0,http://books.com.bd/25852
Bangladesher Lokosangskiti বাংলাদেশের লোকসংস্কৃতি,অধ্যাপক নিসার উদ্দিন,200.0,http://books.com.bd/25853
Bristi Jhara Ratree বৃষ্টি ঝরা রাত্রি,মোঃ সরওয়ার হক চৌধুরী,120.0,http://books.com.bd/25854
Bank Babostha Sushason O Noitiktar Chorca ব্যাংক ব্যবস্থায় সুশাসন ও নৈতিকতার চর্চা,রেজাউল করিম খোকন,300.0,http://books.com.bd/25855
Bhasha Andolon Omor Ekushey O Antorjatik Matribhasha Dibosh ভাষা আন্দোলন অমর একুশে ও আন্তির্জাতিক মাতৃভাষা ‍দিবস,সৈয়দ আনোয়ার হোসেন,250.0,http://books.com.bd/25856
Matribasha Rashtrabhasha O Antorjatik Bhasha মাতৃভাষা রাষ্ট্রভাষা ও আন্তর্জাতিক ভাষা,যতীন সরকার,250.0,http://books.com.bd/25857
Muktijuddher Shisukishor Golpo মুক্তিযুদ্ধের শিশুকিশোর গল্প,মোহাম্মাদ জিল্লুর রহমান,200.0,http://books.com.bd/25858
Meyeti Juddhe Geyechilo মেয়েটি যুদ্ধে গিয়েছিল,বিপ্রদাশ বড়ুয়া,250.0,http://books.com.bd/25859
Rabindranath O Nazrul Samporko রবীন্দ্রনাথ ও নজরুল সম্পর্ক,রতনতনু ঘোষ,150.0,http://books.com.bd/25860
Rose Sokale Kuyakatai Surjjo Othe রোজ সকালে কুয়াকাটায় সূর্য ওঠে,জাহানারা তোফায়েল,160.0,http://books.com.bd/25861
Shada Kofin O Muktijhuddhara সাদা কফিন ও মুক্তিযোদ্ধারা,বিপ্রদাশ বড়ুয়া,450.0,http://books.com.bd/25862
Science Fiction [AH] সায়েন্স ফ্রিকশন,আহসান হাবীব,180.0,http://books.com.bd/25863
Proteechy Puran প্রতীচ্য পুরাণ,ফরহাদ খান,200.0,http://books.com.bd/27424
Ek Dukkho Dupur এক দুঃখ দুপুর,নাঈমা আফরোজ সম্পা,100.0,http://books.com.bd/25276
"Balobashi,Balobashi ভালোবাসি, ভালোবাসি",আনিসুল হক,600.0,http://books.com.bd/25407
Jadur Kingkhab জাদুর কিংখাব,মুহম্মদ আলমগীর তৈমূর,270.0,http://books.com.bd/25410
Maer Hater Ranna মায়ের হাতের রান্না,ফরিদা বেগম,250.0,http://books.com.bd/28137
Manobadhikar O Islam মানবাধিকার ও ইসলাম,অধ্যাপক মোহাম্মাদ মতিউর রহমান,200.0,http://books.com.bd/19564
Alo Hate Ek Mayaboti Nari:Florenhs Naitinggel আলো হাতে এক মায়াবতী নারী : ফ্লোরেন্স নাইটিংগেল,বিপাশা চক্রবর্তী,100.0,http://books.com.bd/25160
Se Amar Choto Bon সে আমার ছোট বোন,সুজন বড়ুয়া,80.0,http://books.com.bd/25305
Chhoy Thangwala Neel Saap ছয় ঠ্যাংঅলা নীল সাপ,কাজী জহিরুল ইসলাম,100.0,http://books.com.bd/25142
Quran Hadiser Aloke Char Kholifar Jibon Kotha কুরআন হাদীসের আলোকে চার খলিফার জীবন কথা,মুহম্মদ জালালউদ্দীন বিশ্বাস,150.0,http://books.com.bd/25133
Ebong Paris এবং প্যারিস,নির্মলেন্দু গুণ,250.0,http://books.com.bd/25129
Kabar Sthopoti কাবার স্থপতি,সানিয়াসনাইন খান,60.0,http://books.com.bd/25130
Kishor Kobitasomoggro[MS] কিশোর কবিতাসমগ্র,মহাদেব সাহা,150.0,http://books.com.bd/25131
KishorSomoggro-2[SG] কিশোরসমগ্র,সুনীল গঙ্গোপাধ্যায়,450.0,http://books.com.bd/25132
Qurane Nobider Kotha কুরআনে নবীদের কথা,মুহম্মদ জালালউদ্দীন বিশ্বাস,250.0,http://books.com.bd/25134
Khude Beerder KahinI খুদে বীরদের কাহিনী,মু. মনিরুজ্জামান,175.0,http://books.com.bd/25135
Golpoguccho[Banglaprakash] গল্পগুচ্ছ,রবীন্দ্রনাথ ঠাকুর,500.0,http://books.com.bd/25136
Gram-Banglar Golpo গ্রাম-বাঙলার গল্প,আলীভাই আসগার,200.0,http://books.com.bd/25137
Gasforinger Jonmodin ঘাসফড়িঙের জন্মদিন,জসিম আল ফাহিম,80.0,http://books.com.bd/25138
Gumonto Guhabasi ঘুমন্ত গুহাবাসী,আবু সালেহ,50.0,http://books.com.bd/25139
Choriye Dilam Chora ছড়িয়ে দিলাম ছড়া,চয়ন বিকাশ ভদ্র,120.0,http://books.com.bd/25140
Chobi Choray Bornomala ছবি ছড়ায় বর্ণমালা,শৈলেন্দ্র হালদার,120.0,http://books.com.bd/25141
Jadumanik Sadinota [Banglaprakash] জাদুমানিক স্বাধীনতা,বিপ্রদাশ বড়ুয়া,40.0,http://books.com.bd/25143
Julious Ceaser জুলিয়াস সিজার,উইলিয়াম শেক্সপিয়ার,60.0,http://books.com.bd/17045
Duarser Jungaley Pantua ডুয়ার্সের জঙ্গলে পানতুয়া,উদয়ারুণ রায়,90.0,http://books.com.bd/25144
Tusher Augun তুষের আগুন,আল মাহমুদ,60.0,http://books.com.bd/25145
Tomar Bari Kothai তোমার বাড়ি কোথায়,কাজরী রায়চৌধুরী,75.0,http://books.com.bd/25146
Dui Bagichar Golpo দুই বাগিচার গল্প,সানিয়াসনাইন খান,100.0,http://books.com.bd/25147
Dud O Modhur Nodi দুধ ও মধুর নদী,সানিয়াসনাইন খান,90.0,http://books.com.bd/25148
The Tempest দ্য টেমপেস্ট,উইলিয়াম শেক্সপিয়ার,60.0,http://books.com.bd/25150
The Story of My Life দ্য স্টোরি অব মাই লাইফ,হাসান মেহেদী,200.0,http://books.com.bd/25151
Darmik Bakhti O Tar Sontanera ধার্মিক ব্যক্তি ও তাঁর সন্তানেরা,সানিয়াসনাইন খান,50.0,http://books.com.bd/25152
Nuher Noika নূহের নৌকা,সানিয়াসনাইন খান,60.0,http://books.com.bd/25153
Piprer Atonko পিঁপড়ের আতংক,সানিয়াসনাইন খান,60.0,http://books.com.bd/25154
Putrer Proti Lokmaner Upodesh পুত্রের প্রতি লোকমানের উপদেশ,আশরাফুল আলম পিন্টু,60.0,http://books.com.bd/25155
Prithibir Prothom Manob পৃথিবীর প্রথম মানব,সানিয়াসনাইন খান,90.0,http://books.com.bd/25156
Pranider Bicitro Jibon প্রাণীদের বিচিত্র জীবন,আরিফ হাসান,200.0,http://books.com.bd/25157
Premer Pach Uponnash[banglaprokash] প্রেমের পাঁচ উপন্যাস,সুনীল গঙ্গোপাধ্যায়,500.0,http://books.com.bd/25158
Ferester Prathona ফেরেশতার প্রার্থনা,সানিয়াসনাইন খান,50.0,http://books.com.bd/25159
Bangladesh Namti Jevabe Holo বাংলাদেশ নামটি যেভাবে হলো,জান্নাতুন নাঈম প্রীতি,60.0,http://books.com.bd/25161
Bangladesher Adibasi Nari বাংলাদেশের আদিবাসী নারী,ঈশানী চক্রবর্তী,250.0,http://books.com.bd/25162
Banorder Kuya Theke Chad Tola বানরদের কুয়ো থেকে চাঁদ তোলা,সিয়া সিয়া,80.0,http://books.com.bd/25163
Bir Bichchhu বীর বিচ্ছু,সাইফুল্লাহ মাহমুদ দুলাল,75.0,http://books.com.bd/25164
Burima O Baghchana Golpo বুড়িমা ও বাঘছানার গল্প,হাসান মেহেদী,70.0,http://books.com.bd/25165
Mohan Nobi মহান নবী,সানিয়াসনাইন খান,90.0,http://books.com.bd/25166
Mohanobi (S) Ebong Ando Lokti মহানবী (স.) এবং অন্ধ লোকটি,সানিয়াসনাইন খান,100.0,http://books.com.bd/25167
Ma O Ami মা ও আমি,হুমায়ুন কবীর ঢালী,90.0,http://books.com.bd/25168
Makorsar Basa মাকড়সার বাসা,সানিয়াসনাইন খান,60.0,http://books.com.bd/25169
Mithekora Eksho Chora মিঠেকড়া একশ ছড়া,আবেদীন জনি,200.0,http://books.com.bd/25171
Misti Khurer Vut Porira মিষ্টি খুড়োর ভূত পরীরা,শরিফ খান,100.0,http://books.com.bd/25172
Muktijuddha Osru Vora মুক্তিযুদ্ধ অশ্রু বর্ষা,এ্যাডভোকেট শামীমা আক্তার শিউলী,250.0,http://books.com.bd/25173
Meyeti Fire Asechilo মেয়েটি ফিরে এসেছিল,ইমদাদুল হক মিলন,120.0,http://books.com.bd/25174
Macbeth ম্যাকবেথ,উইলিয়াম শেক্সপিয়ার,60.0,http://books.com.bd/25175
Jogajog[bangla prokash] যোগাযোগ,রবীন্দ্রনাথ ঠাকুর,200.0,http://books.com.bd/25176
Rakhal O Jadur Am Gash রাখাল ও জাদুর আম গাছ,হুমায়ুন কবীর ঢালী,60.0,http://books.com.bd/25177
Rajar Jadukorera রাজার জাদুকরেরা,সানিয়াসনাইন খান,50.0,http://books.com.bd/25178
Lohar Deyal লোহার দেয়াল,সানিয়াসনাইন খান,50.0,http://books.com.bd/25179
Shipu Jabe Mohakashe শিপু যাবে মহাকাশে,সৌর শাইন,180.0,http://books.com.bd/25180
Shilpacharje Chobi Brahmaputrer Jole Bisorjon Deoya Hok শিল্পাচার্যের ছবি ব্রহ্মপুত্রের জলে বিসর্জন দেওয়া হোক,বুলবন ওসমান,200.0,http://books.com.bd/25181
Shebar Rani O Hudhud Pakhi শেবার রানী ও হুদহুদ পাখি,সানিয়াসনাইন খান,50.0,http://books.com.bd/25182
Sarbojoya সর্বজয়া,জোহরা শিউলী,120.0,http://books.com.bd/25183
Shahosi Balak সাহসী বালক,সানিয়াসনাইন খান,50.0,http://books.com.bd/25184
Sonamonider Jonno Projoniy Doya সোনামণিদের জন্য প্রয়োজনীয় দোয়া,আবু সালেহ,60.0,http://books.com.bd/25185
Hatir Ojon Koto হাতির ওজন কত,হুমায়ুন কবীর ঢালী,75.0,http://books.com.bd/25186
Hameliner Bashiwala হ্যামেলিনের বাঁশিওয়ালা,সামিন ইয়াসার,75.0,http://books.com.bd/25187
Hud(A:) Ebong Bongokor Ek Jhor হুদ (আ.) এবং ভয়ংকর এক ঝড়,সানিয়াসনাইন খান,50.0,http://books.com.bd/25188
Islam:Itihash Oitijjho O Songskiti ইসলাম : ইতিহাস ঐতিহ্য ও সংস্কৃতি,মুহম্মদ জালালউদ্দীন বিশ্বাস,300.0,http://books.com.bd/25189
Ujaiyer Gadha উজাইয়ের গাধা,সানিয়াসনাইন খান,50.0,http://books.com.bd/25190
Unnoyoner Mohasoroke Bangladesh উন্নয়নের মহাসড়কে বাংলাদেশ,রাজু আলীম,300.0,http://books.com.bd/25191
Upomohadesher Jatiyatabadi O Bamdara Rajniti:Prekkhite Bangladesh উপমহাদেশের জাতীয়তাবাদী ও বামধারা রাজনীতি : প্রেক্ষিত বাংলাদেশ,মোহাম্মদ জয়নুল আবেদিন,800.0,http://books.com.bd/25192
Ritur Ronge Fuler Shova ঋতুর রঙে ফুলের শোভা,মোকারম হোসেন,180.0,http://books.com.bd/25193
A Portrait of the Artist As A Youngman এ পোর্ট্রেট অব দ্য আর্টিস্ট অ্যাজ এ ইয়ংম্যান,সরকার আলী মনজুর,400.0,http://books.com.bd/25194
Ek Aloikik Ghotona এক অলৌকিক ঘটনা,সানিয়াসনাইন খান,50.0,http://books.com.bd/25195
Ek J Chilo Raj Konna এক যে ছিল রাজ কন্যা,রফিকুর রশিদ,80.0,http://books.com.bd/25196
Ek Dozon Rupkatha এক ডজন রুপকথা,হুমায়ুন কবীর ঢালী,130.0,http://books.com.bd/25197
Ekattor O Koekti Ghasforing একাত্তর ও কয়েকটি ঘাসফড়িং,মনি হায়দার,100.0,http://books.com.bd/25198
Ekattorer Bondu Bob Dilan একাত্তরের বন্ধু বব ডিলান,এ কে এম আতিকুর রহমান,150.0,http://books.com.bd/25199
Ekakitto একাকিত্ব,মোকছেদুল ইসলাম,250.0,http://books.com.bd/25200
Ekush Shotoker Dokkhota O Shikkhoker Daiboddhota একুশ শতকের দক্ষতা ও শিক্ষকের দায়বদ্ধতা,ফারহানা মান্নান,150.0,http://books.com.bd/25201
Oi Akashta Amar ওই আকাশটা আমার,ফযলে আহমেদ,150.0,http://books.com.bd/25202
Kosmic Songgit Kolhpobigghan Golpo কসমিক সংগীত কল্পবিজ্ঞান গল্প,সেজান মাহমুদ,100.0,http://books.com.bd/25203
Kishor [Banglaprakash] কিশোর,আশরাফুল আলম পিন্টু,60.0,http://books.com.bd/25204
Kishorsomoggro[NG] কিশোরসমগ্র,নির্মলেন্দু গুণ,300.0,http://books.com.bd/25205
Kusongskar Deshe Deshe কুসংস্কার দেশে দেশে,আরিফ হাসান,90.0,http://books.com.bd/25206
Gojomotir Deshe IvoryCoast গজমোতির দেশে আইভরিকোস্ট,কাজী জহিরুল ইসলাম,220.0,http://books.com.bd/25207
Charukola Porichiti চারুকলা পরিচিতি,এ কে এম আতিকুর রহমান,300.0,http://books.com.bd/25208
Chirayoto Shakespeare চিরায়ত শেক্সপীয়র,খায়রুল আলম সবুজ,100.0,http://books.com.bd/25209
Chotoder R Ek Muktijuddho ছোটদের আর এক মুক্তিযুদ্ধ,বেলাল মোহাম্মদ,80.0,http://books.com.bd/25210
Chotto Ekta Ma ছোট্ট একটা মা,আশিক মুস্তাফা,125.0,http://books.com.bd/25211
Jamruler Vhasha জামরুলের ভাষা,গাজী তানভীর আহমেদ,120.0,http://books.com.bd/25212
Jhumpanama ঝুম্পানামা,আন্দালিব রাশদী,200.0,http://books.com.bd/25213
Tune Dr. Mahathir O Adhunik Malaysia তুন ডা. মাহাথির ও আধুনিক মালয়েশিয়া,এ কে এম আতিকুর রহমান,130.0,http://books.com.bd/25215
Debdash [Banglaprakash] দেবদাস,শরত্‍চন্দ্র চট্টোপাধ্যায়,100.0,http://books.com.bd/25216
Desh Vabona দেশ ভাবনা,মুহাম্মদ হাবিবুর রহমান,175.0,http://books.com.bd/25217
Deotto R Sahoshi Cheler Golpo দৈত্য আর সাহসী ছেলের গল্প,নাসরীন জাহান,150.0,http://books.com.bd/25218
The Manitoue দ্য ম্যানিটু,অনীশ দাস অপু,250.0,http://books.com.bd/25219
Nineteen Eighti Four নাইনটিন এইটি ফোর,সাঈদা সানী,350.0,http://books.com.bd/25220
Kobirayobinod-Pronito'Padmopuran'-Kabbe Natoker Upadan কবিরায়বিনোদ-প্রণীত ‘পদ্মপুরাণ’-কাব্যে নাটকের উপাদান,মোঃ মোস্তাফিজুর রহমান,500.0,http://books.com.bd/25221
Podmaboti পদ্মাবতী,মুহম্মদ জালালউদ্দীন বিশ্বাস,425.0,http://books.com.bd/25222
Poribrajok Mon পরিব্রাজক মন,রাত্রি রানা,120.0,http://books.com.bd/25223
Pach Chilte Europe পাঁচ চিলতে ইউরোপ,মাহফুজুর রহমান,250.0,http://books.com.bd/25224
Pathariyar Lal Makorsha পাথারিয়ার লাল মাকড়শা,আলী ইমাম,150.0,http://books.com.bd/25225
Prem O Mrittur Golpo প্রেম ও মৃত্যুর গল্প,মাসুদা ভাট্টি,200.0,http://books.com.bd/25226
Batase Urchhe Pajor বাতাসে উড়ছে পাঁজর,সারাফ নাওয়ার,100.0,http://books.com.bd/25227
Vut Dhorte Shaora Gache Supergul ভূত ধরতে শ্যাওড়া গাছে সুপারগ্লু,আন্দালিব রাশদী,120.0,http://books.com.bd/25228
Vutpur ভূতপুর,ধ্রুব এষ,100.0,http://books.com.bd/25229
Vutshumari ভূতশুমারি,আন্দালিব রাশদী,120.0,http://books.com.bd/25230
Matilda মাতিল্ডা,আবুল বাসার,300.0,http://books.com.bd/25231
Madame Bovarias মাদাম বোভারি,সরকার আলী মনজুর,400.0,http://books.com.bd/25232
Manusher Moddhe Manush মানুষের মধ্যে মানুষ,সেজান মাহমুদ,100.0,http://books.com.bd/25233
Mayabi Ek Chondro Mukhi মায়াবী এক চন্দ্রমুখী,আনিসুল হক,250.0,http://books.com.bd/25234
Salvador Dalir Miss Bangladesh সালভাদর দালির মিস বাংলাদেশ,হাসান ফেরদাউস,150.0,http://books.com.bd/25235
Muktijuddher Itihash [Banglaprokash] মুক্তিযুদ্ধের ইতিহাস,এ কে এম নাসিমুল কামাল,90.0,http://books.com.bd/25236
Muktijuddher Kishorsomoggro মু ক্তি যু দ্ধে র কিশোরসমগ্র,মঞ্জু সরকার,250.0,http://books.com.bd/25237
Meyera Ja Chay মেয়েরা যা চায়,জুলফিয়া ইসলাম,110.0,http://books.com.bd/25238
Mohongonjer Itikatha মোহনগঞ্জের ইতিকথা,জালালউদ্দিন আহমেদ,140.0,http://books.com.bd/25239
Rupkatha Noy Chupkatha রূপকথা নয় চুপকথা,আশরাফুল আলম পিন্টু,180.0,http://books.com.bd/25240
Shudu Chara Ponccash শুধু ছড়া পঞ্চাশ,অজয় দাশগুপ্ত,80.0,http://books.com.bd/25241
Dekhchi Emon Keno দেখছি এমন কেন,হাসনাত আমজাদ,80.0,http://books.com.bd/25242
Sahitter Vinno Prantor সাহিত্যের ভিন্ন প্রান্তর,ড. সফিউদ্দিন আহমদ,350.0,http://books.com.bd/25243
Sera Sunil Gangopadhyay সেরা সুনীল গঙ্গোপাধ্যায়,ধ্রুব এষ,500.0,http://books.com.bd/25244
Shopno Doke Amar Buke স্বপ্ন ঢোকে আমার বুকে,আলম তালুকদার,150.0,http://books.com.bd/25245
Hotel Bonolata (Abashik) হোটেল বনলতা (আবাসিক),ইশতিয়াক আহমেদ,80.0,http://books.com.bd/25246
EA cowboy and magic mango tree এ কায়বয় এ্যান্ড ম্যাজিক ম্যানগো ট্রি,হুমায়ুন কবীর ঢালী,75.0,http://books.com.bd/25247
Genocide In Bangladesh 1971 জেনোসাইড ইন বাংলাদেশ ১৯৭১,এ কে এম নাসিমুল কামাল,750.0,http://books.com.bd/25249
Selected Poems সিলেক্টেট পয়েমস,আতিকুর রহমান,200.0,http://books.com.bd/25250
The Birthday Gift দ্যা বার্থডে গিফট,হুমায়ুন কবীর ঢালী,100.0,http://books.com.bd/25251
Anno Sundorbon অন্য সুন্দরবন,মৃত্যুঞ্জয় রায়,140.0,http://books.com.bd/25252
Alposolpo Hasir Golpo অল্প স্বল্প হাসির গল্প,রুহুল আমিন বাবুল,240.0,http://books.com.bd/25253
Adventures Himchari অ্যাডভেঞ্চার হিমছড়ি,রহিম শাহ,100.0,http://books.com.bd/25255
Animal Firm অ্যানিমেল ফার্ম,জর্জ অরওয়েল,130.0,http://books.com.bd/25256
Alcohol অ্যালকোহল,অনুরূপ আইচ,220.0,http://books.com.bd/25257
Atnokatha-1971 আত্মকথা-১৯৭১,নির্মলেন্দু গুণ,350.0,http://books.com.bd/25258
Amar Kichu Kotha Ache[NN] আমার কিছু কথা আছে,নঈম নিজাম,250.0,http://books.com.bd/10346
Aynaporir Ural আয়নাপরির ‍উড়াল,মঞ্জু সরকার,150.0,http://books.com.bd/25259
Aynai Vuter Mukh আয়নায় ভূতের মুখ,সেলিম আহমেদ খান,100.0,http://books.com.bd/25260
Chotoder Arabbo Rojoni ছোটদের আরব্য রজনী,বিপ্রদাশ বড়ুয়া,200.0,http://books.com.bd/25261
ALTAF [Banglapr] আলতাফ,অমিত গোস্বামী,325.0,http://books.com.bd/25248
Alexander the Great আলেকজান্ডার দ্য গ্রেট,আহমেদ রিয়াজ,150.0,http://books.com.bd/25263
Allha Sobkichu Sristi Korechen আল্লাহ সবকিছু সৃষ্টি করেছেন,আহমেদ রিয়াজ,60.0,http://books.com.bd/25264
Allhar Alo আল্লাহর আলো,সানিয়াসনাইন খান,100.0,http://books.com.bd/25265
Allahor Uttom Bondu আল্লাহর উওম বন্ধু,সানিয়াসনাইন খান,90.0,http://books.com.bd/25266
Allahor Sathe Musa (A.) Er Kathabarta আল্লাহর সাথে মুসা (আ.) এর কথাবার্তা,সানিয়াসনাইন খান,50.0,http://books.com.bd/25267
Idur O Chalak Nekre ইঁদুর ও চালাক নেকড়ে,মাহফুজুর রহমান,200.0,http://books.com.bd/25268
Europea Renaissa O Islam ইউরোপীয় রেনেসাঁ ও ইসলাম,মোঃ আবুল কাশেম ভূঁইয়া,180.0,http://books.com.bd/25269
Eusuf (A.) O Razar Sapno ইউসুফ (আ.) ও রাজার স্বপ্ন,হাসান মেহেদী,50.0,http://books.com.bd/25270
Ecchepuron Vhut ইচ্ছেপূরণ ভূত,আহমেদ রিয়াজ,80.0,http://books.com.bd/25271
Itihash O Sahitto ইতিহাস ও সাহিত্য,ডঃ মাহবুবুল হক,300.0,http://books.com.bd/25272
Itihashe Muslim Narirtno ইতিহাসে মুসলিম নারীরত্ন,জহুর বখশ,150.0,http://books.com.bd/25273
Itihaser Sonar Meye ইতিহাসের সোনার মেয়ে,সৈয়দ নাজমুল আবদাল,104.0,http://books.com.bd/25274
Yep R Yannake ইয়েপ আর ইয়ান্নেকে,আনি এম. জি.স্মিড,250.0,http://books.com.bd/25275
Goddoshomogro 1st [NG] গদ্যসমগ্র-১,নির্মলেন্দু গুণ,450.0,http://books.com.bd/11513
Goddoshomogro 4[NG] গদ্যসমগ্র,নির্মলেন্দু গুণ,500.0,http://books.com.bd/11514
Gacher Katha Fuler Katha গাছের কথা ফুলের কথা,দ্বিজেন শর্মা,160.0,http://books.com.bd/25277
Group Discussion গ্রুপ ডিসকাশন,গৌতম রায়,180.0,http://books.com.bd/25278
Chirayto 100 Kishor Kabita চিরায়ত ১০০ কিশোর কবিতা,রুহুল আমিন বাবুল,220.0,http://books.com.bd/25279
Chelebelar Chelekhela ছেলেবেলার ছেলেখেলা,আমীরুল ইসলাম,120.0,http://books.com.bd/25280
Chotoder Natok ছোটদের নাটক,ফরিদুর রেজা সাগর,100.0,http://books.com.bd/25281
Chotoder Prio Choraguli ছোটদের প্রিয় ছড়াগুলি,লুৎফর রহমান রিটন,140.0,http://books.com.bd/25282
Jointabone Kalo Jadu জৈন্তাবনে কালো জাদু,আলী ইমাম,175.0,http://books.com.bd/25283
Thon Thonathon Thon ঠন ঠনাঠন ঠন,পাশা মোস্তফা কামাল,150.0,http://books.com.bd/25284
Nakkhotro Ghas নক্ষত্র ঘাস,মৃত্তিকা গুণ,100.0,http://books.com.bd/25285
Narir Rajnoitik KKhomotayon:Chaleng O Koronio নারীর রাজনৈতিক ক্ষমতায়ন : চ্যালেঞ্জ ও করণীয়,চিররঞ্জন সরকার,140.0,http://books.com.bd/25286
Path Cholatei Anando [Banglaprsh] পথ চলাতেই আনন্দ,ফারুক হোসেন,200.0,http://books.com.bd/25287
Porikonna পরিকন্যা,হুমায়ুন কবীর ঢালী,150.0,http://books.com.bd/25288
Bangla Gaddyer Janok : Biddasagor বাংলা গদ্যের জনক : বিদ্যাসাগার,ড. সফিউদ্দিন আহমদ,350.0,http://books.com.bd/25289
Bagher Mukhe Pilpileda বাঘের মুখে পিলপিলেদা,অপূর্ব দত্ত,150.0,http://books.com.bd/25290
Banan-Bodhinee Ekti Ovinob Banan Ovidan বানান-বোধিনী একটি অভিনব বানান অভিধান,পবিত্র সরকার,250.0,http://books.com.bd/25291
Bichitro Prani Bichitro Udvhit বিচিত্র প্রাণী বিচিত্র উদ্ভিদ,আরিফ হাসান,200.0,http://books.com.bd/25292
Bicchu Gerila বিচ্ছু গেরিলা,ইসহাক খান,150.0,http://books.com.bd/25293
Biral Rohossho বিড়াল রহস্য,ফযলে আহমেদ,150.0,http://books.com.bd/25294
Biyer Rat বিয়ের রাত,শীর্ষেন্দু মুখোপাধ্যায়,350.0,http://books.com.bd/25295
Belunmama বেলুনমামা,আমীরুল ইসলাম,150.0,http://books.com.bd/25296
Boigganik Alva Edison বৈজ্ঞানিক আলভা এডিসন,সৈয়দ নাজমুল আবদাল,100.0,http://books.com.bd/25297
Blood show ব্লাড শো,অনীশ দাস অপু,200.0,http://books.com.bd/25298
Mayamanobi মায়ামানবী,খন্দকার হাফিজ রেদু,200.0,http://books.com.bd/25299
Ronger Jatok রঙের জাতক,নির্মলেন্দু গুণ,180.0,http://books.com.bd/25300
Rachonasomoggro [ZN] রচনাসমগ্র ১,ডা: জাকির নায়েক,300.0,http://books.com.bd/25301
Rat Mohonay Esho রাত মোহনায় এসো,অজিত পাত্র,120.0,http://books.com.bd/25302
Rodela Dupur Athoba Mayabi Rat রোদেলা দুপুর অথবা মায়াবী রাত,জামিল হাসান সুজন,175.0,http://books.com.bd/25303
Simbeline সিমবেলাইন,উইলিয়াম শেক্সপিয়ার,60.0,http://books.com.bd/25304
Metamodern and other tendencies মেটামডার্ণ এন্ড আদার টেনডেনসিস,মুহম্মদ নূরুল হুদা,500.0,http://books.com.bd/25307
"Merchant, Witch and Parrot মার্চেন্ট, জাদুকরী এবং প্যারাট",হুমায়ুন কবীর ঢালী,75.0,http://books.com.bd/25306
Amader Muktijoddha Dadavai আমাদের মুক্তিযোদ্ধা দাদাভাই,আনোয়ারা সৈয়দ হক,150.0,http://books.com.bd/25310
Aboseshe অবশেষে,মোকছেদুল ইসলাম,200.0,http://books.com.bd/25309
Allahor Namer Mahatmo আল্লাহর নামের মাহাত্ম্য,চৌধুরী মনজুর লিয়াকত রুমি,100.0,http://books.com.bd/25311
Uzairer Gada উজাইরের গাধা,সানিয়াসনাইন খান,60.0,http://books.com.bd/25312
Kaker Vasha Boker Basha কাকের বাসা বকের বাসা,মোহাম্মদ ওয়াহিদুজ্জামান,100.0,http://books.com.bd/25313
Kaguje Bagh O Kathure Putro কাগুজে বাঘ ও কাঠুরে পুত্র,হুমায়ুন কবীর ঢালী,50.0,http://books.com.bd/25314
Kishor Shomogro -1 [BB] কিশোর সমগ্র-১,বিপ্রদাশ বড়ুয়া,350.0,http://books.com.bd/12095
Khoay ক্ষয়,প্রশান্ত লস্কর,120.0,http://books.com.bd/25315
Golap Fotar Gonde গোলাপ ফোটার গন্ধে,মহাদেব সাহা,60.0,http://books.com.bd/25316
Jatishwar জাতিস্ম,গাজী তানজিয়া,120.0,http://books.com.bd/25317
Tuktuki R Halum টুকটুকি আর হালুম,শাহনেওয়াজ চৌধুরী,75.0,http://books.com.bd/25318
Denmarker Rupkatha ডেনমার্কের রূপকথা,মৃত্যুন্জয় রায়,100.0,http://books.com.bd/25319
Namaz Kivabe Porte Hoi নামাজ কিভাবে পড়তে হয়,আবু সালেহ,60.0,http://books.com.bd/25320
Prithibir Opare Chilam পৃথিবীর ওইপারে ছিলাম,আফরোজা পারভীন,100.0,http://books.com.bd/25321
Boner Raza বনের রাজা,হুমায়ূন আহমেদ,100.0,http://books.com.bd/25322
Bangalir Itikatha বাঙালির ইতিকথা,খন্দকার মাহমুদুল হাসান,100.0,http://books.com.bd/25323
Bhuter Password ভূতের পাসওয়ার্ড,সাইফুল্লাহ মাহমুদ দুলাল,140.0,http://books.com.bd/25324
Macher Golpo মাছের গল্প,সানিয়াসনাইন খান,90.0,http://books.com.bd/25170
Ramdan O Quran রমজান ও কুরআন,সানিয়াসনাইন খান,100.0,http://books.com.bd/25326
Razkanna O Somudrokonna রাজকন্যা ও সমুদ্রকন্যা,সাদিয়া ইসলাম,60.0,http://books.com.bd/25327
Rajputro O Jolpori রাজপুত্র ও জলপরি,মাহফুজুর রহমান,225.0,http://books.com.bd/25328
Rafi O Ekattorer Golpo রাফি ও একাত্তরের গল্প,ফারহা ফাওজিয়া অতসী,60.0,http://books.com.bd/25329
Rasul (S.)-Er DuiShoto Sonali Updesh রাসূল (সা.)-এর দুইশত সোনালী উপদেশ,আব্দুল মালেক মুজাহিদ,250.0,http://books.com.bd/25330
Rupkathar Ilish রূপকথার ইলিশ,অর্জিতা মাধুর্য,75.0,http://books.com.bd/25331
Lalu Paglar Lathi লালু পাগলার লাঠি,সরওয়ার পাঠান,180.0,http://books.com.bd/25332
Shiyal Baghar Gappo শেয়াল বাঘার গপ্‌পো,কামাল হোসেন,60.0,http://books.com.bd/25333
Saodagar O Dainiburi সওদাগর ও ডাইনীবুড়ি,হুমায়ুন কবীর ঢালী,50.0,http://books.com.bd/25334
Sabar Bagan সাবার বাগান,সানিয়াসনাইন খান,100.0,http://books.com.bd/25335
Sanirbachito Uttor America Bangali Lekhokder Rochna Sankolon স্বনির্বাচিত উত্তর আমেরিকার বাঙালি লেখকদের রচনা সংকলন,হাসান ফেরদাউস,600.0,http://books.com.bd/25336
Sopne Paoya স্বপ্নে পাওয়া,নাসির আহমেদ,60.0,http://books.com.bd/25337
Hazrat Ebrahim (A.)-Er Bromon হযরত ইব্রাহিম (আ.)-এর ভ্রমণ,সানিয়াসনাইন খান,60.0,http://books.com.bd/25338
Hazrat Ebrahim (A.) Kivabe Allahor Sondan Pelen হযরত ইবরাহিম (আ.) কীভাবে আল্লাহর সন্ধান পেলেন,সানিয়াসনাইন খান,90.0,http://books.com.bd/25339
Hope Beyond Hope হোপ বিয়ন্ড হোপ,সোমনাথ মোহন্ত,200.0,http://books.com.bd/25340
Ridoy Diye Aka হৃদয় দিয়ে আঁকা,ড. মো: শাহনুর আলি মামুন,100.0,http://books.com.bd/25341
Klendenstein in Chile ক্লান্দেনস্টাইন ইন চিলি,শামসুদ্দীন চৌধুরী,80.0,http://books.com.bd/25350
Matir Tane Gayer Pane মাটির টানেঁ গায়ের পানে,মোশাররফ হোসেন খান,130.0,http://books.com.bd/28136
Moron Joyee মরণজয়ী,নসীম হিজাযী,150.0,http://books.com.bd/15525
Bhenge Gelo Tolwar ভেঙ্গে গেল তলোয়ার,নসীম হিজাযী,250.0,http://books.com.bd/15522
Buddhir Bahaduri বুদ্ধির বাহাদুরী,হেলেনা খান,68.0,http://books.com.bd/15453
Bakra Biler Balihas বাঁকড়া বিলের বালিহাঁস,মোশাররফ হোসেন খান,75.0,http://books.com.bd/28135
Bangladesher Lok Dhada বাংলাদেশের লোক ধাঁধা,অধ্যাপক মুহাম্মাদ সিরাজ উদ্দীন,175.0,http://books.com.bd/15569
Fuler Hasi ফুলের হাসি,ডাঃ মোঃ জাহাঙ্গীর আলম বিশ্বাস,120.0,http://books.com.bd/28134
Forrukh Ahmeder Swatontro O Boishishto 2-Part ফররুখ আহমদের স্বাতন্ত্র্য ও বৈশিষ্ট্য,অধ্যাপক মোহাম্মাদ মতিউর রহমান,250.0,http://books.com.bd/28133
Forrukh Ahmeder Swatontro O Boishishto 1-Part ফররুখ আহমদের স্বাতন্ত্র্য ও বৈশিষ্ট্য,অধ্যাপক মোহাম্মাদ মতিউর রহমান,500.0,http://books.com.bd/15518
Forrrukh Ahmed ফররুখ আহমদ (সংকলন),ফররুখ আহমেদ,200.0,http://books.com.bd/2286
Poramatir Jora Hash পোড়মাটির জোড়া হাঁস,আল মাহমুদ,200.0,http://books.com.bd/15662
Niyamul Quran O Hadis নি’আমুল কুরআন ও হাদীস,অধ্যাপক মুহাম্মাদ সিরাজ উদ্দীন,360.0,http://books.com.bd/15519
Marifat O Didare Elahi মা'রিফাত ও দীদার-এ-এলাহী,শায়েখ আলাউদ্দিন খান আল ক্বদমী,210.0,http://books.com.bd/15480
Namaz O Samaj নামাজ ও সমাজ,ডক্টর মুহাম্মদ মুশাররফ হুসাইন,300.0,http://books.com.bd/28132
Noshto Dorshon নষ্ট দর্শন,আবদুল মবিন,240.0,http://books.com.bd/15541
Islami Beemar Moulik Dharona O Kormokoushol ইসলামী বীমার মৌলিক ধারণা ও কর্মকৌশল,ড. আ.ই.ম. নেছার উদ্দিন,200.0,http://books.com.bd/15509
Deyal [JAN] দেয়াল,জাহান আক্তার নূর,100.0,http://books.com.bd/15533
Taqwa O Ishaner Poth তাকওয়া ও ইহসানের পথ,অধ্যাপক মুহাম্মদ আবুল হোসাইন,300.0,http://books.com.bd/15658
Nobab Poribarer Diarete Dhakar Shomaj O Shongskriti নওয়াব পরিবারের ডায়েরীতে ঢাকার সমাজ ও সংস্কৃতি,অনুপম হায়াত,120.0,http://books.com.bd/15575
Moghol Shahajali Jebun Nisa Ebong Shei Din মোগল শাহজাদী জেবুন নিসা এবং সেইদিন,ফজলুর রহমান জুয়েল,95.0,http://books.com.bd/15482
Jhil-Hazzer Prathom Doshoker Fojilot O Kurbani Eid যিল-হজ্বের প্রথম দশকের ফযিলত ও কুরবানী ঈদ,মো: আব্দুর রহীম খান,60.0,http://books.com.bd/28131
Chotoder Shangitshilpi Abbasuddin ছোটদের সংগীতশিল্পী আব্বাসউদ্দীন,জহুরুল আলম সিদ্দিকী,150.0,http://books.com.bd/15622
Choray Jorano Shur ছড়ায় জড়ানো সুর,আমিনুল ইসলাম,75.0,http://books.com.bd/15506
Cholar Pothe Islam চলার পথে ইসলাম,কাজী মোঃ মোরতুজা আলী,100.0,http://books.com.bd/15505
Kritodash Theke Shahabi ক্রীতদাস থেকে সাহাবী,এ জেড এম শামসুল আলম,130.0,http://books.com.bd/15478
Kiyamot Hashor Jannat Jahannam কিয়ামত হাশর জান্নাত জাহান্নাম,অধ্যাপক মুহাম্মাদ সিরাজ উদ্দীন,600.0,http://books.com.bd/28130
Qube Kobita O Onno Chand কিউব কবিতা ও অন্য চাঁদ,হাসান আলীম,80.0,http://books.com.bd/15656
Cartoon Er Kotha কার্টুনের কথা,ইব্রাহীম মন্ডল,260.0,http://books.com.bd/15454
Onno Pother Konnara অন্য পথের কণ্যারা,ক্যারল এল. এনওয়ে,160.0,http://books.com.bd/15570
Justice Syed Mahbub Morshed A Portrait Profile জাস্টিস সৈয়দ মাহবুব মোরশেদ এ পোর্ট্রেট প্রোফাইল,শাহ মুহম্মদ খুরশিদ আলম,200.0,http://books.com.bd/15578
Muktijuddher Kishor Galpo [AS] মুক্তিযুদ্ধের কিশোর গল্প,আসলাম সানী,200.0,http://books.com.bd/27174
Muktijuddher Galpo [MH] মুক্তিযুদ্ধের গল্প,মনি হায়দার,400.0,http://books.com.bd/27175
Adharkonna আঁধারকন্যা,কণিকা রশীদ,200.0,http://books.com.bd/24804
Adunik Podde Prachin Crjapod আধুনিক পদ্যে প্রাচীন চর্যাপদ,কাদের মাহমুদ,200.0,http://books.com.bd/24805
Ekti Okhondo Prithibir Shopno একটি অখণ্ড পৃথিবীর স্বপ্ন,নূহ-উল-আলম লেনিন,150.0,http://books.com.bd/24806
Ekattor O Ononna Golpo একাত্তর ও অন্যান্য গল্প,সৈয়দ মনজুরুল ইসলাম,200.0,http://books.com.bd/24807
Kulhara Kalonkini কুলহারা কলঙ্কিনী,সাইমন জাকারিয়া,225.0,http://books.com.bd/24808
"Gonomaddam,Gonotontro O Sangbadikota Pekkhete : Bangladesh গণমাধ্যম, গণতন্ত্র ও সাংবাদিকতা প্রেক্ষিত : বাংলাদেশ",হাসানুল হক ইনু,250.0,http://books.com.bd/24809
Chenajana Kirtiman Manusher Mukh চেনাজানা কীর্তিমান মানুষের মুখ,রামেন্দু মজুমদার,300.0,http://books.com.bd/24810
Chotoder Begum Rokeya [Onno] ছোটদের বেগম রোকেয়া,পূরবী বসু,150.0,http://books.com.bd/24811
Jibon Nodir Srote জীবন নদীর স্রোতে,ড.মো: মোতাহার হোসেন মন্ডল,300.0,http://books.com.bd/24812
Danakata Katha ডানাকাটা কথা,সাজ্‌জাদ আরেফিন,150.0,http://books.com.bd/24813
Tomar Bari Kotodur তোমার বাড়ি কতদূর,সাইফুল্লাহ মাহমুদ দুলাল,150.0,http://books.com.bd/24814
Nojrul Jiboner Golpo নজরুল জীবনের গল্প,শাহীদা বেগম,150.0,http://books.com.bd/24815
Nirbachito Bongobondhu [Anno] নির্বাচিত বঙ্গবন্ধু,মোনায়েম সরকার,400.0,http://books.com.bd/24816
Nishoingotar eksho Bochor[Onno] নিঃসঙ্গতার একশ বছর,আনিসুজ্জামান,500.0,http://books.com.bd/24818
Fora Fataite Chai ফোড়া ফাটাইতে চাই,মোহাম্মদ কামরুজ্জামান (ব্যাংকার),250.0,http://books.com.bd/24819
Fera Na- Ferar Golpo ফেরা না-ফেরার গল্প,মাহবুবুল হক শাকিল,150.0,http://books.com.bd/24820
Pora Pakhir Khacha পোড়া পাখির খাঁচা,জাকিয়া নাজনীন,150.0,http://books.com.bd/24821
Badshahi Mohor বাদশাহী মোহর,আহমেদ মাসুদ ইকবাল,200.0,http://books.com.bd/24822
Biccinnotar Sotto-Mitha বিচ্ছিন্নতার সত্য-মিথ্যা,সিরাজুল ইসলাম চৌধুরী,180.0,http://books.com.bd/24823
Bishadnodi বিষাদনদী,ডা. মোহিত কামাল,250.0,http://books.com.bd/24824
Breslet ব্রেসলেট,তাবারক হোসেন,300.0,http://books.com.bd/24825
Manonio Montrir Jonno Manpotro মাননীয় মন্ত্রীর জন্য মানপত্র,নূরুদ্দিন জাহাঙ্গীর,200.0,http://books.com.bd/24826
Maya Megh Nirjonta মায়া মেঘ নির্জনতা,মুস্তাফিজ শফি,100.0,http://books.com.bd/24827
Roktomule Bicched রক্তমূলে বিচ্ছেদ,সাদিয়া মাহজাবিন ইমাম,225.0,http://books.com.bd/24828
Shukuner Dhana শকুনের ডানা,সৈয়দ মনজুরুল ইসলাম,300.0,http://books.com.bd/24829
Shamsuddin Abul Kalam Tar Aprokashit Chithi O Smiti শামসুদ্দীন আবুল কালাম তাঁর অপ্রকাশিত চিঠি ও স্মৃতি,পূরবী বসু,400.0,http://books.com.bd/24830
Shikar শিকার,মোশতাক আহমেদ,300.0,http://books.com.bd/24831
Srestho Probondho [SK] শ্রেষ্ঠ প্রবন্ধ,শামসুজ্জামান খান,500.0,http://books.com.bd/24832
Sera Pach Science Fiction[0nno] সেরা পাঁচ সায়েন্স ফিকশন,মোশতাক আহমেদ,1000.0,http://books.com.bd/24833
Swpne-Sotine Sob Sttonash স্বপ্নে-সতীনে সব সত্যনাশ,আশরাফ আহমেদ,150.0,http://books.com.bd/24834
Smritisottar sayed Houqe স্মৃতিসওার সৈয়দ হক,পিয়াস মজিদ,225.0,http://books.com.bd/24835
Oronner Golpomala অরণ্যের গল্পমালা,কবীর চৌধুরী,140.0,http://books.com.bd/24836
Khannach খান্নাছ,মাহমুদুল খান,60.0,http://books.com.bd/24838
Sreshtho Uponnash [RK] শ্রেষ্ঠ উপন্যাস,রাবেয়া খাতুন,250.0,http://books.com.bd/24511
Crisis ক্রাইসিস,অরুণ কুমার বিশ্বাস,250.0,http://books.com.bd/24792
Ganer Vela [Part-1] গানের ভেলা,ভূঁইয়া শফিকুল ইসলাম,450.0,http://books.com.bd/24793
Baundoler Atthokothon বাউণ্ডুলের আত্মকথন,হায়দার বসুনিয়া,325.0,http://books.com.bd/24794
Bachai Kishor Golpo বাছাই কিশোর গল্প,জ্যোতিপ্রকাশ দত্ত,220.0,http://books.com.bd/24795
Bisswjora Ananto Oggone বিশ্বজোড়া অনন্ত অঙ্গনে,ফারুক মঈনউদ্দীন,380.0,http://books.com.bd/24796
Methor Samacar মেথর সমাচার,হায়দার বসুনিয়া,220.0,http://books.com.bd/24797
Lojjaboti লজ্জাবতী,পীর হাবিবুর রহমান,200.0,http://books.com.bd/24798
Samanta সামান্তা,নাসরীন জাহান,150.0,http://books.com.bd/24799
Jonmer Agei Ami Mrittuke Korechi Alingon জন্মের আগেই আমি মৃত্যুকে করেছি আলিঙ্গন,তারিক সুজাত,200.0,http://books.com.bd/24800
Nirbachito 100 Kobita [BSI] নির্বাচিত-১০০ কবিতা,ভূঁইয়া শফিকুল ইসলাম,270.0,http://books.com.bd/24802
Dwandwasutra : Topics for Debate and Public Speaking দ্বন্দ্বসূত্র : টপিকস ফর ডিবেট এন্ড পাবলিক স্পিকিং,বিরুপাক্ষ পাল,450.0,http://books.com.bd/24803
Itehash O Oitehashik [Agme] ইতিহাস ও ঐতিহাসিক,মোঃ হাবিবউল্লাহ বাহার,250.0,http://books.com.bd/28129
Ami Bechi Chilam Onnoder Somoye আমি বেঁচে ছিলাম অন্যদের সময়ে,হুমায়ুন আজাদ,100.0,http://books.com.bd/28128
Amar Notun Jonmo আমার নতুন জন্ম,হুমায়ুন আজাদ,180.0,http://books.com.bd/28127
Amar Golpo আমার গল্প,ফরিদ কবির,800.0,http://books.com.bd/28126
Amder Boimela আমাদের বইমেলা,হুমায়ুন আজাদ,100.0,http://books.com.bd/28125
Amader Shohore Akdol Debodut আমাদের শহরে একদল দেবদূত,হুমায়ুন আজাদ,80.0,http://books.com.bd/28124
Abbuke Mone Pore আব্বুকে মনে পড়ে,হুমায়ুন আজাদ,100.0,http://books.com.bd/28123
Adunik Bangla Kobita আধুনিক বাঙলা কবিতা,হুমায়ুন আজাদ,400.0,http://books.com.bd/28122
Adher O Adheyo আধার ও আধেয়,হুমায়ুন আজাদ,450.0,http://books.com.bd/28121
Atotaeder Sathe Kothopokothon আততায়ীদের সাথে কথোপকথন,হুমায়ুন আজাদ,150.0,http://books.com.bd/28120
Semabaddhotar Sutro সীমাবদ্ধতার সূত্র,হুমায়ুন আজাদ,250.0,http://books.com.bd/28119
Sakhatker সাক্ষাৎকার,হুমায়ুন আজাদ,150.0,http://books.com.bd/28118
Sommobadi সাম্যবাদী,কাজী নজরুল ইসলাম,80.0,http://books.com.bd/28117
Bangla Uccharon বাংলা উচ্চারণ,বশীর আলহেলাল,70.0,http://books.com.bd/28116
Somajvasha Biggan সমাজভাষা বিজ্ঞান,রাজীব হুমায়ুন,200.0,http://books.com.bd/28115
Sob Kisu Venge Pore সব কিছু ভেঙে পড়ে,হুমায়ুন আজাদ,180.0,http://books.com.bd/28114
Sob Kichu Nostoder Odhikare Jabe সব কিছু নষ্টদের অধিকারে যাবে,হুমায়ুন আজাদ,100.0,http://books.com.bd/28113
sobkishu mayer jonno সবকিছু মায়ের জন্য,সুনন্দা কবীর,120.0,http://books.com.bd/28112
Socrateser Jollad সক্রেটিসের জল্লাদ,প্রফেসর ড. এম. এ. মান্নান,150.0,http://books.com.bd/28111
Serstho Kobita [H Azad] শ্রেষ্ঠ কবিতা,হুমায়ুন আজাদ,250.0,http://books.com.bd/28110
Shraboner Bristete Rokktojoba শ্রাবণের বৃষ্টিতে রক্তজবা,হুমায়ুন আজাদ,200.0,http://books.com.bd/28109
Shikkha O Sadeshcinta শিক্ষা ও স্বদেশচিন্তা,সরকার আবদুল মান্নান,300.0,http://books.com.bd/28108
Shikhaniti O Onnanyo Prosongo শিক্ষানীতি ও অন্যান্য প্রসঙ্গ,নুরুল ইসলাম নাহিদ,300.0,http://books.com.bd/28107
Shikhaniti O Shikhavobna শিক্ষানীতি ও শিক্ষাভাবনা,এ. এস. এইচ কে সাদেক,100.0,http://books.com.bd/28106
Silpokolar Bimanbikiron O Onnanno Probondho শিল্পকলার বিমানবিকীকরণ ও অন্যান্য প্রবন্ধ,হুমায়ুন আজাদ,120.0,http://books.com.bd/28105
Nisongo Sheropa : Shamsur Rahman নিঃসঙ্গ শেরপা : শামসুর রাহমান,হুমায়ুন আজাদ,500.0,http://books.com.bd/28104
Lal Nil Dipabali Ba Bangla Shahityer Jibani লাল নীল দীপাবলি বা বাঙলা সাহিত্যের জীবনী,হুমায়ুন আজাদ,100.0,http://books.com.bd/28103
Kathgoray Dhaka Bishobiddolay : Remand O Karagarer Dinlipi কাঠগড়ায় ঢাকা বিশ্ববিদ্যালয় : রিমান্ড ও কারাগারের দিনলিপি,অধ্যাপক এম আনোয়ার হোসেন,250.0,http://books.com.bd/28102
Rajnoitik Probondho Somoggro রাজনৈতিক প্রবন্ধ সমগ্র,হুমায়ুন আজাদ,800.0,http://books.com.bd/28101
Rajnitibidigon রাজনীতিবিদগণ,হুমায়ুন আজাদ,300.0,http://books.com.bd/28100
Robindronath Takurer Prodhan Kobita রবীন্দ্রনাথ ঠাকুরের প্রধান কবিতা,হুমায়ুন আজাদ,600.0,http://books.com.bd/28099
Robindroprobondho : Rastro O Somajcinta রবীন্দ্রপ্রবন্ধ : রাষ্ট্র ও সমাজচিন্তা,হুমায়ুন আজাদ,200.0,http://books.com.bd/28098
Jadukorer Mrittu যাদুকরের মৃত্যু,হুমায়ুন আজাদ,100.0,http://books.com.bd/28097
Jotoi Govire Jai Modhu Jotoi Upore Jai Nil যতোই গভীরে যাই মধু যতোই উপরে যাই নীল,হুমায়ুন আজাদ,100.0,http://books.com.bd/28096
Mohabishow মহাবিশ্ব,হুমায়ুন আজাদ,180.0,http://books.com.bd/28095
Manush Hishebe Amar Oporadhsomuho মানুষ হিশেবে আমার অপরাধসমূহ,হুমায়ুন আজাদ,200.0,http://books.com.bd/28094
Matal Taronee মাতাল তরণী,হুমায়ুন আজাদ,150.0,http://books.com.bd/145
Vasha Shikkha O Vashabiggan Poriciti ভাষা শিক্ষা ও ভাষাবিজ্ঞান পরিচিত,হুমায়ুন আজাদ,150.0,http://books.com.bd/146
Vashar Lorai : Kishor Itehash ভাষার লড়াই: কিশোর ইতিহাস,ড. মোহাম্মদ হাননান,40.0,http://books.com.bd/143
Bukpokete Jonakipoka বুকপকেটে জোনাকিপোকা,হুমায়ুন আজাদ,175.0,http://books.com.bd/128
Bishbrikkho বিষবৃক্ষ,বঙ্কিমচন্দ্র চট্টোপাধ্যায়,200.0,http://books.com.bd/366
Bitorker Sahoj Path বিতর্কের সহজ পাঠ,মোস্তাফিজুর রহমান খান,225.0,http://books.com.bd/127
Banglir Rastrochinta O Shadhin Bangladesher Ovyudoy বাঙালির রাষ্ট্রচিন্তা ও স্বাধীন বাংলাদেশের অভ্যুদয়,ড. হারুণ অর রশিদ,200.0,http://books.com.bd/120
Bakkotottho বাক্যতত্ত্ব,হুমায়ুন আজাদ,700.0,http://books.com.bd/119
Bangaldesher Muktijuddho : Kishor Itehash বাংলাদেশের মুক্তিযুদ্ধ: কিশোর ইতিহাস,ড. মোহাম্মদ হাননান,80.0,http://books.com.bd/97
Banglar Ful বাংলার ফুল,মাহফুজুর রহমান,700.0,http://books.com.bd/114
Bangla Vashar Sotru Mitro বাঙলা ভাষার শত্রুমিত্র,হুমায়ুন আজাদ,150.0,http://books.com.bd/74
Bangla Bhasha -2 বাংলা ভাষা-২,হুমায়ুন আজাদ,1000.0,http://books.com.bd/73
Bangla Bhasha1 বাংলা ভাষা -১,হুমায়ুন আজাদ,1000.0,http://books.com.bd/67
Bangla Vasher Nanan Bibechona বাংলা ভাষার নানান বিবেচনা,বশীর আলহেলাল,400.0,http://books.com.bd/52
Bangla Banane Vul : Karon O Protiker বাংলা বানানে ভুল : কারণ ও প্রতিকার,মোহাম্মদ আমীন,300.0,http://books.com.bd/50
Sohoj Bangla Ucchoron সহজ বাংলা উচ্চারণ,মোহাম্মদ আমীন,150.0,http://books.com.bd/71
Bohumattrik Jotirmoy বহুমাত্রিক জ্যোতির্ময়,হুমায়ুন আজাদ,220.0,http://books.com.bd/101
Buddher Hridoy বুদ্ধের হৃদয়,আবুল খায়ের মোহাম্মদ আতিকুজ্জামান,200.0,http://books.com.bd/99
Fuler Gondhe Ghum Ashe Na ফুলের গন্ধে ঘুম আসে না,হুমায়ুন আজাদ,150.0,http://books.com.bd/2
Fali Fali Kore Kata Chand ফালি ফালি করে কাঁটা চাঁদ,হুমায়ুন আজাদ,250.0,http://books.com.bd/3
Probocanguccho প্রবচনগুচ্ছ,হুমায়ুন আজাদ,80.0,http://books.com.bd/5
Proticriyasilotar Dirgho Chayar Nichi প্রতিক্রিয়াশীলতার দীর্ঘ ছায়ার নিচে,হুমায়ুন আজাদ,200.0,http://books.com.bd/4
Perunor Kishu Nei পেরোনোর কিছু নেই,হুমায়ুন আজাদ,60.0,http://books.com.bd/11
Putul Nach পুতুল নাচ,সুশান্ত সরকার,175.0,http://books.com.bd/24280
Parbatya Chattagram : Shabuj Paharer Vhetar Diye Prabanita Hingshar Jhanadhara পাবর্ত্য চট্টগ্রাম : সবুজ পাহাড়ের ভেতর দিয়ে প্রবাহিত হিংসার ঝরনাধারা,হুমায়ুন আজাদ,60.0,http://books.com.bd/14
Pak Sar Jomin Sad Bad পাক সার জমিন সাদ বাদ,হুমায়ুন আজাদ,150.0,http://books.com.bd/18
Pother Pacali [Agme] পথের পাঁচালী,বিভূতিভূষণ বন্দ্যোপাধ্যায়,250.0,http://books.com.bd/20
Nirbacito Probondo [H Azad] নির্বাচিত প্রবন্ধ,হুমায়ুন আজাদ,500.0,http://books.com.bd/22
Nibir Nilima নিবিড় নীলিমা,হুমায়ুন আজাদ,250.0,http://books.com.bd/25
Nijer Songe Nijer Jiboner Modhu নিজের সঙ্গে নিজের জীবনের মধু,হুমায়ুন আজাদ,250.0,http://books.com.bd/27
Naree [H Azad] নারী,হুমায়ুন আজাদ,500.0,http://books.com.bd/37
Narike Onanto Ritu নরকে অনন্ত ঋতু,হুমায়ুন আজাদ,200.0,http://books.com.bd/44
Rochona Somogroo-8 [AAS] রচনাসমগ্র-৮,আবদুল্লাহ আবু সায়ীদ,600.0,http://books.com.bd/24839
Ahmad Rafiqer Jibonbashtbtar Nandonik Kobi আহমদ রফিকের জীবনবাস্তবতার নান্দনিক কবি,মুনির সিরাজ,225.0,http://books.com.bd/24840
Moddahno Okhondo মধ্যাহ্ন অখণ্ড,হুমায়ূন আহমেদ,600.0,http://books.com.bd/24841
Amar Kichu Kotha [ZI] আমার কিছু কথা,জুলফিয়া ইসলাম,300.0,http://books.com.bd/404
Dormanuvutir Upokhota O Onnanno ধর্মানুভূতির উপকথা ও অন্যান্য,হুমায়ুন আজাদ,500.0,http://books.com.bd/28093
Diteyo Lingo দ্বিতীয় লিঙ্গ,সিমোন দ্য বেভোয়ার,500.0,http://books.com.bd/28092
Dotta [Agme] দত্তা,শরত্‍চন্দ্র চট্টোপাধ্যায়,150.0,http://books.com.bd/9229
Parbotto Chattagong Tripura Vasha Poriciti পার্বত্য চট্টগ্রামের ত্রিপুরা ভাষা পরিচিতি,বুলবুল আজাদ,60.0,http://books.com.bd/28091
Tulunamulok O Oitihashik Vashabiggan তুলনামূলক ও ঐতিহাসিক ভাষাবিজ্ঞান,হুমায়ুন আজাদ,220.0,http://books.com.bd/28090
Tems Theke Nayegra টেমস থেকে নায়েগ্রা,রাবেয়া খাতুন,60.0,http://books.com.bd/28089
Jholo Citabagh জ্বলো চিতাবাঘ,হুমায়ুন আজাদ,100.0,http://books.com.bd/28088
Jorman Vabadorsho জর্মান ভাবাদর্শ,কার্ল মার্কস,300.0,http://books.com.bd/28087
Jolpai Ronger Ondhokar জলপাই রঙের অন্ধকার,হুমায়ুন আজাদ,150.0,http://books.com.bd/7484
Jobanbondhi জবানবন্দি,অধ্যাপক এম আনোয়ার হোসেন,60.0,http://books.com.bd/28086
Chappanno Hazar Borgomail ছাপ্পান্নো হাজার বর্গমাইল,হুমায়ুন আজাদ,200.0,http://books.com.bd/28085
Colo Jai Dhaka চলো যাই ঢাকা,নির্মল চক্রবর্তী,50.0,http://books.com.bd/28084
Ghore Baire [Agme] ঘরে বাইরে,রবীন্দ্রনাথ ঠাকুর,200.0,http://books.com.bd/28083
Grihodaho [Agme] গৃহদাহ,শরত্‍চন্দ্র চট্টোপাধ্যায়,250.0,http://books.com.bd/9243
Gonoporisod Theke Nobom Jatiyo Songshod গণপরিষদ থেকে নবম জাতীয় সংসদ,লে. জেনারেল মীর শওকত আলী,700.0,http://books.com.bd/24315
Gonotantrik Rastro O Senabahini গণতান্ত্রিক রাষ্ট্র ও সেনাবাহিনী,অধ্যাপক এম আনোয়ার হোসেন,250.0,http://books.com.bd/28082
Kisorsomogro [H Azad] কিশোরসমগ্র,হুমায়ুন আজাদ,500.0,http://books.com.bd/28081
Kishor Shomogro [HA] কিশোর সমগ্র,হুমায়ূন আহমেদ,400.0,http://books.com.bd/12060
Kishor Shomogro [MAS] কিশোর সমগ্র,মঈনুল আহসান সাবের,400.0,http://books.com.bd/12096
Kishorsamoggro [AS] কিশোরসমগ্র,আসলাম সানী,400.0,http://books.com.bd/26853
Karl Marxer Dharmo কার্ল মার্কসের ধর্ম,সাখাওয়াত টিপু,200.0,http://books.com.bd/28080
Kabbosomorgo [HA] কাব্যসমগ্র,হুমায়ুন আজাদ,450.0,http://books.com.bd/17741
Kafone Mora Osrubindu কাফনে মোড়া অশ্রুবিন্দু,হুমায়ুন আজাদ,100.0,http://books.com.bd/28079
Kagojer Noukay Aguner Nodi কাগজের নৌকায় আগুনের নদী,শাহাদুজ্জামান,800.0,http://books.com.bd/24259
Kobi Shohid Kadri O Onnanno Probondho কবি শহীদ কাদরী ও অন্যান্য প্রবন্ধ,মিলটন রহমান,200.0,http://books.com.bd/28078
Kobi O Kabita [SK] কবি ও কবিতা,শহীদ কাদরী,200.0,http://books.com.bd/28077
kobi Othoba Dondito Opurush কবি অথবা দণ্ডিত অপুরুষ,হুমায়ুন আজাদ,200.0,http://books.com.bd/17881
Kopalkundola [Agmep] কপালকুণ্ডলা,বঙ্কিমচন্দ্র চট্টোপাধ্যায়,100.0,http://books.com.bd/28076
Koto Nodi Sorobor Ba Bangla Vashar Jibone কতো নদী সরোবর বা বাঙলা ভাষার জীবনী,হুমায়ুন আজাদ,150.0,http://books.com.bd/28075
Ekush Amader Oghosito Shadinata Dibosh একুশ আমাদের অঘোষিত স্বাধীনতা দিবস,হুমায়ুন আজাদ,250.0,http://books.com.bd/28074
Akti Khuner Sopno একটি খুনের স্বপ্ন,হুমায়ুন আজাদ,150.0,http://books.com.bd/28073
Uponnassomogro---3 [HAZAD] উপন্যাসসমগ্র ৩,হুমায়ুন আজাদ,600.0,http://books.com.bd/28072
Uponnassomogro---2 [HAZAD] উপন্যাসসমগ্র-২,হুমায়ুন আজাদ,700.0,http://books.com.bd/28071
Uponnassomogro---1 [HAZAD] উপন্যাসসমগ্র - ১,হুমায়ুন আজাদ,800.0,http://books.com.bd/28070
Al Quraner Aloke Mohan Allah O Nobi-Rasulgoner Poricoy O Manober Koroniyo আল কোরানের আলোকে মহান আল্লাহ ও নবী-রসূলগণের পরিচয় এবং মানবের করণীয়,ব্রিগেডিয়ার জেনারেল মোঃ জাবেদ আলী (অব),400.0,http://books.com.bd/24306
Amar Obisshas আমার অবিশ্বাস,হুমায়ুন আজাদ,200.0,http://books.com.bd/28069
Amra Ki Ai Bangladesh Ceyachilam আমরা কি এই বাঙলাদেশ চেয়েছিলাম,হুমায়ুন আজাদ,175.0,http://books.com.bd/28068
Oloukik Estimar অলৌকিক ইস্টিমার,হুমায়ুন আজাদ,100.0,http://books.com.bd/28067
Orthobiggan অর্থবিজ্ঞান,হুমায়ুন আজাদ,200.0,http://books.com.bd/28066
Anukatha-3 Part অনুকথা-তৃতীয় খণ্ড,অপূর্ব চৌধুরী,200.0,http://books.com.bd/28065
Anukotha-Ditiyo Khondo অনুকথা-দ্বিতীয় খণ্ড,অপূর্ব চৌধুরী,250.0,http://books.com.bd/24307
British Bangladeshi Poetry An Anthology ব্রিটিশ বাংলাদেশী পওইটি এন এনথোলজি,ড. আবদুর রহিম,300.0,http://books.com.bd/28064
Aphorisms of Humayun Azad এপরিজম অব হুমায়ূন আজাদ,শফিকুল ইসলাম,150.0,http://books.com.bd/28063
"10,000, & Aro 1ti Dhorshon ১০,০০০, এবং আরো ১টি ধর্ষণ",হুমায়ুন আজাদ,225.0,http://books.com.bd/28062
Unamd Pianor Kompon উন্মাদ পিয়ানোর কম্পন,সফেদ ফরাজী,100.0,http://books.com.bd/3090
A Fire Of Fourth Century এ ফায়ার অব ফোর্থ সেঞ্চুরি,জিমি হাইসন,550.0,http://books.com.bd/28061
Umachoron Koromokar ঊমাচরণ কর্ম্মকার,পরাগ রিছিল,65.0,http://books.com.bd/3307
Adhkawa Foler Jiboni আধখাওয়া ফলের জীবনী,আসমা বীথি,65.0,http://books.com.bd/2537
Hawakather Ghora হাওয়াকাঠের ঘোড়া,গ্যাব্রিয়েল সুমন,120.0,http://books.com.bd/3371
Showkot Alomer Bhut Bhobisshot শওকত আলমের ভূত-ভবিষ্যত,মামুনুর রশীদ,50.0,http://books.com.bd/2743
Shinga Bajabe Israfil শিঙ্গা বাজাবে ইসরাফিল,ওয়াসি আহমেদ,115.0,http://books.com.bd/2775
Life And Work Of Ibn Khaldun লাইফ এন্ড ওয়ার্ক অব ইবনে খালদুন,মোহাম্মদ আবদুলাহ ইনান,100.0,http://books.com.bd/2897
Razar Kabila রাজার কাবিলা,খোকন কায়সার,60.0,http://books.com.bd/2777
Robibar Bihin Ekta Shoptaho রবিবার বিহীন একটা সপ্তাহ চাই,অশোক দাশগুপ্ত,50.0,http://books.com.bd/2817
Mrrittu Songir Dinlipi মৃত্যুসঙ্গীর দিনলিপি,আব্দুল্লাহ আল হারুন,170.0,http://books.com.bd/28060
Bismorongorer Barta বিস্মরণগড়ের বার্তা,মাদল হাসান,85.0,http://books.com.bd/2553
Birohojapon বিরহযাপন,শতাব্দী কাদের,60.0,http://books.com.bd/3250
Boyojbonika বয়োযবনিকা,রেজাউর রহমান,100.0,http://books.com.bd/3448
Picasso Creator and Destroyer পিকাসো ক্রিয়েটর অ্যান্ড ডেস্ট্রয়ার,আরিয়ানা হাফিংটন,270.0,http://books.com.bd/28059
Niruddishter Jolaborto নিরুদ্দিষ্টের জলাবর্ত,তমিজ উদ্দীন লোদী,70.0,http://books.com.bd/2780
Nariswar নারীস্বর বিশ্বের নারী কবিদের কবিতা,আয়শা ঝর্না,160.0,http://books.com.bd/2517
Durer Canvas দূরের ক্যানভাস,শাহানা আকতার মহুয়া,130.0,http://books.com.bd/10419
Theater Borsho Ek থিয়েটার বর্ষ এক,রামেন্দু মজুমদার,480.0,http://books.com.bd/3231
Titas Chobi O Kobitay তিতাস ছবি ও কবিতায়,ওবায়দুল্লাহ মামুন,500.0,http://books.com.bd/2610
Dhakai Khabar O Khaddo Shongskrity ঢাকাই খাবার ও খাদ্য সংস্কৃতি,সাদ উর রহমান,450.0,http://books.com.bd/28058
Kahat Kohor Sal কাহাত কহর সাল,মাহমুদ নাসির জাহাঙ্গিরী,60.0,http://books.com.bd/2742
Shudhindronath Datta: Kalo Shurjer Nicher Bonhuths সুধীন্দ্রনাথ দত্ত : কালো সূর্যের নিচের বহ্ন্যুৎসব,আবদুল মান্নান সৈয়দ,225.0,http://books.com.bd/5016
Kangaroo Dekhar Sreshthodin Ebong Onnanno Onubadgolpo ক্যাঙ্গারু দেখার শ্রেষ্ঠ দিন এবং অন্যান্য অনুবাদ গল্প,শাহাদুজ্জামান,130.0,http://books.com.bd/3315
Alekkho Shamsur Rhamaner Album আলেখ্য শামসুর রহমানের অ্যালবাম,এম এ তাহের,500.0,http://books.com.bd/3048
Traditional Housing Technology of the Barind Tract ট্র্যাডিশনাল হাউজিং টেকনলজি অব দ্য বারিন্দ ট্র্যাক্ট,সৈয়দ আরমান হোসেন,250.0,http://books.com.bd/2612
Akti Shok Songbad একটি শোক সংবাদ,সাব্বির জাদিদ,150.0,http://books.com.bd/28057
Ekti Golaper Jonno [oitjjo] একটি গোলাপের জন্য,অ্যান্টেনিয়া রিয,120.0,http://books.com.bd/3367
Utsober Dhaka উৎসবের ঢাকা,সাদ উর রহমান,400.0,http://books.com.bd/28056
Sakib Ala Hasan: Apon Chokhe Bhinno Chokhe সাকিব আল হাসান - আপন চোখে ভিন্ন চোখে,দেবব্রত মুখোপাধ্যায়,400.0,http://books.com.bd/2520
American Science Fiction Golpo আমেরিকান সায়েন্স ফিকশন গল্প,খন্দকার ইশতিয়াক মাহমুদ,130.0,http://books.com.bd/2531
Unlucky Thirteen : Othopor Paris আনলাকি থারটিন অতঃপর প্যারিস,ইমরুল কায়েস,250.0,http://books.com.bd/28055
Harvarder Smriti O Onno Ek America হার্ভার্ডের স্মৃতি ও অন্য এক আমেরিকা,সেজান মাহমুদ,450.0,http://books.com.bd/3238
Hatekhori হাতেখড়ি,কাইজার চৌধুরী,90.0,http://books.com.bd/2977
Stalin : Miththachar Abong Prasangikota? স্তালিন মিথ্যাচার এবং প্রাসঙ্গিকতা,মনজুরুল হক,350.0,http://books.com.bd/28054
Serakash সোরাকাশ,আশির আহমেদ,120.0,http://books.com.bd/28053
Science Fiction Golpo - 2 [AA] সায়েন্স ফিকশন গল্প-২,আইজাক আজিমভ,240.0,http://books.com.bd/28052
Re Bradberyr Golpo-1 রে ব্র্যাডবেরির গল্প-১,হাসান খুরশীদ রুমী,140.0,http://books.com.bd/2934
Russian Science Fiction Golpo-5 রাশিয়ান সায়েন্স ফিকশন গল্প-৫,হাসান খুরশীদ রুমী,100.0,http://books.com.bd/2953
Robi Keno Jongole Jay রবি কেন জঙ্গলে যায়,দন্ত্যস রওশন,85.0,http://books.com.bd/2598
Mogholshahi মোঘলশাহী,এ. এন. এম নূরুল হক,450.0,http://books.com.bd/3245
Malyaban মাল্যবান,জীবনানন্দ দাশ,160.0,http://books.com.bd/28051
Mohavaroter Pothe Dui মহাভারতের পথে-২,বুলবুল সারওয়ার,350.0,http://books.com.bd/28050
Mohavaroter Pothe Ek মহাভারতের পথে এক,বুলবুল সারওয়ার,330.0,http://books.com.bd/28049
Ache Bhut Nei Bhut আছে ভূত নেই ভূত,দীপংকর চন্দ্র,70.0,http://books.com.bd/3313
Bhalobasa Odhara ভালবাসা অধরা,তামান্না ইসলাম,150.0,http://books.com.bd/28048
Voyanoski Vutokov ভয়ানস্কি ভুতোকভ,ধ্রুব নীল,160.0,http://books.com.bd/3439
Burigongay Kalo Jahaj বুড়িগঙ্গায় কালো জাহাজ,জিয়া হাশান,100.0,http://books.com.bd/2556
Biplobi Neta Sheikh Mujib বিপ্লবী নেতা শেখ মুজিব,শেখ শাহাদাৎ হোসেন,330.0,http://books.com.bd/2500
Batayoner Baka Chad বাতায়নে বাঁকা চাঁদ,কামাল পাশা,200.0,http://books.com.bd/3142
Bachai Kora Amar Hcora বাছাই করা আমার ছড়া,ফারুক হোসেন,250.0,http://books.com.bd/3445
Bangladesher Narir Oggrojatra O Protibondhokota বাংলাদেশের নারীর অগ্রযাত্রা ও প্রতিবন্ধকতা,রোকেয়া কবীর,300.0,http://books.com.bd/3141
Bangladeshe E Commerce-: Somosya O Sombhabona বাংলাদেশে ই-কমার্স : সমস্যা ও সম্ভাবনা,কাজী কাওছার সুইট,200.0,http://books.com.bd/28047
Bangla Kothashahitter Shahor Poribesh O Prokriti বাংলা কথাসাহিত্যে শহর পরিবেশ ও প্রকৃতি,রাফেয়া আবেদীন,180.0,http://books.com.bd/28046
Fulbabu Bhulbabu ফুলবাবু-ভুলবাবু,সাজ্জাদ হুসাইন,80.0,http://books.com.bd/3325
Shaykh Abdul Kadir Jilani (Rh.) Pronito Futuihul Gayeb Er Bekkha শায়খ আব্দুল কাদির জিলানি (রহ.) প্রণীত ফুতুহুল গায়ব-এর ব্যাখ্যা,শাইখুল ইসলাম তাকিউদ্দিন ইবনে তাইমিয়া,210.0,http://books.com.bd/28045
Photocopy Fokhrul ফটোকপি ফখরুল,পলাশ মাহবুব,100.0,http://books.com.bd/3435
Prithi সায়েন্স ফিকশন : প্রিথি,সালমান ফরিদ,170.0,http://books.com.bd/8318
Prithibir Porichoy পৃথিবীর পরিচয়,জহুরুল আলম সিদ্দিকী,200.0,http://books.com.bd/3099
Pokkhirajer Dana পক্ষিরাজের ডানা,সাইফুর রহমান,150.0,http://books.com.bd/28044
Pach Dollar Shat Cent পাঁচ ডলার সাত সেন্ট,শেখ আব্দুল হালিম,150.0,http://books.com.bd/3419
Polimatir Putul পলিমাটির পুতুল,আবু কায়সার,50.0,http://books.com.bd/2996
The Art Of War দ্য আর্ট অব ওয়ার,সান জু,150.0,http://books.com.bd/28043
The Narrative Of Aurthor Gordon দি ন্যারেটিভ অব আর্থার গর্ডন পিম,এডগার অ্যালান পো,200.0,http://books.com.bd/3443
Dakater mukhomukhi ডাকাতের মুখোমুখি,এখ্‌লাসউদ্দিন আহ্‌মদ,100.0,http://books.com.bd/2964
Jajjaliman Juda জ্বাজ্জলিমান জুদা,মেহেদী উল্লাহ,150.0,http://books.com.bd/28042
Jo Hukum Mohashoy Jo Hukum Agge জো হুকুম মহাশয় জো হুকুম আজ্ঞে,সাজ্জাদ হুসাইন,120.0,http://books.com.bd/3333
3 November: Jail Hottar Purbopor ৩ নভেম্বর : জেল হত্যার পূর্বাপর,শারমিন আহমদ,300.0,http://books.com.bd/3396
Janar Kotha জানার কথা,অধ্যাপক ডা. মো. শহীদুল্লাহ,150.0,http://books.com.bd/3372
Jakat O Dariddro Bimochon জাকাত ও দারিদ্র্য বিমোচন,আব্দুল হাই,150.0,http://books.com.bd/3182
Chotoder Einstain ছোটদের আইনস্টাইন,খুরশীদা খাতুন,150.0,http://books.com.bd/3156
Ghorpolyansomuho ঘরপলায়ণসমূহ,তানিম কবির,130.0,http://books.com.bd/28041
Ghotechilo Ekattore ঘটেছিল একাত্তরে,কাইজার চৌধুরী,100.0,http://books.com.bd/3070
Twin Towers To Great Wall টুইন টাওয়ারস টু গ্রেট ওয়াল,মিনহাজুল ইসলাম জায়েদ,210.0,http://books.com.bd/28040
Golap [Oitj] গোলাপ,মুফতি নুরুন্নেছা খাতুন,200.0,http://books.com.bd/1312
Guptodhon Niye Jhamela শুপ্তধন নিয়ে ঝামেলা,রাহাত খান,70.0,http://books.com.bd/2988
Golpo Aro Pach গল্প আরও পাঁচ,কাইজার চৌধুরী,110.0,http://books.com.bd/3442
Golpe Shuru Jokes E Shesh গল্পে শুরু জোকসে শেষ,মাহবুবুল আলম কবীর,130.0,http://books.com.bd/3178
Gorje Uthe Bagh গর্জে ওঠে বাঘ,কেনেথ এন্ডারসন,160.0,http://books.com.bd/3111
Khuje Fera খুঁজে ফেরা,শওকত হোসেন,80.0,http://books.com.bd/3249
Kamranga Chora কামরাঙা ছড়া,মাসুদ মাহমুদ,100.0,http://books.com.bd/3277
Kosto Kahon কষ্ট কাহন,আফতাব হোসেন,200.0,http://books.com.bd/28039
Kobitar Notun Joghot কবিতার নতুন জগৎ,আহমেদ স্বপন মাহমুদ,200.0,http://books.com.bd/28038
Atmogoto আত্মগত,ধ্রুব এষ,120.0,http://books.com.bd/28037
Ajob Ghorir Deshe আজব ঘড়ির দেশে,রিজিয়া রহমান,250.0,http://books.com.bd/3452
The Wonderful Adventure Of Nils দ্য ওয়ান্ডারফুল অ্যাডভেঞ্চারস অভ নিলস,সেলমা লাগের্লোফ,125.0,http://books.com.bd/3230
Ashtobanjon অষ্টব্যঞ্জন,মাহবুব আলম,150.0,http://books.com.bd/28036
14 O Oboshishto Choy ১৩ ও অবশিষ্ট ছয়,প্রশান্ত মৃধা,70.0,http://books.com.bd/2783
Omkarshamagra ওঙ্কারসমগ্র,নির্ঝর নৈঃশব্দ,750.0,http://books.com.bd/28035
Ek Chachar Golpo এক চাচার গল্প,বারব্রো লিন্ডগ্রেন,45.0,http://books.com.bd/28034
Ei Chaya Tar Nam Diyesi Duronto Shoishob এই ছায়াটার নাম দিয়েছি দুরন্ত শৈশব,সাজ্জাদ হুসাইন,170.0,http://books.com.bd/3172
Ei Chorata Amar Oi Chorata Tomar এই ছড়াটা আমার ঐ ছড়াটা তোমার,মোশাররফ হোসেন ভূঞা,150.0,http://books.com.bd/28033
Kurosawar Attojiboni কুরোসাওয়ার আত্মজীবনী,রুদ্র আরিফ,500.0,http://books.com.bd/28032
Elish ইলিশ,সেলিনা হোসেন,100.0,http://books.com.bd/3175
Private Life Of Yahyah Khan প্রাইভেট লাইফ অফ ইয়াহিয়া খান,দেওয়ান বারীন্দ্রনাথ,175.0,http://books.com.bd/3347
Ar Risalatul Kushairiyah আর রিসালাতুল কুশায়রিয়্যাহ,ইমাম আবুল কাসিম আব্দুল কারীম ইবন হাওয়াযিন আল কুশায়রী,500.0,http://books.com.bd/3125
American science fiction Golpo - 3 আমেরিকান সায়েন্স ফিকশন গল্প - ৩,খন্দকার ইশতিয়াক মাহমুদ,180.0,http://books.com.bd/28031
Amar Shorir আমার শরীর,ডা. মিজানুর রহমান কল্লোল,50.0,http://books.com.bd/3135
Amar Desh আমাদের দেশ,এমাজউদ্দীন আহমদ,100.0,http://books.com.bd/3134
Shapodshonkul Oronne শ্বাপদসংকুল অরণ্যে,হেলেনা খান,60.0,http://books.com.bd/2760
Shopner Ghorbari স্বপ্নের ঘরবাড়ি,মোকারম হোসেন,75.0,http://books.com.bd/2987
Shawpnovromon Jerusalem স্বপ্নভ্রমণ জেরুসালেম,বুলবুল সারওয়ার,580.0,http://books.com.bd/28030
Shurjo সূর্য,অশোক দাশগুপ্ত,100.0,http://books.com.bd/3225
Share Botrish Bhaja সাড়ে বত্রিশ ভাজা,বেলাল চৌধুরী,110.0,http://books.com.bd/2984
Soroker Shesh Mor সড়কের শেষ মোড়,রেজাউর রহমান,100.0,http://books.com.bd/2608
Rajur Nobom Birombona রাজুর নবম বিড়ম্বনা,কাইজার চৌধুরী,60.0,http://books.com.bd/3256
Rong রং,ধ্রুব এষ,100.0,http://books.com.bd/3215
Mihiruner Bondhura মিহিরুণের বন্ধুরা,সেলিনা হোসেন,220.0,http://books.com.bd/2619
Mashrafe মাশরাফি,দেবব্রত মুখোপাধ্যায়,675.0,http://books.com.bd/28029
Mati মাটি,মঞ্জু সরকার,100.0,http://books.com.bd/3194
Mosha মশা,রফিকুর রশিদ,100.0,http://books.com.bd/3197
Bhorer Ful Shondhar Pakhira ভোরের ফুল সন্ধ্যার পাখিরা,মোকারম হোসেন,160.0,http://books.com.bd/3257
Vhulu Sardarer Chithi ভুলু সর্দারের চিঠি,কাইজার চৌধুরী,280.0,http://books.com.bd/28028
Bhoyonkor Deep ভয়ঙ্কর দ্বীপ,আবু কায়সার,120.0,http://books.com.bd/2971
Botol Mamar Shoptaschorjo বোতল মামার সপ্তাশ্চর্য,ধ্রুব নীল,70.0,http://books.com.bd/3266
Bayu বায়ু,আবু কায়সার,100.0,http://books.com.bd/3143
Nayoscope বায়োস্কোপ,ফারুক হোসেন,70.0,http://books.com.bd/2982
Projapoti প্রজাপতি,রফিকুর রশিদ,100.0,http://books.com.bd/3210
Pata পাতা,খায়রুল আলম সবুজ,100.0,http://books.com.bd/3205
Tajuddin Ahmed Neta O Pita তাজউদ্দীন আহমদ : নেতা ও পিতা,শারমিন আহমদ,850.0,http://books.com.bd/2526
Nonajoler Palonko নোনাজলের পালঙ্ক,মুজতবা আহমেদ মুরশেদ,50.0,http://books.com.bd/2586
Nodi নদী,মোকারম হোসেন,100.0,http://books.com.bd/3199
Nojojr Kara Nihon নজর কাড়া নিহন,ফারুক হোসেন,80.0,http://books.com.bd/2981
Doel দোয়েল,রহিম শাহ,100.0,http://books.com.bd/3168
Tota-Kahini তোতা-কাহিনী,রবীন্দ্রনাথ ঠাকুর,100.0,http://books.com.bd/3232
Chotoder Atish Dipongkor ছোটদের অতীশ দীপঙ্কর,জহুরুল আলম সিদ্দিকী,150.0,http://books.com.bd/3154
Danpiteder Kando ডানপিটেরদের কাণ্ড,সারিকা সিরাজ,80.0,http://books.com.bd/3247
Chotoder Helen Keler ছোটদের হেলেন কেলার,জহুরুল আলম সিদ্দিকী,165.0,http://books.com.bd/3161
Chotoder Mohakasher Rooprohossho ছোটদের মহাকাশের রূপরহস্য,জহুরুল আলম সিদ্দিকী,150.0,http://books.com.bd/3072
Chotoder Newton ছোটদের নিউটন,জহুরুল আলম সিদ্দিকী,150.0,http://books.com.bd/3163
Choray Chorayshuddho Bhasha ছড়ায় ছড়ায় শুদ্ধ ভাষা,সুবলকুমার বণিক,300.0,http://books.com.bd/3102
Choray Choray Shuddho Banan ছড়ায় ছড়ায় শুদ্ধ বানান,সুবলকুমার বণিক,350.0,http://books.com.bd/17187
Chapakhanar Bhut ছাপাখানার ভূত,কাইজার চৌধুরী,130.0,http://books.com.bd/3314
Guantanamor Kobita গুয়ানতানামোর কবিতা,মূর্তালা রামাত,140.0,http://books.com.bd/3121
Gaaner Desh Dhaner Desh গানের দেশ ধানের দেশ,মোশাররফ হোসেন ভূঞা,180.0,http://books.com.bd/28026
Gach [Oitijjho] গাছ,বিপ্রদাশ বড়ুয়া,100.0,http://books.com.bd/28025
Golpo Aro Choy গল্প আরও ছয়,কাইজার চৌধুরী,170.0,http://books.com.bd/3287
Kishor Bishadsindhu কিশোর বিষাদসিন্ধু,মোবাশ্বের আলি,120.0,http://books.com.bd/28024
Kajolrekha [Oitijjho] কাজলরেখা,কাজল ঘোষ,100.0,http://books.com.bd/28023
Kaktarua [SH] কাকতাড়ুয়া,সেলিনা হোসেন,60.0,http://books.com.bd/2968
Kathal কাঁঠাল,সেলিনা হোসেন,100.0,http://books.com.bd/3190
Evabe Ekdin এভাবে একদিন,মুসফেরা তাসনিম,120.0,http://books.com.bd/3368
Anondo Bedonar Golpo [HTJ] আনন্দ বেদনার গল্প,হোসেন তৌহিদ জুয়েল,80.0,http://books.com.bd/2805
Opi O Chenga-Benga অপি ও চেঙ্গাঁ বেঙ্গাঁ,এনায়েত রসুল,100.0,http://books.com.bd/2966
Ognilar Babar Haddiguddi অগ্নিলার বাবার হাড্ডিগুড্ডি,সৈয়দ ইকবাল,50.0,http://books.com.bd/2993
The Origin Of Religions দ্য অরিজিন অব রিলিজিয়নস,এরিয়ান সান-মাইথ,200.0,http://books.com.bd/2917
A Short History Of Awrongojeb এ শর্ট হিস্টরি অব আওরঙ্গজেব,যদুনাথ সরকার,520.0,http://books.com.bd/3279
A Princess Remembers এ প্রিন্সেস রিমেম্বার্স,সা'দ উল্লাহ,400.0,http://books.com.bd/2915
A To Z Biwsocup এ টু জেড বিশ্বকাপ,রুহুল মাহফুজ জয়,280.0,http://books.com.bd/28021
Wicked Women Of The Raj উইকেড উমেন অব দ্য রাজ,কোরালি ইয়াংগার,340.0,http://books.com.bd/28020
