title,author,price,url
ভালোবাসার অভাবে মরে গেছে ঘাসফড়িং Valobasar Ovabe More Geche Ghashforing,,BDT 150.00,
Baro Ghater Shesh Ghat বার ঘাটের শেষ ঘাট,সালেক উদ্দীন,BDT 150.00,
Kolpobiggan O Rohosso Golpo কল্পবিজ্ঞান ও রহস্য গল্প,বিপ্রদাশ বড়ুয়া,BDT 150.00,
Onongo Rongo অনঙ্গ রঙ্গ,মোস্তফা মীর,BDT 200.00,
Ojogor (Okhondo) অজগর,হরিপদ দত্ত,BDT 480.00,
Outsider আউটসাইডার,শামসুদ্দীন চৌধুরী,BDT 500.00,
Atnogan আত্মজ্ঞান,আব্দুল হালিম তালুকদার,BDT 120.00,
Ahmad Sharif আহমদ শরীফ,আহমদ কবির,BDT 180.00,
Uttor-Adhunik Poribesh উত্তর-আধুনিক পরিবেশ,শামসুদ্দীন চৌধুরী,BDT 350.00,
Boitik Kahini Eso Vut Tarai ভৌতিক কাহিনি এসো ভূত তাড়াই,শেখ আবদুল হাকিম,BDT 220.00,
World Famous Children's Classics ওয়ার্ল্ড ফেমাস চিলড্রেন ক্লাসিক,তারিক মাহমুদ,BDT 400.00,
Kona Tarongo কণা তরঙ্গ,রেজা এলিয়েন,BDT 240.00,
Kotha O Shahitto কথা ও সাহিত্য,হরিপদ দত্ত,BDT 240.00,
Quran O Manob Mon কোরআন ও মানব মন,সৈয়দ আব্দুল লতিফ,BDT 250.00,
Geetanjoli [Bor] গীতাঞ্জলী,আবদার রাশিদ,BDT 380.00,
Geetanjoli [sb] গীতাঞ্জলী,রবীন্দ্রনাথ ঠাকুর,BDT 50.00,
Greecer Myth গ্রিসের মিথ,শামসুদ্দীন চৌধুরী,BDT 250.00,
Charte Arketipy চারটে আর্কেটাইপ,শামসুদ্দীন চৌধুরী,BDT 300.00,
Tom Swarer Dudsahosik Abijan টম সয়ারের দুঃসাহসিক অভিযান,হোসাইন রিদওয়ান আলী খান,BDT 300.00,
Drupodi mythology ধ্রুপদী মিথলজি,শামসুদ্দীন চৌধুরী,BDT 800.00,
Nandon Tatto নন্দন তত্ত্ব,শামসুদ্দীন চৌধুরী,BDT 1200.00,
Poribesh O Biggan পরিবেশ ও বিজ্ঞান,ড. আলী আসগর,BDT 380.00,
Pakhi O Potongora Jokhon manush Chilo পাখি ও পতঙ্গরা যখন মানুষ ছিল,হরিপদ দত্ত,BDT 120.00,
Projoniy Dashonik Darona প্রয়োজনীয় দার্শনিক ধারণা,শামসুদ্দীন চৌধুরী,BDT 375.00,
Plator Pathshala প্লেটোর পাঠশালা,শামসুদ্দীন চৌধুরী,BDT 130.00,
Bangladesher Gonhotta1971 বাংলাদেশের গণহত্যা’৭১,খালেক বিন জয়েনউদ্দীন,BDT 480.00,
Bangladesher Shadinota O Bangabandhu বাংলাদেশের স্বাধীনতা ও বঙ্গবন্ধু,খালেক বিন জয়েনউদ্দীন,BDT 200.00,
Banglar Mukh Ami Dekhiachi[Born] বাংলার মুখ আমি দেখিয়াছি,শঙ্কর সেনগুপ্ত,BDT 600.00,
Ranur Prothamvag রাণুর প্রথমভাগ,বিভূতিভূষণ মুখোপাধ্যায়,BDT 250.00,
VaratShilper Sharonggo ভারতশিল্পের ষড়ঙ্গ,অবনীন্দ্রনাথ ঠাকুর,BDT 150.00,
Varjiler Eneed ভার্জিলের ঈনিড,শামসুদ্দীন চৌধুরী,BDT 500.00,
Vautik Uponnash Vuttaruya ভৌতিক উপন্যাস ভূততাড়ুয়া,শেখ আবদুল হাকিম,BDT 180.00,
Hakkolberi Finer DudsaHosik Avizan হাক্‌ল্‌বেরি ফিনের দুঃসাহসিক অভিযান,হোসাইন রিদওয়ান আলী খান,BDT 400.00,
Malloban মাল্যবান,জীবনানন্দ দাশ,BDT 180.00,
Mither Majhe Bashobash মিথের মাঝে বসবাস,শামসুদ্দীন চৌধুরী,BDT 375.00,
Mogli মোগলি,সিজান মাহমুদ তপন,BDT 160.00,
Molla Vaiyer Hasir Golpo মোল্লা ভাইয়ের হাসির গল্প,মোসাদ্দেক আহমেদ,BDT 100.00,
Jhonotar Itihash-1:Vumikaparbo যৌনতার ইতিহাস-১ : ভূমিকাপর্ব,শামসুদ্দীন চৌধুরী,BDT 275.00,
Jhonotar Itihash-2:Sukher babohar যৌনতার ইতিহাস-২ : সুখের ব্যবহার,শামসুদ্দীন চৌধুরী,BDT 450.00,
Jhonotar Itihash-3:Nijer Proti Jhotno যৌনতার ইতিহাস-৩ : নিজের প্রতি যত্ন,শামসুদ্দীন চৌধুরী,BDT 430.00,
Jhonotar Totter Tin Path যৌনতার তত্ত্বের তিন পাঠ,শামসুদ্দীন চৌধুরী,BDT 275.00,
Rajnoitik Motadorssho O Annanno Prosoggo রাজনৈতিক মতাদর্শ ও অন্যান্য প্রসঙ্গ,হায়দার আকবর খান রনো,BDT 150.00,
Richuyal Theke Romance রিচুয়াল থেকে রোমান্স,শামসুদ্দীন চৌধুরী,BDT 300.00,
Relgari Koto Dur রেলগাড়ি কত দূর,সুব্রত বড়ুয়া,BDT 120.00,
Romer Mithy রোমের মিথ,শামসুদ্দীন চৌধুরী,BDT 250.00,
Sherlock Holmes Omnibus শার্লক হোমস অমনিবাস,তারিক মাহমুদ,BDT 500.00,
Sherlock Holmeser Shrestho Avijan শার্লক হোমসের শ্রেষ্ঠ অভিযান,স্যার আর্থার কোনান ডয়েল,BDT 120.00,
Sanggarami Sukornno সংগ্রামী সুকর্ন,আনিস সিদ্দিকী,BDT 180.00,
Sahoj chitrosikka সহজ চিএশিক্ষা,অবনীন্দ্রনাথ ঠাকুর,BDT 100.00,
Sahitto Samalochona সাহিত্য সমালোচনা,আহমদ কবির,BDT 960.00,
Hatrimatim Pakhir Jonmokatha হাট্টিমাটিম পাখির জম্মকথা,হরিপদ দত্ত,BDT 100.00,
Hason Razar Gan হাসন রাজার গান,ড. আবুল আহসান চৌধুরী,BDT 300.00,
Homor হোমর,শামসুদ্দীন চৌধুরী,BDT 250.00,
Homrer Eliyad হোমরের ইলিয়াদ,শামসুদ্দীন চৌধুরী,BDT 350.00,
Chader Pahar [Bornayon] চাঁদের পাহাড়,বিভূতিভূষণ বন্দ্যোপাধ্যায়,BDT 100.00,
Gopal Varer Hasir Golpo [Adigonto Prk] গোপাল ভাঁড়ের হাসির গল্প,ফারহানা কাইয়ুম অপর্ণা,BDT 70.00,
Asimov আসিমভ,ইকবাল আলমগীর কবির,BDT 0.00,
Ai Boita Tomar এই বইটা তোমার,লুৎফর রহমান রিটন,BDT 800.00,
Kato Kathar Khoi কত কথার খই,মোশাররফ হোসেন ভূঞা,BDT 300.00,
Katha Kathasahitto কথা কথাসাহিত্য,হাসান আজিজুল হক,BDT 300.00,
Kornokusum O Kalopakhar Projapoti কর্ণকুসুম ও কালোপাখার প্রজাপতি,আখতার হুসেন,BDT 250.00,
Kacher Manush কাছের মানুষ,ফারুক হোসেন,BDT 400.00,
Kishorsamoggro[SK] কিশোরসমগ্র,শামসুজ্জামান খান,BDT 700.00,
Krishi O Unnoyonchinta কৃষি ও উন্নয়নচিন্তা,শাইখ সিরাজ,BDT 500.00,
Krishi Sangbadikota কৃষি সাংবাদিকতা,অধ্যাপক ড. গোলাম রহমান,BDT 350.00,
Khushir Pora Mojar Chara খুশির পড়া মজার ছড়া,শৈলেন্দ্র হালদার,BDT 200.00,
Ganesh Dhanesh Ranesh Ebang Vhuter Baccha গণেশ ধনেশ রণেশ এবং ভূতের বাচ্চা,লুৎফর রহমান রিটন,BDT 300.00,
"Good morning, Kido the Foringni গুড মর্নিং কিডো দ্য ফড়িংনি",ধ্রুব এষ,BDT 150.00,
Golkunhdar Hiro গোলকুন্ডার হিরে,দীপ মুখোপাধ্যায়,BDT 200.00,
Ghurir Moto Uri ঘুড়ির মতো উড়ি,ফারুক হোসেন,BDT 300.00,
Ghure Asi Pranirajje ঘুরে আসি প্রাণিরাজ্যে,রহিম শাহ,BDT 250.00,
Chad Utheche Fhul Futeche চাঁদ উঠেছে ফুল ফুটেছে,আনোয়ারুল ইসলাম,BDT 400.00,
Char Beharar Palki চার বেহারার পালকি,আবুল মোমেন,BDT 200.00,
Chirodin Tomar Akash চিরদিন তোমার আকাশ,সাজ্‌জাদ আরেফিন,BDT 500.00,
Chorai Chorai Jibon Gorai ছড়ায় ছড়ায় জীবন গড়ায়,আসলাম সানী,BDT 250.00,
Amader Shishu Sahitto Chondomoy Sonali rekha আমাদের শিশু সাহিত্য ছন্দোময় সোনালি রেখা,রাশেদ রউফ,BDT 400.00,
Bangladesher Shadinota Sangrame Shilhpi  Samaj বাংলাদেশের স্বাধীনতা সংগ্রামে শিল্পী সমাজ,বীরেন সোম,BDT 700.00,
Batase Bisorjjon বাতাসে বিসর্জন,সৌভিক রেজা,BDT 100.00,
Bristi Niye Bishti Golpo বৃষ্টি নিয়ে বিশটি গল্প,আমীরুল ইসলাম,BDT 400.00,
Braziler Makorsha O Arekti Golpo ব্রাজিলের মাকড়সা ও আরেকটি গল্প,ফরিদুর রেজা সাগর,BDT 300.00,
Vasha Sahitto sangskiti Katha ভাষা সাহিত্য সংস্কৃতি কথা,সেলিনা হোসেন,BDT 500.00,
Vuter Biyer Nimontrone ভূতের বিয়ের নিমন্ত্রণে,লুৎফর রহমান রিটন,BDT 300.00,
Madubok মধুবক,হাশেম খান,BDT 250.00,
Mayer Jonno Rupkatha মায়ের জন্য রূপকথা,আমীরুল ইসলাম,BDT 350.00,
Mahasurir Behala মাহসুরির বেহালা,জাহিদ রেজা নূর,BDT 350.00,
Michiler Rupkatha মিছিলের রূপকথা,আমীরুল ইসলাম,BDT 400.00,
Mitul O Tar Robot মিতুল ও তার রবোট,মুহম্মদ জাফর ইকবাল,BDT 200.00,
Muktir Sangram মুক্তির সংগ্রাম,আনিসুজ্জামান,BDT 850.00,
Mrittusojjay Ami Eka মৃত্যুশয্যায় আমি একা,মাহবুব তালুকদার,BDT 150.00,
Meghnar Jonno lekha মেঘনার জন্য লেখা,ফরিদুর রেজা সাগর,BDT 300.00,
Meye Tumi Fuler Moto Ho মেয়ে তুমি ফুলের মতো হও,ফারুক নওয়াজ,BDT 200.00,
Ronbir Chhora রনবী'র ছড়া,রফিক উন নবী,BDT 250.00,
Rabindranath: Tar Aloi Tar Chayi রবীন্দ্রনাথ : তাঁর আলোয় তাঁর ছায়ায়,সনৎকুমার সাহা,BDT 300.00,
Rastro O Sangskriti Samajikota রাষ্ট্র ও সংস্কৃতিক সামাজিকতা,সিরাজুল ইসলাম চৌধুরী,BDT 300.00,
Russiar Rupkatha রাশিয়ার রূপকথা,রহিম শাহ,BDT 175.00,
Ratul Mama Filmster রাতুলমামা ফিল্মস্টার,ফরিদুর রেজা সাগর,BDT 300.00,
Lal Zebrar Magic লাল জেব্রার ম্যাজিক,লুৎফর রহমান রিটন,BDT 300.00,
Liliputer Chotovai লিলিপুটের ছোটভাই,লুৎফর রহমান রিটন,BDT 250.00,
Sudhui Rabindranath শুধুই রবীন্দ্রনাথ,শাহাবুদ্দীন নাগরী,BDT 300.00,
Shubosokal শুভসকাল,মারুফুল ইসলাম,BDT 200.00,
Sheyal Hate Deyale শেয়াল হাঁটে দেয়ালে,হাশেম খান,BDT 120.00,
Shaunak R Half Russian Evaner Adventure শৌনক আর হাফ রাশান ইভানের অ্যাডভেঞ্চার,জাহিদ রেজা নূর,BDT 300.00,
Sholoi Dekha 71 ষোলোয় দেখা ৭১,আবদুল্লাহ আল আমিন,BDT 150.00,
Sokalbelar Pakhi সকালবেলার পাখি,রহিম শাহ,BDT 600.00,
Samudrer Niche Koyekdin সমুদ্রের নিচে কয়েকদিন,তপন বন্দ্যোপাধ্যায়,BDT 250.00,
Saiji সাঁইজি,মারুফুল ইসলাম,BDT 200.00,
Sumoner Bondu সুমনের বন্ধু,কাইজার চৌধুরী,BDT 400.00,
Surjo Othar Somoy সূর্য ওঠার সময়,সুজন বড়ুয়া,BDT 160.00,
Sonali Dinguli সোনালী দিনগুলি,আবুল মাল আব্দুল মুহিত,BDT 600.00,
Sritimoy Kormojibon স্মৃতিময় কর্মজীবন,আবুল মাল আব্দুল মুহিত,BDT 600.00,
Hartaler Bhutbaba হরতালের ভূতবাবা,সেলিনা হোসেন,BDT 300.00,
Hatrimatim Chara হাট্টিমাটিম ছড়া,রহিম শাহ,BDT 200.00,
Shell Silverstein He Bideshi Chora শেল সিলভারস্টেন হে বিদেশি ছড়া,আমীরুল ইসলাম,BDT 240.00,
21 August Shorojontrere Arekti Din ২১ আগস্ট ষড়যন্ত্রের আরেকটি দিন,বদরুল হাসান কচি,BDT 150.00,
Agniban অগ্নিবাণ,জাফর পাঠান,BDT 100.00,
Online Shangbadikota অনলাইন সাংবাদিকতা,নাসির আহমাদ রাসেল,BDT 150.00,
Aborod Pronoyrat অবরোধে প্রণয়রাত,খান চমন-ই-এলাহি,BDT 135.00,
Aronnani অরণ্যানী,আল হেলাল আজাদী,BDT 175.00,
Abdul Sankkat আব্দুল সংকট,শফিক হিরো,BDT 100.00,
Amar Noyone Tumi আমার নয়নে তুমি,মৌলি মালিকা কামাল,BDT 200.00,
Uronto Danar Doirghe উড়ন্ত ডানার দৈর্ঘ্যে,মুহম্মদ নূরুল হুদা,BDT 100.00,
Eikhane Amader Hridoy এইখানে আমাদের হৃদয়,কামাল আতাউর রহমান,BDT 120.00,
Ek Jhuri Golpo এক ঝুড়ি গল্প,প্রদীপ কুমার কর্মকার,BDT 135.00,
Ek Guccho Sada Kabita একগুচ্ছ সাদা কবিতা,রিশাল ফয়সাল,BDT 82.00,
Elachipurer Sei Look এলাচিপুরের সেই লোক,মাহমুদ কামাল,BDT 120.00,
Kaan Pete Roi কান পেতে রই,উম্মে হাবিবা মুন্নী,BDT 140.00,
Kerala : Soundorjer Debi কেরালা : সৌন্দর্যের দেবী,ড. প্রভাস চন্দ্র রায়,BDT 250.00,
Kokiler Daak কোকিলের ডাক,আবদুশ শুকুর খান,BDT 140.00,
Ekdin Bukjole Neme একদিন বুকজলে নেমে,স. ম. শামসুল আলম,BDT 120.00,
Chai Bish Amorota চাই বিষ অমরতা,মহাদেব সাহা,BDT 120.00,
Chorakobitar Alongkar ছড়া কবিতার অলংকার,হাসান রাউফুন,BDT 150.00,
Janaker Protikriti O Amar Kabita জনকের প্রতিকৃতি ও আমার কবিতা,মাহবুব আলতমাস,BDT 120.00,
Jalpahaar Char Chomotkar জল পাহাড় চার চমৎকার,সাযযাদ কাদির,BDT 150.00,
Jolmohol জলমহল,সাফিনা আক্তার,BDT 30.00,
Jatiyo Sanggsade জাতীয় সংসদে,সুধাংশু শেখর হালদার,BDT 250.00,
Zia Mane Biplob জিয়া মানে বিপ্লব,শামীম আনসারী,BDT 200.00,
Julee Rahmaner Kabita জুলি রহমানের কবিতা,জুলি রহমান,BDT 550.00,
Josner Aloway Anudito Bishannata জোছনার আলোয় অনূদিত বিষণ্নতা,ইফতেখার হালিম,BDT 120.00,
Daake Mohakal ডাকে মহাকাল,নার্গিস পারভীন,BDT 150.00,
Trisna Prohor তৃষ্ণা প্রহর,শ্রাবণ নজরুল,BDT 100.00,
Tomay Prothom Dekhechi তোমায় প্রথম দেখেছি,ড. প্রভাস চন্দ্র রায়,BDT 150.00,
Tomar Name Ekta Kusum Dediketet Tobe তোমার নামে একটা কুসুম ডেডিকেটেড টবে,রাহাত রাস্তি,BDT 130.00,
Dekhbo Bangladesh Gorbo Bangladesh দেখব বাংলাদেশ গড়ব বাংলাদেশ,জাহাঙ্গীর আলম শোভন,BDT 250.00,
Droher Dohon দ্রোহের দহন,জাফর পাঠান,BDT 135.00,
Nij Dayittwe Hasun নিজ দায়িত্বে হাসুন,ইমন চৌধুরী,BDT 150.00,
Nile Caffeer Valobasha নীল ক্যাফের ভালোবাসা,সোহানুর রহমান অনন্ত,BDT 135.00,
Punornirbachito Ami পুনর্নিবাচিত আমি,অমিতাভ পাল,BDT 100.00,
Priyo Kobita [GB] প্রিয় কবিতা,গৌরশংকর বন্দ্যোপাধ্যায়,BDT 140.00,
Priyo Shawdesh প্রিয় স্বদেশ,কামাল আতাউর রহমান,BDT 135.00,
Prem Kokhono Modur Kokhono Bedonabidhur প্রেম কখনো মধুর কখনো বেদনাবিধুর,ওবায়দুল হক মিলন,BDT 150.00,
Bangladesh Bhasani Naper Rajniti বাংলাদেশে ভাসানী ন্যাপের রাজনীতি,শামিমা আকতার লিপি,BDT 450.00,
Fese Gelen Gedu Chacha ফেঁসে গেলেন গেদু চাচা,মো. মঈন উদ্দিন,BDT 135.00,
Fenir Sangbadik O Songbadpatro ফেনীর সাংবাদিক ও সংবাদপত্র,শাহাদাত হোসেন,BDT 200.00,
Facebook Triangle ফেসবুক ট্রায়াঙ্গল,রাহমাতুন নোমান,BDT 135.00,
Bangla Shahitto Parichoy বাংলা সাহিত্য পরিচয়,কামাল আতাউর রহমান,BDT 200.00,
Birohee Nolok বিরহী নোলক,নার্গিস পারভীন,BDT 150.00,
Beche Achi Sopnomanus বেঁচে আছি স্বপ্নমানুষ,মহাদেব সাহা,BDT 100.00,
Mujibnama মুজিবনামা,শফিক হিরো,BDT 100.00,
Mustibaddho Hat মুষ্টিবদ্ধ হাত,জাফর পাঠান,BDT 100.00,
Rajar Hukum রাজার হুকুম,মোল্লা জামান,BDT 120.00,
Shakespearer Golpo শেক্সপিয়ারের গল্প,রেজা কারিম,BDT 120.00,
Shishu O Shishu শিশু ও শিশু,শফিক হিরো,BDT 100.00,
Srabone Barsha শ্রাবণে বর্ষা,ওবায়দুল হক মিলন,BDT 135.00,
Swopnanaree স্বপ্ননারী,এন এইচ কে মিঠু,BDT 120.00,
Sangbade Boichitro সংবাদে বৈচিত্র্য,শওকত আলী রতন,BDT 100.00,
Songsaptok Shekh Hasina সংশপ্তক শেখ হাসিনা,তানভীর আলাদিন,BDT 200.00,
Somoyer Katha সময়ের কথা,এম এম খালেদ সাইফুল্লা,BDT 250.00,
Sahochinton সহচিন্তন,সাযযাদ কাদির,BDT 350.00,
Swapnonongar স্বপ্ননোঙর,আব্দুর রহীম আজাদ,BDT 250.00,
Bangladesher Kobi O Kobita [SS] বাংলাদেশের কবি ও কবিতা,শফিক সাইফুল,BDT 800.00,
Lokkho Amar Pokkho Neoya লক্ষ্য আমার পক্ষ নেওয়া,আখতারুজ্জামান আজাদ,BDT 400.00,
Time Machine টাইম মেশিন,মোস্তফা মীর,BDT 100.00,
Dhormo Noitikota O Jibondorshon ধর্ম নৈতিকতা ও জীবনদর্শন,জে. এইচ. তালুকদার,BDT 400.00,
Dola দোলা,পি. আর. প্ল্যাসিড,BDT 250.00,
Tokyor Chithi টোকিওর চিঠি,পি. আর. প্ল্যাসিড,BDT 200.00,
Zonggi Moilbad O Biponno Manobadikar জঙ্গী মৌলবাদ ও বিপন্ন মানবাধিকার,শাহরিয়ার কবির,BDT 300.00,
Chokath Periye চৌকাঠ পেরিয়ে,কমলকলি,BDT 150.00,
Chadbeger Gor চাঁদবেগের গড়,খালেকদাদ চৌধুরী,BDT 250.00,
Uzaner Jatri উজানের যাত্রী,মোহাম্মদ জয়নুল আবেদিন,BDT 150.00,
An Introduction To Applied Linguistics And ELT এন ইন্ট্রোডাকশন টু অ্যাপ্লায়েড লিঙ্গুইস্টিক্স এন্ড ইএলটি,জুরাানা আজিজ,BDT 500.00,
Banking Finance Economics and Capital Market ব্যাংকিং ফিন্যান্স ইকোনোমিক্স এ্যান্ড ক্যাপিটাল মার্কেট,নাসিরউদ্দিন আহমেদ,BDT 350.00,
Effective Teaching Skills ইফেক্টিভ টিচিং স্কীলস,অধ্যাপক ডাঃ এম এ হান্নান ফিরোজ,BDT 500.00,
Opposites Attract অপোজিটস অ্যাট্রাক,রেমি স্টেফানি রোজারিও,BDT 300.00,
Selected Poems of Quazi Rosy( সিলেক্টেড পয়েমস অব কাজী রোজি,সিদ্দিক মাহমুদুর রহমান,BDT 120.00,
The Meter Franking Cancellation of Bangladesh দ্য মেটার ফ্রাঙ্কীন ক্যান্সেলেশন অব বাংলাদেশ,ইশতিয়াক আহমেদ খান,BDT 250.00,
Anittyo Shor অনিত্য স্বর,মাহমুদা রুনু,BDT 150.00,
Alo Adarer Satkahon আলো আঁধারের সাতকাহন,কাশফিয়া আঁখি,BDT 250.00,
English Bornnomalay Bangla Vashar Path ইংরেজি বর্ণমালায় বাংলা ভাষার পাঠ,মোজাম্মেল হক,BDT 150.00,
Anno Rokom Shukh অন্য রকম সুখ,রিতা আলম,BDT 150.00,
Ekjon Mohanaoker Katha একজন মহানায়কের কথা,ঐন্দ্রিলা আহমেদ,BDT 300.00,
Ekti Atmar Apomitru একটি আত্মার অপমৃত্যু,খালেকদাদ চৌধুরী,BDT 300.00,
Allergy O Asthma Rog O Protikar এলার্জি ও এ্যাজমা রোগ ও প্রতিকার,ডা. গোবিন্দ চন্দ্র দাস,BDT 250.00,
Kingbodontti Jatiyo Neta  Abdur Razzak কিংবদন্তি জাতীয় নেতা আব্দুর রাজ্জাক,মাহবুবুর রহমান রিপন,BDT 300.00,
Qur'an Kanika কোরআন কণিকা,মোহাম্মদ আবদুর রায্‌যাক,BDT 300.00,
Chorui Pakhir Kichir Michir চড়ুই পাখির কিচির মিচির,হাসান শরীফ,BDT 150.00,
Sonamonider Prio Thakurmar Jhuli সোনামণিদের প্রিয় ঠাকুরমার ঝুলি,,BDT 160.00,
Durdommo Koishor দুর্দম্য কৈশোর,জুয়েল আহসান কামরুল,BDT 250.00,
Issera Sob ইচ্ছেরা সব,সায়ীদ আব্দুল করিম,BDT 30.00,
Hashir Pach Uponnash হাসির পাঁচ উপন্যাস,মোস্তফা মামুন,BDT 500.00,
Hollywooder Hoichoi Shaheb হলিউডের হইচই সাহেব,ফরিদুর রেজা সাগর,BDT 120.00,
Ajgubi Rat আজগুবি রাত,সৈয়দ মনজুরুল ইসলাম,BDT 225.00,
Hong Konger Hakkani Shaheb হংকং-এর হাক্কানী সাহেব,ফরিদুর রেজা সাগর,BDT 100.00,
Daruchini Deepe দারুচিনি দ্বীপে,রাবেয়া খাতুন,BDT 200.00,
Appayan আপ্যায়ন,শওকত ওসমান,BDT 450.00,
Bongobondhur Somadhite বঙ্গবন্ধুর সমাধিতে,সৈয়দ শামসুল হক,BDT 80.00,
Ek Mutho Jonmobhumi এক মূঠো জন্মভূমি,সৈয়দ শামসুল হক,BDT 120.00,
Prithimi Tomake Ami Bhalobashi পৃথিবী তোমাকে আমি ভালবাসি,মহাদেব সাহা,BDT 50.00,
Amar Chokeh আমার চোখ,আনিসুজ্জামান,BDT 300.00,
Valentine Jokes ভ্যালেন্টাইন জোকস,আহসান হাবীব,BDT 60.00,
Charti Kishor Upannash চারটি কিশোর উপন্যাস,নাসরীন জাহান,BDT 300.00,
Pachti Uponnash পাঁচটি উপন্যাস,নাসরীন জাহান,BDT 500.00,
Megher Shonali Chul মেঘের সোনালী চুল,নাসরীন জাহান,BDT 50.00,
Shornoloker Ghora স্বর্ণলোকের ঘোড়া,নাসরীন জাহান,BDT 150.00,
Gorosthane Kokiler Korun Ahban গোরোস্তানের কোকিলের করূণ আহ্ববান,শামসুর রহমান,BDT 80.00,
Muuktijuddher Kobita মুক্তিযুদ্ধের কবিতা,কবীর চৌধুরী,BDT 175.00,
Amar Pitar Mukh আমার পিতার মুখ,সিরাজুল ইসলাম চৌধুরী,BDT 250.00,
Chobol ছোবল,হাসান আজিজুল হক,BDT 120.00,
Tin Prober Jibon তিন পর্বের জীবন,সৈয়দ মনজুরুল ইসলাম,BDT 200.00,
Tinti Kishor Uponnash তিনটি কিশোর উপন্যাস,স্বদেশ রায়,BDT 75.00,
Kernish E Jhulonto Golap কার্নিশে ঝুলন্ত গোলাপ,আনোয়ারা সৈয়দ হক,BDT 275.00,
Kaler Dhuloy Lekha কালের ধুলোয় লেখা,শামসুর রহমান,BDT 300.00,
Neel Mosha নীল মশা,জাকারিয়া স্বপন,BDT 225.00,
Fire Asha ফিরে আসা,রাহাত খান,BDT 60.00,
Shakespeareer Golpo শেক্সপীয়ারের গল্প,কবীর চৌধুরী,BDT 200.00,
Odhikarbhittik Unnayan অধিকারভিত্তিক উন্নয়ন,আতিউর রহমান,BDT 275.00,
Bangladesh Amar Bangladesh বাংলাদেশ আমার বাংলাদেশ,রামেন্দু মজুমদার,BDT 380.00,
Uponnash Shomogro [Ssh] -6 উপন্যাস সমগ্র-৬,সৈয়দ শামসুল হক,BDT 250.00,
Sreshtho Kobita [Anannya] শ্রেষ্ঠ কবিতা,মোহাম্মদ সাদিক,BDT 275.00,
Meghpahar মেঘপাহাড়,ওয়াসি আহমেদ,BDT 90.00,
Hasan Hafizur Rahman jibon o sahitto হাসান হাফিজুর রহমান জীবন ও সাহিত্য,অন্যান্য,BDT 400.00,
Shirostran Guli শিরস্ত্রাণ গুলি,অন্যান্য,BDT 100.00,
Twok O Chuler Jotno ত্বক ও চুলের যত্ন,ডঃ ওয়াইনজা,BDT 170.00,
Bangladesher Pakhi [MAT] বাংলাদেশের পাখি,এম এ তাহের,BDT 1500.00,
Hridoy Bodol হৃদয় বদল,নিজামউদ্দিন লস্কর,BDT 220.00,
Jinghibad O Gonomaddhom জঙ্গিবাদ ও গণমাধ্যম,জিয়াউল কবির সুমন,BDT 580.00,
Bigganer Darshon বিজ্ঞানের দর্শন,,BDT 550.00,
Sreshtho Romantice Uponyash [HA] শ্রেষ্ঠ রোমান্টিক উপন্যাস,হুমায়ূন আহমেদ,BDT 600.00,
Kajoler Dinratri কাজলের দিনরাত্রি,মুহম্মদ জাফর ইকবাল,BDT 175.00,
স্ক্রিবলস প্রগা রহমান,,BDT 600.00,
Jotodure Jai [Afbr] যত দূরে যাই,ইমদাদুল হক মিলন,BDT 100.00,
Book Of Knowledge [Afsar Brths] বুক অব নলেজ,সিকান্দার আবুল বাশার,BDT 350.00,
Neelake Porira Niye Giyechilo নীলকে পরীরা নিয়ে গিয়েছিল,সারওয়ার-উল-ইসলাম,BDT 90.00,
Natok Natore নাটক নাটোরে,ফরিদুর রেজা সাগর,BDT 50.00,
Bangladesher Ful বাংলাদেশের ফুল,এম এ তাহের,BDT 1500.00,
Amajaniya আমাজনিয়া,জেমস রলিন্স,BDT 400.00,
Headhunters হেডহান্টারস,জো নেসবো,BDT 300.00,
The Boy In The Striped Pajamas দ্য বয় ইন দি স্ট্রাইপ্‌ড পাজামাস,জন বয়েন,BDT 150.00,
The Dresden Files: Storm Front দ্য ড্রেসডেন ফাইল্‌স : স্টর্ম ফ্রন্ট,জিম বুচার,BDT 240.00,
The Divorce Of Suspicious X দ্য ডিভোশন অব সাসপেক্ট এক্স,কিয়েগো হিগাশিনো,BDT 280.00,
Samvala সাম্ভালা (এক রোমাঞ্চকর অভিযাত্রা),শরীফুল হাসান,BDT 720.00,
Somoye Siri Beye Ekti Bullet সময়ের সিঁড়ি বেয়ে একটি বুলেট,জাবেদ রাসিন,BDT 200.00,
Rita Hayworth And Shashanka Redemption রিটা হেওয়ার্থ অ্যান্ড শশাঙ্ক রিডেম্পশান,স্টিফেন কিং,BDT 140.00,
Minimalist মিনিমালিস্ট,মাশুদুল হক,BDT 320.00,
Blackgete ব্ল্যাকগেট,জাবেদ রাসিন,BDT 220.00,
Britrito Adhar বিস্তৃত আধাঁর,জাবেদ রাসিন,BDT 350.00,
Before The Fall বিফোর দ্য ফল,নোয়া হলি,BDT 350.00,
The Dresden Files: Fullmoon দ্য ড্রেসডেন ফাইল্‌স: ফুলমুন,জিম বুচার,BDT 270.00,
First Family ফার্স্ট ফ্যামিলি,ডেভিড বালদাশি,BDT 380.00,
Fallen ফলেন,ক্যারিন স্লটার,BDT 380.00,
Nemesis [AA] নেমেসিস,আইজাক আজিমভ,BDT 440.00,
Three: Fertiysix A M থ্রি: ফরটিসিক্স এ. এম,নিক পিরোগ,BDT 150.00,
Three: Ten A M 3:10 AM থ্রি : টেন এ এম ৩:১০ এএম,নিক পিরোগ,BDT 140.00,
THREE AM থ্রি এ এম,নিক পিরোগ,BDT 130.00,
Three: Twentiwan AM: Three: Thirtyfour AM থ্রি : টোয়েন্টিওয়ান এএম : থ্রি: থার্টিফোর এএম,নিক পিরোগ,BDT 300.00,
Tomisra তমিস্রা,জাবেদ রাসিন,BDT 250.00,
Double Indemnity ডাবল ইনডেমনিটি,তানজীরুল ইসলাম,BDT 150.00,
Danay Agun ডানায় আগুন,আরিয়ান শুভ,BDT 250.00,
Dogma ডগমা,জাবেদ রাসিন,BDT 280.00,
Trash ট্র্যাশ,অ্যান্ডি মুলিগান,BDT 220.00,
Tel No One টেল নো ওয়ান,হারলান কোবেন,BDT 320.00,
Chandrahoto চন্দ্রাহত,জাবেদ রাসিন,BDT 140.00,
Dresden files: Ggrave Peril ড্রেসডেন ফাইল্‌স: গ্রেভ পেরিল,জিম বুচার,BDT 280.00,
The Client দ্য ক্লায়েন্ট,জন গ্রিশাম,BDT 350.00,
Arcon আর্কন,তানজীম রহমান,BDT 300.00,
After Dark আফটার ডার্ক,হারুকি মুরাকামি,BDT 200.00,
Asuya অসূয়া,জাবেদ রাসিন,BDT 140.00,
Octarine অক্টারিন,তানজীম রহমান,BDT 380.00,
Arohee Andho Prohor আরোহী অন্ধ প্রহর,রবিন জামান খান,BDT 200.00,
Aar Ami Hobo Dhongsotara আর আমি হবো ধ্বংসতারা,তানজীম রহমান,BDT 400.00,
Adharer Jatri আঁধারের যাত্রী,শরীফুল হাসান,BDT 250.00,
Andhare Goheen Niruddese আঁধারের গহীন নিরুদ্দেশে,ওয়াসি আহমেদ,BDT 150.00,
Awlad Miar Vaater Hotel আওলাদ মিয়ার ভাতের হোটেল,নিয়াজ মেহেদী,BDT 140.00,
Sopto Ripu সপ্ত রিপু,রবিন জামান খান,BDT 450.00,
Sisifase Bondi সিসিফাসে বন্দি,তানিয়া সুলতানা,BDT 200.00,
Soptos সপ্তশ,সালেহ তিয়াস,BDT 130.00,
Shapod Shone শ্বাপদ সনে,নাবিল মুহতাসিম,BDT 200.00,
Shongkhoronga Jol শঙ্খরঙা জল,তানিয়া সুলতানা,BDT 180.00,
The Lost Symbol দ্য লস্ট সিম্বল,ড্যান ব্রাউন,BDT 500.00,
Ratri Sheser Gaan রাত্রি শেষের গান,শরীফুল হাসান,BDT 150.00,
Robindonath Ekhane Kkhono Khete Asen Ni রবীন্দ্রনাথ এখানে কখনও খেতে আসেন নি,মোহাম্মদ নাজিম উদ্দিন,BDT 300.00,
Je Hirokkhonde Ghumie Kukurdol যে হীরকখণ্ডে ঘুমিয়ে কুকুরদল,কিশোর পাশা ইমন,BDT 450.00,
Megh Bisader Golpo মেঘ বিষাদের গল্প,শরীফুল হাসান,BDT 200.00,
Mrittu Dea Vora Chand মৃত্যু দিয়ে ভরা চাঁদ,শাহেদ জামান,BDT 200.00,
Mrigotrisha মৃগতৃষা,কিশোর পাশা ইমন,BDT 350.00,
Mithoscriya মিথস্ক্রিয়া,কিশোর পাশা ইমন,BDT 320.00,
Manosha মানসা,শাহনাজ পান্না,BDT 200.00,
Bajikor বাজিকর,নাবিল মুহতাসিম,BDT 280.00,
Bazi বাজি,নাবিল মুহতাসিম,BDT 340.00,
Forty Eight Hours ফোরটিএইট আওয়ার্স,রবিন জামান খান,BDT 200.00,
Phoenix ফিনিক্স,জাহিদ হোসেন,BDT 270.00,
Proloy প্রলয়,সালমান হক,BDT 200.00,
Pendulum পেন্ডুলাম,মোহাম্মদ নাজিম উদ্দিন,BDT 320.00,
Inferno ইনফার্নো,ড্যান ব্রাউন,BDT 480.00,
Nemesis নেমেসিস,মোহাম্মদ নাজিম উদ্দিন,BDT 300.00,
Nexus নেক্সাস,মোহাম্মদ নাজিম উদ্দিন,BDT 400.00,
Nishachor নিশাচর,বাপ্পী খান,BDT 140.00,
Nikhajkabbo নিখোঁজকাব্য,সালমান হক,BDT 180.00,
The Da Vinci Code দ্য দা ভিঞ্চি কোড,ড্যান ব্রাউন,BDT 400.00,
Thriller Golposongkolon-4 থৃলার গল্পসঙ্কলন -৪,মোহাম্মদ নাজিম উদ্দিন,BDT 320.00,
Thriller Golposongkolon-3 থৃলার গল্পসঙ্কলন-৩,মোহাম্মদ নাজিম উদ্দিন,BDT 280.00,
Thriller Golpo Songkolon-2 থৃলার গল্প সংকলন-২,মোহাম্মদ নাজিম উদ্দিন,BDT 250.00,
Thriller Golpo Songkolon থৃলার গল্প সংকলন,মোহাম্মদ নাজিম উদ্দিন,BDT 220.00,
Deception Point ডিসেপশন পয়েন্ট,ড্যান ব্রাউন,BDT 300.00,
Jal জাল,মোহাম্মদ নাজিম উদ্দিন,BDT 240.00,
Janaranyae Eka Koyekjon জনারন্যে একা কয়েকজন,শরীফুল হাসান,BDT 250.00,
Keu Keu Katha Rakhe কেউ কেউ কথা রাখে,মোহাম্মদ নাজিম উদ্দিন,BDT 280.00,
Kadduseas কাদ্যুসেয়াস,জাহিদ হোসেন,BDT 270.00,
Korachi করাচি,মোহাম্মদ নাজিম উদ্দিন,BDT 300.00,
Contract কন্ট্রাক্ট,মোহাম্মদ নাজিম উদ্দিন,BDT 340.00,
Confession কনফেশন,মোহাম্মদ নাজিম উদ্দিন,BDT 300.00,
Ek Jora Chokh  Khoje Arek Jora Chokheke একজোড়া চোখ খোঁজে আরেক জোড়া চোখকে,জাহিদ হোসেন,BDT 140.00,
Ishworer Mukosh ঈশ্বরের মুখোশ,জাহিদ হোসেন,BDT 240.00,
Oshprissota অস্পৃশ্যতা,নজরুল ইসলাম,BDT 250.00,
Alba Nera আলবা নেরা,তানিয়া সুলতানা,BDT 280.00,
Origin অরিজিন,ড্যান ব্রাউন,BDT 500.00,
Oparthib অপার্থিব,সুস্ময় সুমন,BDT 150.00,
1952 : Nechok Kono Songkha Noy ১৯৫২ : নিছক কোন সংখ্যা নয়,মোহাম্মদ নাজিম উদ্দিন,BDT 400.00,
25 Se March ২৫ শে মার্চ,রবিন জামান খান,BDT 250.00,
Humayunama হুমায়ুননামা,গুলবদন বেগম,BDT 200.00,
Himur Rupali Ratri হিমুর রূপালী রাত্রি,হুমায়ূন আহমেদ,BDT 200.00,
Himu Ebong Ekti Russian Pori হিমু এবং একটি রাশিয়ান পরী,হুমায়ূন আহমেদ,BDT 150.00,
Hashte Mana হাসতে মানা,কাজী আব্দুল আলিম,BDT 50.00,
Shoundorjototto কোরআনের আলেকে সৌন্দর্যতত্ত্ব,এস. এম. জাকির হুসাইন,BDT 100.00,
Srishtikorta Shottii Achen! সৃষ্টিকর্তা সত্যিই আছেন!,এস. এম. জাকির হুসাইন,BDT 180.00,
Surjer Din সূর্যের দিন,হুমায়ূন আহমেদ,BDT 100.00,
Shuorthobodhok Nam Shobdokosh সুঅর্থবোধক নাম শব্দকোষ,খন্দকার মাশহুদ-উল-হাছান,BDT 200.00,
Safoller Montro সাফল্যের মন্ত্র,অগ ম্যান্ডিনো,BDT 150.00,
Sroshtar Shondhane স্রষ্টার সন্ধানে,শামায়েল,BDT 100.00,
Somoyer Hishabe Bhul সময়ের হিসাবে ভুল,আব্দুল কাদেরী,BDT 180.00,
Sheet O Onnanno Golpo শীত ও অন্যান্য গল্প,হুমায়ূন আহমেদ,BDT 120.00,
Shikkha Poribhasha Kosh [gp] শিক্ষা পরিভাষা কোষ,ড. সুলতান মাহমুদ ভূইয়া,BDT 580.00,
Shishutosh Golposamogro শিশুতোষ গল্পসমগ্র,সুকুমার রায়,BDT 325.00,
Rubaiyat-E-Jalaluddin রুবাইয়াৎ-ই-জালালউদ্দীন,মুহম্মদ জালালউদ্দীন বিশ্বাস,BDT 150.00,
Rosh-Kosh রস-কষ,আহসান হাবীব,BDT 120.00,
Mogol Somrat Aourongojeb মোগল সম্রাট আওরঙ্গজেব,মুহম্মদ জালালউদ্দীন বিশ্বাস,BDT 150.00,
Megher Arale Chaad: Shottoke Dekhar Obyartho Upay মেঘের আড়ালে চাঁদ: সত্যকে দেখার অব্যর্থ উপায়,এস. এম. জাকির হুসাইন,BDT 170.00,
Manusher Adi Uthsho মানুষের আদি উৎস,আখতার-উল-আলম,BDT 180.00,
Manusher Mullo Ebong Shotto মানুষের মূল্য এবং সত্য,এস. এম. জাকির হুসাইন,BDT 100.00,
Mohakashe Mohatrash মহাকাশে মহাত্রাস,মুহম্মদ জাফর ইকবাল,BDT 80.00,
Mokkar Poth মক্কার পথ,শাহেদ আলী,BDT 290.00,
Mohapurush মহাপুরুষ,হুমায়ূন আহমেদ,BDT 100.00,
Bhoutik Omonibash [HA] ভৌতিক অমনিবাস,হুমায়ূন আহমেদ,BDT 500.00,
Bhingroher Praner Shondhane ভিন গ্রহের প্রাণের সন্ধানে,আনিসুল হক,BDT 120.00,
"Bhalobasho, Bacho ভালোবাসো, বাঁচো",আনিসুল হক,BDT 120.00,
Bangke Khao Chumu! ব্যাঙকে খাও চুমু!,ব্রায়ান ট্রেসি,BDT 220.00,
Bideshi Premer Pongktimala বিদেহী প্রেমের পংক্তিমালা,এস. এম. জাকির হুসাইন,BDT 130.00,
Project Nebula প্রজেক্ট নেবুলা,মুহম্মদ জাফর ইকবাল,BDT 150.00,
Beej Gonito Mojar Hote Pare বীজগণিত ও মজার হতে পারে,ইয়াকভ পেরেলম্যান,BDT 200.00,
Bigganer 100 Mojar khela বিজ্ঞানের একশ মজার খেলা,মুহম্মদ জাফর ইকবাল,BDT 100.00,
Biggani Shofdar Ali'r Moha Moha Abishkar বিজ্ঞানী সফদর আলীর মহা মহা আবিষ্কার,মুহম্মদ জাফর ইকবাল,BDT 200.00,
Bany Cirontany বাণী চিরন্তনী,কাজী আব্দুল আলিম,BDT 350.00,
Baibel Quran O Biggan বাইবেল কোরআন ও বিজ্ঞান,ড. মরিস বুকাইলি,BDT 250.00,
Bangladesher Bichar Babostha Abong Nimno Adalater Bichar বাংলাদেশের বিচার ব্যবস্থা এবং নিম্ন আদালতের বিচার,এ. কে. এম. আবদুল আউয়াল মজুমদার,BDT 400.00,
Boktritar Byakaron বক্তৃতার ব্যাকরণ,এস. এম. জাকির হুসাইন,BDT 130.00,
Fera [TN] ফেরা,তসলিমা নাসরিন,BDT 100.00,
Fire Faoya Sukh ফিরে পাওয়া সুখ,জসীম উদ্দিন (হিরন),BDT 80.00,
Pakhi Tumi Hsedin Rate Kedechile Keno? পাখি তুমি সেদিন রাতে কাঁদছিলে কেন?,নাসরীন জাহান,BDT 75.00,
Adhar Kora Alo আধাঁর করা আলো,তৌহিদুর রহমান,BDT 200.00,
Golpshomogro -2[Alm] গল্পসমগ্র-২,আল মাহমুদ,BDT 600.00,
Heavens Fall হেভেনস ফল,আহসান সেনান,BDT 250.00,
Bangladesher Lokproshashon [EA] বাংলাদেশ লোকপ্রশাসন,এমাজউদ্দীন আহমদ,BDT 275.00,
Pret প্রেত,মুহম্মদ জাফর ইকবাল,BDT 150.00,
Priyo Rasul (Sa.)-Er Priyo Mo Ze Za প্রিয় রসুল (সা.) -এর প্রিয় মো জে জা,মুহম্মদ জালালউদ্দীন বিশ্বাস,BDT 200.00,
Proshner Dorshon প্রশ্নের দর্শন,এস. এম. জাকির হুসাইন,BDT 120.00,
Proshanto Attay Mrittuhin Porom Shanti প্রশান্ত আত্মায় মৃত্যুহীন পরম শান্তি,এস. এম. জাকির হুসাইন,BDT 120.00,
Probase Amra প্রবাসে আমরা,সাদিকুল আওয়াল,BDT 180.00,
Bishoy Bhittik Pobitro Quraner Bani বিষয় ভিত্তিক পবিত্র কুরআনের বাণী,মো: আব্দুস সাত্তার খান,BDT 450.00,
Nripoti নৃপতি,হুমায়ূন আহমেদ,BDT 100.00,
Nishikabbo নিশিকাব্য,হুমায়ূন আহমেদ,BDT 100.00,
Nirbachito Column নির্বাচিত কলাম,তসলিমা নাসরিন,BDT 150.00,
Nastiker Monostotto নাস্তিকের মনস্তত্ত্ব,এস. এম. জাকির হুসাইন,BDT 80.00,
Nal Piran নাল পিরান,আনিসুল হক,BDT 200.00,
Namajer Mohajagotik Rohossho নামাযের মহাজাগতিক রহস্য,এস. এম. জাকির হুসাইন,BDT 100.00,
Natok Somogro [MZI] নাটকসমগ্র,মুহম্মদ জাফর ইকবাল,BDT 425.00,
Mati O Manusher Chashabash মাটি ও মানুষের চাষবাস,শাইখ সিরাজ,BDT 300.00,
Nut Boltu নাট বল্টু,মুহম্মদ জাফর ইকবাল,BDT 150.00,
Nobo Jatoker Shundor Nam [SAH] নব জাতকের সুন্দর নাম,সাইয়েদ আশেকুল হাই,BDT 100.00,
Notun Notun Mojar Khela নতুন নতুন মজার খেলা,কাজী আব্দুল আলিম,BDT 50.00,
Dhormo Ki? Islam Ki? ধর্ম কী? ইসলাম কী?,এস. এম. জাকির হুসাইন,BDT 100.00,
Quraner Aloke Dhormer Manchitro O Bhetorer Gyan কোরআনের আলোকে ধর্মের মানচিত্র ও ভেতরের জ্ঞান,এস. এম. জাকির হুসাইন,BDT 100.00,
Dhaka Namer Shohor O Onnanno ঢাকা নামের শহর ও অন্যান্য,মুহম্মদ জাফর ইকবাল,BDT 180.00,
Dhongshattok Dhyan! ধ্বংসাত্মক ধ্যান!,এস. এম. জাকির হুসাইন,BDT 120.00,
Omicronic Rupantor ওমিক্রণিক রূপান্তর,মুহম্মদ জাফর ইকবাল,BDT 120.00,
Uponnashsomogro [RA] [Gyankosh] উপন্যাসসমগ্র,রবীন্দ্রনাথ ঠাকুর,BDT 600.00,
Ak British GoeandarDaeary এক ব্রিটিশ গোয়েন্দার ডায়েরি (ইসলামের বিরুদ্ধে ষড়যন্ত্রে নিয়োজিত),ড. এ আর খান,BDT 100.00,
Allahor Poricoy আল্লাহর পরিচয়,এস. এম. জাকির হুসাইন,BDT 100.00,
Allahor Namer Marefot আল্লাহর নামের মারেফত,এস. এম. জাকির হুসাইন,BDT 180.00,
Allahor Nam Totto O Anushongik Proshongo আল্লাহর নাম তত্ত্ব ও আনুষঙ্গিক প্রসঙ্গ,মিজানুর রহমান ফকির,BDT 200.00,
Allah'r Ostitto O Nidorshon আল্লাহর অস্তিত্ব ও নিদর্শন,প্রকৌঃ মিয়া মোহাম্মদ লোকমান,BDT 120.00,
Al Quraner Shottotar Okatto Proman আল-কোরআনের সত্যতার অকাট্য প্রমাণ,এস. এম. জাকির হুসাইন,BDT 140.00,
Humayun Ahmed,,,http://authors.com.bd/1121
Imdadul Haque Milon,,,http://authors.com.bd/1123
Qazi Anwar Husain,,,http://authors.com.bd/1155
Muntassir Mamoon,,,http://authors.com.bd/1209
Muhammed Zafar Iqbal,,,http://authors.com.bd/1122
Anisul Hoque,,,http://authors.com.bd/1362
Rakib Hassan,,,http://authors.com.bd/1161
Rabindranath Tagore,,,http://authors.com.bd/1448
Arober Etihash আরবের ইতিহাস,প্রফেসর পি. কে. হিট্টির,BDT 280.00,
Amar Shottokothon আমার সত্যকথন,স্কোয়াড্রন লীডার (অব.) মুহাম্মদ নূরুল ইসলাম,BDT 180.00,
Afsoser Shokti Ebong Thar Shotbyabohar আফসোসের শক্তি এবং তার সদ্ব্যবহার,এস. এম. জাকির হুসাইন,BDT 80.00,
Quraer Aloke Addhatik Shoktir Utsho Ebong Alokiker Sannidalav কোরআনের আলোকে আধ্যাত্মিক শক্তির উৎস এবং অলৌকিকের সান্নিধ্যলাভ,এস. এম. জাকির হুসাইন,BDT 200.00,
Attopolobdhi Ebong Moner Shokti আত্মোপলব্ধি এবং মনের শক্তি,এস. এম. জাকির হুসাইন,BDT 240.00,
Joino Monobiggan যৌন মনোবিজ্ঞান,হ্যাভলক এলিস,BDT 160.00,
Jokhon Giyeche Dube Ponchomir Chd যখন গিয়েছে ডুবে পঞ্চমীর চাঁদ,হুমায়ূন আহমেদ,BDT 100.00,
Khuku Gelo Dhaka খুকু গেল ঢাকা,আবু সালেহ,BDT 75.00,
Pracheen Prithibir Khoje প্রাচীন পৃথিবীর খোঁজে,আলী ইমাম,BDT 300.00,
Pracheen Shobbotar Khoje প্রাচীন সভ্যতার খোঁজে,আলী ইমাম,BDT 300.00,
Dhyaner Shokti Ebong Nobojibon ধ্যানের শক্তি এবং নবজীবন,এস. এম. জাকির হুসাইন,BDT 120.00,
Dhoni Howar Biggan ধনী হওয়ার বিজ্ঞান,ওয়ালেস ডি. ওয়াটলস্‌,BDT 180.00,
The Spirit of Islam And A Short History Of The Saracens দ্য স্পিরিট অব ইসলাম এ্র্যান্ড এ শর্ট হিস্ট্রি অব দ্য স্যারাসিন্‌স্‌,সৈয়দ আমীর আলী,BDT 280.00,
Marma Roopkotha মারমা রূপকথা,আশরাফুল হক রাজীব,BDT 60.00,
The Present দ্য প্রেজেন্ট (কাজ ও জীবনকে উপভোগের গোপন রহস্য),সুহৃদ সরকার,BDT 150.00,
The Choice-2 দি চয়েস -২য় খণ্ড,আখতার-উল-আলম,BDT 200.00,
Deep [Ahsan Habeeb] দ্বীপ,আহসান হাবীব,BDT 160.00,
Dekha Alo Na Dekha Rup [GyanKosh] দেখা আলো না দেখা রূপ,মুহম্মদ জাফর ইকবাল,BDT 130.00,
The Exorcist দি একসরসিস্ট,হুমায়ূন আহমেদ,BDT 180.00,
Dorjar Opashe দরজার ওপাশে,হুমায়ূন আহমেদ,BDT 180.00,
Tomader Proshno  Amar Uttor তোমাদের প্রশ্ন আমার উত্তর,মুহম্মদ জাফর ইকবাল,BDT 150.00,
T-Rexer shondhane টি-রেক্সের সন্ধানে,মুহম্মদ জাফর ইকবাল,BDT 100.00,
Gyaner Monostotto জ্ঞানের মনস্তত্ত্ব,এস. এম. জাকির হুসাইন,BDT 100.00,
Jurul Chowdhuryr Manikjorh জারুল চৌধুরীর মানিকজোড়,মুহম্মদ জাফর ইকবাল,BDT 100.00,
Chelemanushi ছেলেমানুষী,মুহম্মদ জাফর ইকবাল,BDT 90.00,
Char Kholifar Jibone চার খলিফার জীবনী,মুহম্মদ জালালউদ্দীন বিশ্বাস,BDT 200.00,
Gopon Mrittu O Nonobijon-2 গোপন মৃত্যু ও নবজীবন-২,এস. এম. জাকির হুসাইন,BDT 100.00,
Gopon Mrittu O Nonobijon-1 গোপন মৃত্যু ও নবজীবন-১,এস. এম. জাকির হুসাইন,BDT 140.00,
Golpoguccho [Gyankosh] গল্পগুচ্ছ,রবীন্দ্রনাথ ঠাকুর,BDT 450.00,
Goniter Bisshoykor Jogot-1st Part গণিতের বিস্ময়কর জগৎ-১ম খণ্ড,এস. এম. জাকির হুসাইন,BDT 200.00,
Khelay Khelay Biggan [SA] খেলায় খেলায় বিজ্ঞান,শেখ আনোয়ার,BDT 150.00,
Khelaghor [SZH] খেলাঘর,এস. এম. জাকির হুসাইন,BDT 120.00,
Khachar Vitor Ochin Pakhi খাঁচার ভেতর অচিন পাখি,এস. এম. জাকির হুসাইন,BDT 100.00,
Quraner Guptogan কোরআনের গুপ্তজ্ঞান,এস. এম. জাকির হুসাইন,BDT 120.00,
Quraner Monajat And Hamd কোরআনের মোনাজাত এবং হামদ,এস. এম. জাকির হুসাইন,BDT 80.00,
Quraner Oloukik Uccharon Ebong Tar Shoktir Rohossho কোরআনের অলৌকিক উচ্চারণ এবং তার শক্তির রহস্য,এস. এম. জাকির হুসাইন,BDT 140.00,
Quranic Self Control O Mrittuhin Jibon কোরানিক সেলফ্ কন্ট্রোল এবং মৃত্যুহীন জীবন,এস. এম. জাকির হুসাইন,BDT 150.00,
Kishor Uponnashsomogro-5 [MZI] কিশোর উপন্যাসসমগ্র-৫,মুহম্মদ জাফর ইকবাল,BDT 425.00,
Kishor Uponnashsamogro -4 [MZI] কিশোর উপন্যাসসমগ্র -৪,মুহম্মদ জাফর ইকবাল,BDT 450.00,
Kishor Uponnashshomogro -3 [MZI] কিশোর উপন্যাসসমগ্র-৩,মুহম্মদ জাফর ইকবাল,BDT 400.00,
Kishor Uponnashsomogro-2 [MZI] কিশোর উপন্যাসসমগ্র-২,মুহম্মদ জাফর ইকবাল,BDT 375.00,
Kishor Uponnash shomogro-1 [MZI] কিশোর উপন্যাসসমগ্র-১,মুহম্মদ জাফর ইকবাল,BDT 350.00,
Kalema Taieara- O Sahadar Marephot কলেমা তাইয়েবা ও শাহাদার মারেফত,এস. এম. জাকির হুসাইন,BDT 120.00,
Computere Hate Khori--1[Gyankosh] কম্পিউটারে হাতে খড়ি - ১,মোঃ আজিজুর রহমান খান,BDT 100.00,
Adi Banglar Etihash-2 আদি বাংলার ইতিহাস-২,মোঃ শহীদুর রহমান,BDT 700.00,
Adi Banglar Etihash-1 আদি বাংলার ইতিহাস -১,মোঃ শহীদুর রহমান,BDT 700.00,
Alpo Swalpo Romma Golpo অল্প স্বল্প রম্য গল্প,আহসান হাবীব,BDT 120.00,
Ontorer Tirthojattra অন্তরের তীর্থযাত্রা,এস. এম. জাকির হুসাইন,BDT 160.00,
Ontorer Shukh O Addhatik Dawai অন্তরের অসুখ ও আধ্যাত্মিক দাওয়াই,এস. এম. জাকির হুসাইন,BDT 120.00,
Moncho Natok 1971[Ha] মঞ্চ নাটক ১৯৭১,হুমায়ূন আহমেদ,BDT 100.00,
Mastering Web Design And Development - 2nd Part মাস্টারিং ওয়েব ডিজাইন এন্ড ডেভেলপমেন্ট-২য় খণ্ড,বাপ্পী আশরাফ,BDT 450.00,
Mastering Web Design And Development - Part 1 মাস্টারিং ওয়েব ডিজাইন এন্ড ডেভেলপমেন্ট - ১ম খণ্ড,বাপ্পী আশরাফ,BDT 450.00,
Microsoft Word XP 2007 মাইক্রোসফ্‌ট ওয়ার্ড এক্সপি-২০০৭,মোঃ আজিজুর রহমান খান,BDT 200.00,
SPSS 16.01 For Windows এসপিএসএস ১৬.০১ ফর উইন্ডোজ,মোঃ আজিজুর রহমান খান,BDT 200.00,
Adobe Premier Pro CS6 এডোবি প্রিমিয়ার প্রো সিএস ৬,বাপ্পী আশরাফ,BDT 420.00,
A S P (2 Part) এ এস পি (দ্বিতীয় খন্ড),কামরুল হায়দার,BDT 400.00,
Internet E Ghore Boshei Ay ইন্টারনেটে ঘরে বসেই আয়,মোজাহেদুল ইসলাম ঢেউ,BDT 200.00,
Engineering drawing ইঞ্জিনিয়ারিং ড্রয়িং,প্রকৌশলী মোঃ শাহা আলম,BDT 250.00,
Art of programming contest আর্ট অফ প্রোগ্রামিং কনটেস্ট,আহমেদ শামসুল আরেফীন,BDT 250.00,
Electronic Commerce : Agamee Diner Babsha ইলেক্ট্রনিক কমার্স : আগামী দিনের ব্যবসা,মোঃ আজিজুর রহমান খান,BDT 130.00,
Internet Attokormoshongsthan-2 Oursourcing ইন্টারনেটে আত্মকর্মসংস্থান-২ আউটসোর্সিং (সিডি সহ),,BDT 350.00,
Computer programming language: C সবার জন্য কম্পিউটার প্রোগ্রামিং ল্যাংগুয়েজ : C (৪র্থ সংস্করণ),মোঃ কামরুজ্জামান নিটন,BDT 450.00,
Object Oriented Programming And C++ অবজেক্ট ওরিয়েন্টেড প্রোগ্রামিং এবং সি++,মোঃ কামরুজ্জামান নিটন,BDT 370.00,
Search Engine Optimization সার্চ ইঞ্জিন অপটিমাইজেশন,,BDT 320.00,
Software Installation And Usage সফটওয়্যার ইনস্টলেশন ও ব্যবহার,মোঃ আজিজুর রহমান খান,BDT 250.00,
Redhat FeDora Linux (with CD / DVD) রেডহ্যাট ফিডোরা লিনাক্স (সিডি/ ডিভিডিসহ),সুহৃদ সরকার,BDT 520.00,
Advanced Mobile Phone Engineering অ্যাডভান্সড মোবাইল ফোন ইঞ্জিনিয়ারিং,ইঞ্জিনিয়ার সফিকুল ইসলাম,BDT 230.00,
Mastering Internet মাস্টারিং ইন্টারনেট,মোঃ আজিজুর রহমান খান,BDT 350.00,
Autodasc Maya-8.5 অটোডেস্ক মায়া-৮.৫,মৌসুমী আক্তার,BDT 450.00,
"Mastering Microsoft Excel XP, 2003, 2007,97,2003 And 2010 মাস্টারিং মাইক্রোসফ্‌ট এক্‌সেস এক্সপি, ২০০৩, ২০০৭ এন্ড ২০১০",বাপ্পী আশরাফ,BDT 175.00,
Mastering Microsoft Excel XP & 2007 মাস্টারিং মাইক্রোসফ্ট এক্সেল এক্সপি এবং 2007,মুহাম্মদ আহসানুল্লাহ,BDT 150.00,
"Microsoft Office (including training guide CD) version 2007, 2010 and 2013 মাইক্রোসফ্‌ট অফিস (ট্রেনিং গাইড সিডিসহ) ভার্সন ২০০৭, ২০১০ এবং ২০১৩",বাপ্পী আশরাফ,BDT 250.00,
Microsoft Windows version XP And Vista মাইক্রোসফ্‌ট উইন্ডোজ ভার্সন এক্সপি এন্ড ভিসটা,বাপ্পী আশরাফ,BDT 200.00,
Macromedia Director 8.5 ম্যাক্রোমিডিয়া ডিরেক্টর ৮.৫ (লিংগো ও সিডিসহ),বাপ্পী আশরাফ,BDT 450.00,
DATA STRUCTURE AND ALGORITHMS APPLIED APROACH ডাটা স্ট্রাকচার এন্ড আলগোরিদমস অ্যাপ্লায়েড অপ্ৰাচ,প্রফেসর ড. মো: ইসমাইল জাবিউল্লাহ,BDT 320.00,
Visual Basic-6 সবার জন্য ভিজুয়্যাল বেসিক-৬,মোঃ কামরুজ্জামান নিটন,BDT 335.00,
Freer Razze  Internet ফ্রির রাজ্যে ইন্টারনেট,ইঞ্জিঃ মোঃ ওমর ফয়সাল,BDT 100.00,
"Mastering Microsoft FrontPage version: XP, 97, 2000 and 2003 মাষ্টারিং মাইক্রোসফ্‌ট ফ্রন্টপেজ ভার্সন: এক্সপি, ৯৭, ২০০০ এন্ড ২০০৩",বাপ্পী আশরাফ,BDT 150.00,
PC Hardware and Assembly Guide (CD) পিসি হার্ডওয়্যার ও এ্যাসেম্বল গাইড (সিডি সহ),মোঃ আজিজুর রহমান খান,BDT 300.00,
Python Programming Foundation পাইথন প্রোগ্রামিং ফাউন্ডেশন,মোহাম্মদ মিজানুর রহমান (নয়ন),BDT 250.00,
VB.NET And Database Programming VB.NET এবং ডাটাবেজ প্রোগ্রামিং,মোঃ কামরুজ্জামান নিটন,BDT 350.00,
Mastering Joomla Site Building মাস্টারিং জুমলা সাইট বিল্ডিং,সুহৃদ সরকার,BDT 400.00,
Tally ERP-9 (CD) ট্যালি ইআরপি-৯ (সিডি সহ),মোঃ আজিজুর রহমান খান,BDT 450.00,
Total Graphics Design ইন্টারনেটে অর্থ উপার্জনসহ টোটাল গ্রাফিক্স ডিজাইন,বাপ্পী আশরাফ,BDT 490.00,
Computer Hardware Guide কম্পিউটার হার্ডওয়্যার গাইড,মোজাহেদুল ইসলাম ঢেউ,BDT 300.00,
Quark Express-7 কোয়ার্ক এক্সপ্রেস-৭,বাপ্পী আশরাফ,BDT 200.00,
Qbasic programming কিউবেসিক প্রোগ্রামিং,শাওন সুহৃদ,BDT 280.00,
Somaj Bodole Bongobondur Blue-Print সমাজ বদলে বঙ্গবন্ধুর ব্লু প্রিন্ট,অধ্যাপক আবু সাইয়িদ,BDT 300.00,
"Kacher Cricket Durer Cricket কাছের ক্রিকেট, দূরের ক্রিকেট",উৎপল শুভ্র,BDT 175.00,
Computer Hardware কম্পিউটার হার্ডওয়্যার,কামরুল হায়দার,BDT 300.00,
Computer Hardware Maintenance And Troubleshooting [EMH] কম্পিউটার হার্ডওয়্যার মেইনট্যানেন্স এন্ড ট্রাবলশুটিং,ইঞ্জিনিয়ার মোঃ মমিনুল হক,BDT 350.00,
Introduction To Computer Fundamentals ইন্ট্রোডাকশন টু কম্পিউটার ফান্ডামেন্টালস,প্রফেসর ড. মো: ইসমাইল জাবিউল্লাহ,BDT 250.00,
Computer Avidhan [Gyankosh] কম্পিউটার অভিধান (ছোট),তারিকুল ইসলাম চৌধুরী,BDT 165.00,
Computer Avidhan [Gyankosh] কমপিউটার অভিধান (বড়),তারিকুল ইসলাম চৌধুরী,BDT 450.00,
"Complete (Advanced And Professional) Mastering Microsoft Excel-version XP-20077, 2010 and 2013 (with CD) কমপ্লিট(অ্যাডভান্সড ও প্রোফেশনাল) মাস্টারিং মাইক্রোসফট এক্সেল-ভার্সন এক্সপি-২০০৭, ২০১০ ও ২০১৩ (সিডিসহ)",বাপ্পী আশরাফ,BDT 330.00,
Computer Hardware Maintenance And Troubleshooting কমপিউটার হার্ডওয়্যার মেইনট্যানেন্স এন্ড ট্রাবলশুটিং,তারিকুল ইসলাম চৌধুরী,BDT 200.00,
"Microsoft Access 2013,10,07 মাইক্রোসফ্‌ট এক্‌সেস ২০১৩,১০,০৭",,BDT 380.00,
Linux System Administration লিনাক্স সিস্টেম অ্যাডমিনিস্ট্রেশন,প্রকৌশলী মোহাম্মদ মিজানুর রহমান,BDT 430.00,
Linux Enterprise Solutions লিনাক্স এন্টারপ্রাইজ সলিউশন,প্রকৌশলী মোহাম্মদ মিজানুর রহমান,BDT 160.00,
Software Development In C # সফটওয়্যার ডেভেলপমেন্ট ইন সি #,আহমেদ শামসুল আরেফীন,BDT 280.00,
Oracle SQL And PL / SQL (11G And 12C) ওরাকল এসকিউএল এবং পিএল/এসকিউএল (১১জি এবং ১২সি),মোহাম্মদ মিজানুর রহমান (নয়ন),BDT 300.00,
Odesk And Outsourcing Practical Outsourcing (CD) ওডেস্ক অ্যান্ড আউটসোর্সিং প্র্যাকটিক্যাল আউটসোর্সিং (সিডি সহ),মো: মিজানুর রহমান,BDT 400.00,
Expert Networking এক্সপার্ট নেটওয়ার্কিং,সুহৃদ সরকার,BDT 450.00,
HTMLl 5 : Sohoj Path With (CD) এইচটিএমএল ৫ : সহজ পাঠ (সিডি সহ),সুহৃদ সরকার,BDT 340.00,
Windows 8 And 7 উইন্ডোজ ৮ অ্যান্ড ৭,বাপ্পী আশরাফ,BDT 350.00,
Internete Attokarmosongsthan-1 ইন্টারনেটে আত্মকর্মসংস্থান-১ (ডিভিডি সহ),মো: মিজানুর রহমান,BDT 480.00,
E-commerce ই-কমার্স,,BDT 250.00,
E-commerce And joomla! : Witchcraft ই-কমার্স এন্ড জুমলা! : ভার্চুমার্ট,মো: মিজানুর রহমান,BDT 320.00,
Abohaoa O Jolobayu Biggan আবহাওয়া ও জলবায়ু বিজ্ঞান (পঞ্চম সংস্করণ),রফিক আহমেদ,BDT 300.00,
Advance Microsoft Excel 2013 অ্যাডভান্স মাইক্রোসফ্‌ট এক্সেল-২০১৩,মো: মিজানুর রহমান,BDT 350.00,
Cisco Networking সিসকো নেটওয়াকিং,সুহৃদ সরকার,BDT 360.00,
C Language Complete Reference সি ল্যাংগুয়েজ কমপ্লিট রেফারেন্স,সরদার তারেক হাবিব,BDT 400.00,
Achievement And Creativity Tests শিক্ষালব্ধ জ্ঞান ও সৃজনশীলতার অভীক্ষা,অধ্যাপক নীহাররঞ্জন সরকার,BDT 200.00,
Shikkhon Totto শিক্ষণ তত্ত্ব,অধ্যাপক নীহাররঞ্জন সরকার,BDT 250.00,
Ashavabik Monobiggan : Manosik Badhir Lokhon Karon O Adhunik Chikitsha Poddhoti অস্বাভাবিক মনোবিজ্ঞান : মানসিক ব্যাধির লক্ষণ কারণ ও আধুনিক চিকিৎসা পদ্ধতি,অধ্যাপক নীহাররঞ্জন সরকার,BDT 400.00,
"Mastering Microsoft Word : Version - 2007, 2010, 2013 মাষ্টারিং মাইক্রোসফ্‌ট ওয়ার্ড : ভার্সন-২০০৭, ২০১০, ২০১৩",বাপ্পী আশরাফ,BDT 350.00,
"Microsoft Project And Microsoft Office - 2007, 2010 and 2013 মাইক্রোসফ্‌ট প্রোজেক্ট ও মাইক্রোসফ্‌ট অফিস - ২০০৭, ২০১০ ও ২০১৩",বাপ্পী আশরাফ,BDT 340.00,
"Microsoft Office (Training Guide) XP, 2003, 2007 and 2010 মাইক্রোসফ্‌ট অফিস (ট্রেনিং গাইড) এক্সপি, ২০০৩, ২০০৭ এবং ২০১০",বাপ্পী আশরাফ,BDT 200.00,
Adobe Macromedia Dreamweaver অ্যাডোভি ম্যাক্রোমিডিয়া ড্রীমওয়েভার,মো: মিজানুর রহমান,BDT 350.00,
Hozrot Muhammad (Sm) Ar Jiboni হযরত মোহাম্মদ (সঃ) এর জীবনী,শেখ মোহাম্মদ ইসমাইল,BDT 420.00,
Monoshomikkhon Motodhara মনোসমীক্ষণ মতধারা,প্রফেসর মঞ্জুর আহমদ,BDT 100.00,
Monobigganer Etihas O Motobad মনোবিজ্ঞানের ইতিহাস ও মতবাদ,অধ্যাপক নীহাররঞ্জন সরকার,BDT 230.00,
Monoboigganik Porimapon O Porishongkhan মনোবৈজ্ঞানিক পরিমাপণ ও পরিসংখ্যান,অধ্যাপক নীহাররঞ্জন সরকার,BDT 400.00,
Monobiggan O Jibon (Snatok O Snatokottor) মনোবিজ্ঞান ও জীবন (স্নাতক ও স্নাতকোত্তর),অধ্যাপক নীহাররঞ্জন সরকার,BDT 370.00,
Beganing Joomla বিগীনিং জুমলা,মো: মিজানুর রহমান,BDT 220.00,
Big Bang Theke Homo Sapiens বিগ ব্যাং থেকে হোমো স্যাপিয়েনস,মুহম্মদ জাফর ইকবাল,BDT 175.00,
Forex trading ফরেক্স ট্রেডিং,মো: মিজানুর রহমান,BDT 380.00,
Php And mysql পিএইচপি অ্যান্ড মাইএসকিউএল,মো: মিজানুর রহমান,BDT 430.00,
Advanced Joomla! অ্যাডভান্সড জুমলা!,মো: মিজানুর রহমান,BDT 240.00,
Javascript জাভাস্ক্রিপ্ট,মো: মিজানুর রহমান,BDT 500.00,
Java programming From Budding To Advance জাভা প্রোগ্রামিং ফ্রম বিগীনিং টু এ্যাডভান্স,,BDT 400.00,
CorelDraw & Photo-Paint কোরেল ড্র এবং ফটোপেইন্ট,বাপ্পী আশরাফ,BDT 450.00,
Advanced WordPress অ্যাডভান্সড ওয়ার্ডপ্রেস,মো: মিজানুর রহমান,BDT 350.00,
Oshovabi Monobiggan অস্বভাবী মনোবিজ্ঞান,প্রফেসর মঞ্জুর আহমদ,BDT 200.00,
Object-oriented programming php অবজেক্ট ওরিয়েন্টেড প্রোগ্রামিং পিএইচপি,মো: মিজানুর রহমান,BDT 370.00,
AutoCAD Blue Book অটোক্যাড ব্লু বুক,প্রকৌশলী মোঃ শাহা আলম,BDT 450.00,
"Microsoft Word in a Week (version 97, 2000, XP, 2003) মাইক্রোসফ্‌ট ওয়ার্ড ইন এ উইক (ভার্সন ৯৭, ২০০০, এক্সপি, ২০০৩)",বাপ্পী আশরাফ,BDT 100.00,
Vocabulary Plus ভোকাবুলারি প্লাস,এস. এম. জাকির হুসাইন,BDT 150.00,
Visual Basic .Net And Windows Programming ভিজুয়্যাল বেসিক ডট নেট এবং উইন্ডোজ প্রোগ্রামিং,মোঃ কামরুজ্জামান নিটন,BDT 300.00,
Universal Writing Skills ইউনিভার্সাল রাইটিং স্কিলস,এস. এম. জাকির হুসাইন,BDT 200.00,
Super-Fluency in Speaking and Writing সুপার-ফ্লুয়েন্সি ইন স্পিকিং এন্ড রাইটিং,এস. এম. জাকির হুসাইন,BDT 200.00,
Selected Essays সিলেক্টেড এসেস,এস. এম. জাকির হুসাইন,BDT 150.00,
Microsoft PowerPoint Computer Handheld XP2003 মাইক্রোসফ্‌ট পাওয়ারপয়েন্ট কম্পিউটারে হাতেখড়ি এক্সপি-২০০৩,বাপ্পী আশরাফ,BDT 75.00,
IELTS Vocabulary And Reading Practice আইইএলটিএস ভোকাবুলারি এন্ড রিডিং প্রাকটিস,এস. এম. জাকির হুসাইন,BDT 180.00,
English Power ইংলিশ পাওয়ার,এস. এম. জাকির হুসাইন,BDT 375.00,
5-Day Basic English Course ৫-ডে বেসিক ইংলিশ কোর্স,এস. এম. জাকির হুসাইন,BDT 180.00,
Ekti Kalo Borkhar Rohosso একটি কালো বোরখার রহস্য,আবুল বাশার (ভারত),BDT 150.00,
Eisob Valobasa Miche Noy এইসব ভালোবাসা মিছে নয়,আবদুল্লাহ আল ইমরান,BDT 180.00,
Uttorheen Proshno উত্তরহীন প্রশ্ন,সৈয়দ বোরহান কবীর,BDT 300.00,
Ure Jay Nill Tip উড়ে যায় নীল টিপ,আবদুল্লাহ আল ইমরান,BDT 150.00,
Erani Cholochittro: 10 Nari Nirmata ইরানী চলচ্চিত্র: ১০ নারী নির্মাতা,উদিসা ইসলাম,BDT 225.00,
Ami Ekdin Nikhoj Hobo আমি একদিন নিখোঁজ হবো,সাদাত হোসাইন,BDT 200.00,
Amar Sadinota আমার স্বাধীনতা,বিলি উইলিয়াম গমেজ,BDT 390.00,
Amar Ar Kothao Jaoyar Nei আমার আর কোথাও যাওয়ার নেই,সাদাত হোসাইন,BDT 150.00,
Amra Agaro Jon আমরা এগারো জন,উইলিয়াম গোমেজ,BDT 450.00,
Amra Eksonge Hetechilam আমরা একসঙ্গে হেঁটেছিলাম,আবু হাসান শাহরিয়ার,BDT 170.00,
Attojobnik আত্মজৈবনিক,মোনায়েম সরকার,BDT 600.00,
Apleshastro আপেলশাস্ত্র,ইশতিয়াক আহমেদ,BDT 135.00,
Attohonnon Kingba Hopnoporano Akhan আত্মহনন কিংবা স্বপ্নপোড়ানো আখ্যান,রুবাইয়াৎ আহমেদ,BDT 95.00,
Ainer Sohoj Path-2 আইনের সহজ পাঠ-২,তানজিম আল ইসলাম,BDT 240.00,
Hirimba হিড়িম্বা,রুবাইয়াৎ আহমেদ,BDT 135.00,
Hawya Horiner Chadmari হাওয়া হরিণের চাঁদমারি,সুব্রত অগাস্টিন গোমেজ,BDT 100.00,
Horinsotorkopoth হরিণসতর্কপথ,নিতুপূর্ণা,BDT 110.00,
Srostha Ek Mohan Shilpi স্রষ্টা এক মহান শিল্পী,মোঃ তাজুল ইসলাম মাস্টার,BDT 120.00,
Mokarom Shaheber Dinkal মোকারম সাহেবের দিনকাল,জামাল রেজা,BDT 150.00,
Shadhinatajuddhe Amra স্বাধীনতাযুদ্ধে আমরা,উইলিয়াম গোমেজ,BDT 390.00,
Showpner Ami O Annora স্বপ্নের আমি ও অন্যরা,রায়হান রাইন,BDT 180.00,
Surjjo Bidayer Din সূর্য বিদায়ের দিন,এম.এস. নাহার খন্দকার,BDT 45.00,
Simana Chariye সীমানা ছাড়িয়ে,রুবাইয়াৎ আহমেদ,BDT 150.00,
Sineola-3 সিনেঅলা -৩,রুদ্র আরিফ,BDT 575.00,
Medical Representative: Safoller Totto Talash মেডিকেল রিপ্রেজেন্টেটিভ: সাফল্যের তত্ত্ব -তালাশ,পিনাকী ভট্টাচার্য,BDT 150.00,
Sineola-2 সিনেঅলা-২,রুদ্র আরিফ,BDT 500.00,
Sineola সিনেঅলা,রুদ্র আরিফ,BDT 500.00,
Cineman সিনেম্যান,সৈয়দ নাজমুস সাকিব,BDT 215.00,
Sangbadikotha (2nd-part) সাংবাদিকতা (২য় পাঠ),আর রাজী,BDT 200.00,
Shangbadikota [Bhasachitr] সাংবাদিকতা,আর রাজী,BDT 600.00,
Shomvaboner Protichayay সম্ভাবনার প্রতিচ্ছায়ায়,শিল্পী রহমান,BDT 180.00,
Sandyarag সন্ধ্যারাগ,আরিফুর রহমান,BDT 150.00,
Samaj-Jibon O Songskriti সমাজ-জীবন ও সংস্কৃতি,শহিদুল ইসলাম,BDT 240.00,
Piles fistula O colorectal cancer পাইলস ফিস্টুলা ও কলোরেক্টাল ক্যান্সার,অধ্যাপক ডা. এ. কে. এম ফজলুল হক,BDT 160.00,
Swadhinotar Prothom Shaheed Nobab Sirajouddoula স্বাধীনতার প্রথম শহীদ নবাব সিরাজউদ্দৌলা,ড. মুহাম্মদ ফজলুল হক,BDT 300.00,
Shongkho Ghosher Songge Nirbasoner Dine শঙ্খ ঘোষের সঙ্গে নির্বাসনের দিনে,ফজলুল হক,BDT 150.00,
Shogourobe Choulitechhe সগৌরবে চলিতেছে,লুৎফর হাসান,BDT 100.00,
Shereshtho Kobita [AHS] শ্রেষ্ঠ কবিতা,আবু হাসান শাহরিয়ার,BDT 390.00,
Jononetri Shekh Hasinar 100 Nirbachito Vashon (2part) (1981-2018) জননেত্রী শেখ হাসিনার ১০০ নির্বাচিত ভাষণ (২য় খণ্ড) (১৯৮১-২০১৮),নূহ-উল-আলম লেনিন,BDT 750.00,
Jononetri Shekh Hasinar 100 Nirbachito Vashon (1part) (1981-2018) জননেত্রী শেখ হাসিনার ১০০ নির্বাচিত ভাষণ (১ম খণ্ড)  (১৯৮১-২০১৮),নূহ-উল-আলম লেনিন,BDT 750.00,
Rhampmdeler Bathtabe Ondho Kocchop র‌্যাম্পমডেলের বাথটাবে অন্ধ কচ্ছপ,রুদ্র আরিফ,BDT 100.00,
Rashtronayok Sheikh Hasina রাষ্ট্রনায়ক শেখ হাসিনা,আহমেদ আমিনুল ইসলাম,BDT 500.00,
Rommopedia-2015 রম্যপিডিয়া-২০১৫,ফাহিম হাসান,BDT 240.00,
Rabindronath : Onyo Aloy Ishwor Atma Karon রবীন্দ্রনাথ : অন্য আলোয় ঈশ্বর আত্মা কারণ,পিনাকী ভট্টাচার্য,BDT 150.00,
Rabindronattobikkhon O Manobmukti Prosongo রবীন্দ্রনাট্যবীক্ষণ ও মানবমুক্তি প্রসঙ্গ,আহমেদ আমিনুল ইসলাম,BDT 180.00,
Bongobondhu Shekh Mujibur Rahman [Bhasha C] বঙ্গবন্ধু শেখ মুজিবুর রহমান,তানভীর আহমেদ সিডনী,BDT 70.00,
Rangmohal রঙমহাল,রুবাইয়াৎ আহমেদ,BDT 135.00,
Rongbunot রঙবুনট,সিলভিয়া নাজনীন,BDT 600.00,
Rongbahar রঙবাহার,বিক্রমাদিত্য,BDT 300.00,
Judhoporader Bichar O Gonotontre Pendulam যুদ্ধাপরাধের বিচার ও গণতন্ত্রের পেন্ডুলাম,নজরুল কবীর,BDT 125.00,
Juddho Sheshe Juddher Golpo যুদ্ধ শেষে যুদ্ধের গল্প,শিল্পী রহমান,BDT 350.00,
Jaittachi Jaittachi Koi Jaittachi Jani Na যাইত্যাছি যাইত্যাছি কই যাইত্যাছি জানি না,আবু হাসান শাহরিয়ার,BDT 200.00,
Zothazoggo Nissongta যথাযোগ্য নিঃসঙ্গতা,শাহাদৎ রুমন,BDT 80.00,
Manhattan Diary ম্যানহাটন ডায়রি,আবদুল্লাহ জাহিদ,BDT 250.00,
Muhurtoma মুহূর্তমা,শামসেত তাবরেজী,BDT 120.00,
Mukhra (Narir Swor Naribader Protikriti) মুখরা (নারীর স্বর-নারীবাদের প্রতিকৃতি),উদিসা ইসলাম,BDT 300.00,
Mujib Hottar Shorojontro মুজিব হত্যার ষড়যন্ত্র,সুখরঞ্জন দাশগুপ্ত,BDT 300.00,
Mukhomukhi : Ritwik-Sattyajit মুখোমুখি ঋত্বিক-সত্যজিৎ,উদিসা ইসলাম,BDT 270.00,
Mirar Mayabi Mukh মীরার মায়াবী মুখ,মো. আসিফ উর রহমান,BDT 180.00,
Mamujir Nowkay মামুজির নৌকায়,কামরুজ্জামান কামু,BDT 80.00,
Maflar মাফলার,ইশতিয়াক আহমেদ,BDT 120.00,
Manush Jibonanndo মানুষ জীবনানন্দ,লাবন্য দাশ,BDT 150.00,
Manobsongobirol মানবসঙ্গবিরল,সালাহ উদ্দিন শুভ্র,BDT 110.00,
Manabjanam মানবজনম,সাদাত হোসাইন,BDT 695.00,
Mondira মন্দিরা,পীর হাবিবুর রহমান,BDT 100.00,
Moner Ojon : Manosik Osusthotay Counselinger Proyojoniyota মনের ওজন : মানসিক অসুস্থতায় কাউন্সেলিংয়ের প্রয়োজনীয়তা,শিল্পী রহমান,BDT 250.00,
Brojsundorir Kotha ব্রজসুন্দরীর কথা,রহমান হেনরী,BDT 200.00,
Boka Valluker Diary-2 বোকা ভাল্লুকের ডায়েরি -২,ফাহিম হাসান,BDT 280.00,
Besorkari Kobita বেসরকারি কবিতা,মাহবুব কবির,BDT 100.00,
Bristir Matlami বৃষ্টির মাতলামি,সাকিরা পারভীন,BDT 150.00,
Brishtir Kono Bidesh Nei বৃষ্টির কোনো বিদেশ নেই,ফেরদৌস নাহার,BDT 80.00,
Bishshosera Aro 50 Cholocitro বিশ্বসেরা আরো ৫০ চলচ্চিত্র,মুম রহমান,BDT 260.00,
Bishshosera 50 Cholocitro বিশ্বসেরা ৫০ চলচ্চিত্র,মুম রহমান,BDT 260.00,
Bigghanider Prem বিজ্ঞানীদের প্রেম,শর্মিলা সিনড্রেলা,BDT 200.00,
Balay Shat বালাই ষাট,পিনাকী ভট্টাচার্য,BDT 140.00,
Badminton Niyom O Umpiring ব্যাডমিন্টন নিয়ম ও আম্পায়ারিং,শেখ নূর ইসলাম,BDT 100.00,
Boro Hoye Doctor Hobo বড় হয়ে ডাক্তার হবো,ডা. মোহাম্মদ ফারহাদ উদ্দীন,BDT 200.00,
Face By Face ফেস বাই ফেস,মাহবুব মোর্শেদ,BDT 175.00,
Premer Jokhom Premei Sare প্রেমের জখম প্রেমেই সারে,তাপস রায়,BDT 150.00,
Prem Noy Valobasa প্রেম নয় ভালোবাসা,অনুরূপ আইচ,BDT 150.00,
Prem Prokriti প্রেম প্রকৃতি,কে এম সাজেদুল ইসলাম,BDT 430.00,
Fasoya Trufo : Prem O Dehogrosto Flimmaker ফ্রাঁসোয়া ত্রুফো: প্রেম ও দেহগ্রস্ত ফিল্মমেকার,রুদ্র আরিফ,BDT 260.00,
Prayogik Nattocola : Unnoyon Natto Prokriya প্রায়োগিক নাট্যকলা : উন্নয়ন নাট্য প্রক্রিয়া,আহসান খান,BDT 250.00,
Protibadi Chhora O Bhabsongit প্রতিবাদী ছড়া ও ভাবসংগীত,এনায়েত হোসেন,BDT 390.00,
Prokasshe Gopon Bolar Din প্রকাশ্যে গোপন বলার দিন,কবির হুমায়ূন,BDT 70.00,
Postmortem পোস্টমর্টেম,মেসবাহ য়াযাদ,BDT 270.00,
Pitaputro পিতাপুত্র,হুমায়ুন কবীর ঢালী,BDT 110.00,
Pahar Hobo পাহাড় হবো,শিল্পী রহমান,BDT 180.00,
pachti Shroti Natok পাঁচটি শ্রুতি নাটক,তানভীর আহমেদ সিডনী,BDT 100.00,
Political Jokes পলিটিক্যাল জোকস্,সন্দীপন বসু,BDT 100.00,
Porider Golpo পরীদের গল্প,আমীরুল ইসলাম,BDT 110.00,
Poet Of Politics পোয়েট অব পলিটিক্স,পীর হাবিবুর রহমান,BDT 200.00,
Pongchok পঞ্চক,কমলেশ রায়,BDT 135.00,
Nutse And Coffee নোটস এ্যান্ড কফি,টি এম সাব্বির,BDT 200.00,
Noishobder Dakghor নৈঃশব্দ্যের ডাকঘর,আবু হাসান শাহরিয়ার,BDT 290.00,
Shekh Hasina : Nettri Theke Rastronayek শেখ হাসিনা : নেত্রী থেকে রাষ্ট্রনায়ক,সৈয়দ বোরহান কবীর,BDT 270.00,
Nilduari নীলদুয়ারী,রুহুল ফরাজী,BDT 215.00,
Nirbashito Bhalobasa নির্বাসিত ভালোবাসা,আবদুল্লাহ জাহিদ,BDT 180.00,
Nirbachito Golpo [SA] নির্বাচিত গল্প,শওকত আলী,BDT 550.00,
Nibhritochore Parapar নিভৃতচরে পারাপার,রুহুল ফরাজী,BDT 180.00,
Nirbachito Kabita [MBC] নির্বাচিত কবিতা,মৃণাল বসুচৌধুরী,BDT 300.00,
Nirbachito Kabita [MK] নির্বাচিত কবিতা,মাহবুব কবির,BDT 350.00,
Nisongo Nokkhotro নিঃসঙ্গ নক্ষত্র,সাদাত হোসাইন,BDT 470.00,
Natok Sangroho [Bhasha C] নাটক সংগ্রহ,আফসার আহমদ,BDT 350.00,
Nokhotrochurner Ghran নক্ষত্রচূর্ণের ঘ্রাণ,সেলিম মোজাহার,BDT 135.00,
Nondito Lekhok Kobir Sakkhatkar নন্দিত লেখক কবির সাক্ষাৎকার,মিজান মল্লিক,BDT 230.00,
Nodir Chokhe Pani O Onnanno Koyatrain নদীর চোখে পানি ও অন্যান্য কোয়াটরেন,ইমতিয়াজ মাহমুদ,BDT 100.00,
Dhulomakha Sangshoy ধুলোমাখা সংশয়,মনিরুজ্জামান আকন্দ,BDT 150.00,
Dhormo O Nastikota Bishoye Bangali Communistder Vrantiporbo ধর্ম ও নাস্তিকতা বিষয়ে বাঙালি কমিউনিস্টদের ভ্রান্তিপর্ব,পিনাকী ভট্টাচার্য,BDT 150.00,
Parasychology : Dikhondito প্যারাসাইকোলজি : দ্বিখণ্ডিত,হাসান তারেক চৌধুরী,BDT 150.00,
Drissho Shikarer Bandhuk দৃশ্য শিকারের বন্দুক,আমজাদ সুজন,BDT 70.00,
Dipaboli Mitrer Prottaborton দীপাবলী মিত্রের প্রত্যাবর্তন,ড. আতাউল করিম,BDT 135.00,
Kobitar Bivasutro কবিতার বিভাসূত্র,ফকির ইলিয়াস,BDT 120.00,
Dohoner Rat দহনের রাত,মুস্তাফিজ শফি,BDT 100.00,
Tumul Preme Chotobha তুমুল প্রেমে ছোটভাই,মাসুম রেজা,BDT 180.00,
Tinti Natok [Bhsha C] তিনটি নাটক,বাকার বকুল,BDT 270.00,
Muktir Jonno Juddho মুক্তির জন্য যুদ্ধ,অন্যান্য,BDT 90.00,
Tokta তক্তা,শামসেত তাবরেজী,BDT 100.00,
Death Certificate ডেথ সার্টিফিকেট,ইশতিয়াক আহমেদ,BDT 100.00,
Doshti Onubad Natok দশটি অনুবাদ নাটক,শাহাদৎ রুমন,BDT 230.00,
Televisione Onusondhani Sangbadikata টেলিভিশনে অনুসন্ধানী সাংবাদিকতা,জি এম ফয়সাল আলম,BDT 150.00,
Jiyontokal জিয়ন্তকাল,রুবাইয়াৎ আহমেদ,BDT 100.00,
Janalara Opase [Bhasha C] জানালার ওপাশে,সাদাত হোসাইন,BDT 150.00,
Jonmojoljoyontee জন্মজলজয়ন্তী,শহিদুল শ্যানন,BDT 150.00,
Humayun Ahmeder Cholocchitro Chirayot Rosbodh হুমায়ূন আহমেদের চলচ্চিত্র চিরায়ত রসবোধ,শাহাদৎ রুমন,BDT 398.00,
Nobonatlipi (Charti Natok) নবনাটলিপি (চারটি নাটক),ইউসুফ হাসান অর্ক,BDT 270.00,
Cholo Boro Hoi চলো বড় হই,তুষার আব্দুল্লাহ,BDT 300.00,
Chomonbahar চমনবাহার,ফাহিম হাসান,BDT 150.00,
Condrabotir Khoje চন্দ্রাবতীর খোঁজে,ড. আতাউল করিম,BDT 135.00,
Gashful O Sondhamaloteera ঘাসফুল ও সন্ধ্যামালতীরা,লুৎফর হাসান,BDT 135.00,
Goponiyotar Malikana গোপনীয়তার মালিকানা,হামীম কামরুল হক,BDT 150.00,
Galpocchobi গল্পছবি,সাদাত হোসাইন,BDT 300.00,
Kow O Meger Kobita কৈ ও মেঘের কবিতা,মাহবুব কবির,BDT 60.00,
Kusum Kusum Prem কুসুম কুসুম প্রেম,চঞ্চল শাহরিয়ার,BDT 110.00,
Kierostamir Cine-Rasta কিয়ারোস্তামির সিনে-রাস্তা,রুদ্র আরিফ,BDT 675.00,
Showkot Alir Uponnass : Kolakoushol O Boishistto শওকত আলীর উপন্যাস : কলাকৌশল ও বৈশিষ্ট্য,শাফিক আফতাব,BDT 570.00,
Computer Beboharer 555 Tips কম্পিউটার ব্যবহারের ৫৫৫ টিপস,নুরুন্নবী চৌধুরী হাছিব,BDT 450.00,
Arshinagar আরশিনগর,সাদাত হোসাইন,BDT 450.00,
Premer Kabita [AS] প্রেমের কবিতা,অসীম সাহা,BDT 230.00,
Asamapto Omor Prem অসমাপ্ত অমর প্রেম,খন্দকার নাদিমুল ইসলাম,BDT 150.00,
Oronne Jabu Ghuri অরণ্যে যাবো গৌরী,আব্দুল্লাহ্ জামিল,BDT 100.00,
Operation Pure Hasi অপারেশন পিওর হাসি,রাজীব কামাল শ্রাবণ,BDT 180.00,
Aporupkotha অপরূপকথা,বিক্রমাদিত্য,BDT 120.00,
Sheemaboddho সীমাবদ্ধ,মঈনুল আহসান সাবের,BDT 50.00,
Oporazito [Bhasha C] অপরাজিত,নাঈমা আফরোজ সম্পা,BDT 200.00,
Andarmahal অন্দরমহল,সাদাত হোসাইন,BDT 650.00,
Odhikrito Bhukhonder Kobita অধিকৃত ভূখণ্ডের কবিতা,রহমান হেনরী,BDT 150.00,
Ojana Opekha অজানা অপেক্ষা,অপলা হায়দার,BDT 100.00,
2071 ২০৭১,সৈয়দ বোরহান কবীর,BDT 360.00,
100 Premer Kobita [AHS] ১০০ প্রেমের কবিতা,আবু হাসান শাহরিয়ার,BDT 250.00,
100 Premer Kobita [MS] ১০০ প্রেমের কবিতা,মহাদেব সাহা,BDT 175.00,
100 Chora ১০০ ছড়া,খালেদ হোসাইন,BDT 135.00,
49 Purbbo Hoya Huthong ৩৯ পূর্ব হোয়া হুথং,কবির হুমায়ূন,BDT 120.00,
Comicrajjo : 14 Nari Nirmata কমিকরাজ্য : ১৪ নারী নির্মাতা,উদিসা ইসলাম,BDT 220.00,
Pach Taruneer 5 Ti Natok পাঁচ তরুণের ৫টি নাটক,খন্দকার সোহেল,BDT 150.00,
Ostad Ayed Ali Kha ওস্তাদ আয়েত আলী খাঁ,মোবারক হোসেন খান,BDT 40.00,
Atotuku Choya Lage এতোটুকু ছোঁয়া লাগে,মযহারুল ইসলাম,BDT 100.00,
Akaki Akjon একাকী একজন,নাসরিন চৌধুরী,BDT 100.00,
Akattore Mujibnogor একাত্তরে মুজিবনগর,বি.বি. বিশ্বাস,BDT 100.00,
"Akti Kobita : Eliyet Robondronath O Aro Dojon একটি কবিতা: এলিয়েট, রবীন্দ্রনাথ ও আরও দুজন",মনজুরে মওলা,BDT 140.00,
Ek Muthote Dukkho Amar Ek Muthote Prem এক মুঠোতে দুঃখ আমার এক মুঠোতে প্রেম,শাহাবুদ্দিন নাগরী,BDT 40.00,
Chotodr Bongobondhu Jiboni-Tumi amader Pita ছোটদের বঙ্গবন্ধু- জীবনী তুমি আমাদের পিতা,আমীরুল ইসলাম,BDT 150.00,
Ek Dofar Probakta : M A Aziz Smarakgronho এক দফার প্রবক্তা : এম এ আজিজ স্মারকগ্রন্হ,শরীফ শমশির,BDT 700.00,
Ek Kicher Saman এক কুঁচের সমান,হেনা সুলতানা,BDT 100.00,
Aei Kal Aei Desh এই কাল এই দেশ,এ. জেড. এম. আবদুল আলী,BDT 150.00,
A Shohor Amar Noy এ শহর আমার নয়,ফাহমিদুল হক,BDT 75.00,
Ujane Ferar Protidhoni উজানে ফেরার প্রতিধ্বনি,মযহারুল ইসলাম,BDT 60.00,
Itehasher Chera Pata ইতিহাসের ছেঁড়া পাতা,আয়াত আলী পাটওয়ারী,BDT 120.00,
Ami Ak Soceton Manush আমি এক সচেতন মানুষ,সৈয়দ খিজির হায়াত,BDT 60.00,
Alongker Annesha অলঙ্কার অন্বেষা,নরেন বিশ্বাস,BDT 110.00,
Sohi Mujibnama সহি মুজিবনামা,আসলাম সানী,BDT 25.00,
Motiur Rahman Nijami Albodor Theke Montri মতিউর রহমান নিজামী: আলবদর থেকে মন্ত্রী,আলী আকবর টাবী,BDT 120.00,
Tar Aktu Ghum Proyojon তার একটু ঘুম প্রয়োজন,মনজুরে মওলা,BDT 90.00,
Shrestha Kobita [AAP] শ্রেষ্ঠ কবিতা,আয়াত আলী পাটওয়ারী,BDT 300.00,
Ami O Bonlota Shen আমি ও বনলতা সেন,শেখ হাফিজুর রহমান,BDT 150.00,
Amar Joto Bitto Provu আমার যত বিত্ত প্রভু,তাজুল ইমাম,BDT 100.00,
Amra Harbo Na আমরা হারবো না,কামাল লোহানী,BDT 250.00,
Abru আব্রু,ওয়াহিদ রেজা,BDT 80.00,
Aguner Dalpala আগুনের ডালপালা,মাসুদুজ্জামান,BDT 60.00,
Hip Hip Hurre [Agme Prk] হিপ হিপ হুররে,লুৎফর রহমান রিটন,BDT 50.00,
Hasir Fasi হাসির ফাঁসি,নূরুল ইসলাম মোল্লা নীলু,BDT 100.00,
Haranobigopti Soundeffect Bangalisomogro Jobanpir Kochukhayen Abong Sonadiyagucho হারানোবিজ্ঞপ্তি : সাউন্ডইফেক্ট : বাঙালিসমগ্র : জবানপির : কচুখাইন এবং সোনাদিয়াগুচ্ছ,খোকন কায়সার,BDT 125.00,
Habijabi [Agame Prk] হাবিজাবি,সেজান মাহমুদ,BDT 150.00,
Sowgat Zug O Mohammad Nasiruddin সওগাত যুগ ও মোহাম্মদ নাসিরউদ্দীন,আব্দুল গাফফার চৌধুরী,BDT 150.00,
Sadhinator Krisnopokkho স্বাধীনতার কৃষ্ণপক্ষ,আয়াত আলী পাটওয়ারী,BDT 100.00,
Sorgo Theke Prottaborton স্বর্গ থেকে প্রত্যাবর্তন,শেখ হাফিজুর রহমান,BDT 60.00,
Sopner Pakhibash (Veatnamer Muktijuddher Golpo) স্বপ্নের পাখিবাস (ভিয়েতনামের মুক্তিযুদ্ধের গল্প),মাহমুদ উল আলম,BDT 80.00,
Ki Khaben Koto Khaben কি খাবেন কত খাবেন,ডা. সুমন চৌধুরী,BDT 200.00,
Bachun Deerghodin বাঁচুন দীর্ঘদিন,ডা. মিজানুর রহমান কল্লোল,BDT 200.00,
Bhutonkor Choudhury ভূতঙ্কর চৌধুরী,শামীম শাহেদ,BDT 55.00,
Shomudro Shojjay Icche Pakhi সমুদ্র শয্যায় ইচ্ছে পাখি,নাসরীন নঈম,BDT 100.00,
Shodesh Boidesh স্বদেশ বৈদেশ,গোলাম শফিক,BDT 300.00,
Antorjatik Fasibad Birodhi Andolon O Rabindronath আন্তর্জাতিক ফ্যাসিবাদ বিরোধী আন্দোলন ও রবীন্দ্রনাথ,বিশ্বজিৎ ঘোষ,BDT 55.00,
Ek Minit Bhalobasha Palon Korun এক মিনিট ভালবাসা পালন করুন,সৈয়দ আল ফারুক,BDT 50.00,
Sei Muktijuddho সেই মুক্তিযুদ্ধ,অমর রায়,BDT 80.00,
srestishilota O 0nnanno সৃষ্টিশীলতা ও অন্যান্য,মুহম্মদ নূরুল হুদা,BDT 80.00,
Surjosakkhi সূর্যসাক্ষী,পান্না কায়সার,BDT 90.00,
Shimantto Shahar সীমান্ত শহর,নিশাত খান,BDT 70.00,
Sylheter 200 Bachorer Andolon সিলেটের দুইশত বছরের আন্দোলন,তাজুল মোহাম্মদ,BDT 120.00,
Sangbidhanik Sarker Banam Tatyabadhayok Sarker সাংবিধানিক সরকার বনাম তত্ত্ববধায়ক সরকার,আয়াত আলী পাটওয়ারী,BDT 300.00,
Somoyer Mukh Tahader Kotha সময়ের মুখ তাঁহাদের কথা,মুস্তাফা নূরউল ইসলাম,BDT 100.00,
Somoyke Ami Ultopaye Hete Jete Dekheshi সময়কে আমি উল্টোপায়ে হেঁটে যেতে দেখেছি,তারিক সুজাত,BDT 100.00,
Sobuj Diner Lalkabbo সবুজ দিনের লালকাব্য,ইকতিয়ার চৌধুরী,BDT 60.00,
Muslim Bangla Amar Juge মুসলিম বাঙ্গলা আমার যুগে,আবু জাফর শামসুদ্দীন,BDT 175.00,
Chayamanush Bhangamanush ছায়ামানুষ ভাঙ্গামানুষ,হাসান হাফিজ,BDT 80.00,
Sob Pakhi Gore Fere সব পাখি ঘরে ফেরে,সিরাজুল ইসলাম মুনির,BDT 30.00,
Moe Mone Nirle Gopone মনে মনে নিরলে গোপনে,হাসান হাফিজ,BDT 130.00,
Muslim Dorshon Pariciti মুসলিম দর্শন পরিচিতি,ড: এম আবদুল হামিদ,BDT 175.00,
Shilpokolar Itihash শিল্পকলার ইতিহাস,বোরহানউদ্দীন খান জাহাঙ্গীর,BDT 250.00,
Kobitashomogro [AJO] কবিতাসমগ্র,আবু জাফর ওবায়দুল্লাহ,BDT 300.00,
Great Gatsby গ্রেট গ্যাটসবি,কবীর চৌধুরী,BDT 200.00,
Boka Kheye Boguray বকা খেয়ে বগুড়ায়,ফরিদুর রেজা সাগর,BDT 100.00,
Spasta Jyoti Al Quran স্পষ্ট জ্যোতি আল কুরআন,মুস্তাফা জামান আব্বাসী,BDT 450.00,
MP'r Karadohon এমপির কারাদহন,গোলাম মাওলা রনি,BDT 275.00,
Shastho Bishoyok Nirbachito Column স্বাস্থ্য বিষয়ক নির্বাচিত কলাম,ডা. এ বি এম আব্দুল্লাহ,BDT 350.00,
Bhool ভুল,খসরু চৌধুরী,BDT 225.00,
Nirapod Motor Driving O Rokkhonabekkhon Shikkha নিরাপদ মটর ড্রাইভিং ও রক্ষণাবেক্ষণ শিক্ষা,খান মোঃ বাবুল,BDT 175.00,
Bangladesher Katha : Sokol Desher Sera বাাংলাদেশের কথা : সকল দেশের সেরা,আলী ইমাম,BDT 50.00,
Jouboner Kalobela যৌবনের কালবেলা,মিনা ফারাহ,BDT 160.00,
Shotabdir Shrestho Premer Kobita শতাব্দীর শ্রেষ্ঠ প্রেমের কবিতা,মুহম্মদ নূরুল হুদা,BDT 100.00,
Lorai [Agme Prk] লড়াই,আলী ইমাম,BDT 30.00,
Droher Podaboli দ্রোহের পদাবলী,শেখ হাফিজুর রহমান,BDT 100.00,
Romiyo Juliyet রোমিও জুলিয়েট,মুহম্মদ নূরুল হুদা,BDT 40.00,
Rubboti Pinjukori রুব্বতি পিঞ্চুকরাই,খোকন কায়সার,BDT 150.00,
Ruddho Diner Aronnora রুদ্ধ দিনের অরণ্যেরা,ডা. সারাহ বানু শুচি,BDT 100.00,
Rakkhoshraz O Sarnnomrig রাক্ষসরাজ ও স্বর্ণমৃগ,এস. এম. আবীর চৌধুরী মীম,BDT 70.00,
Gronthoniti O Bibidh Prosongo গ্রন্থনীতি ও বিবিধ প্রসঙ্গ,গোলাম মঈনউদ্দিন,BDT 55.00,
Rmoniyo Pacali রমণীয় পাঁচালী,মোহাম্মদ আমীন,BDT 80.00,
"Rabindronath Upoma Abong Ami রবীন্দ্রনাথ, উপমা এবং আমি",নূরুদ্দিন জাহাঙ্গীর,BDT 100.00,
Rrang Deyese Projapoti রঙ দিয়েছে প্রজাপতি,মোর্শেদা জামান লিজি,BDT 125.00,
Roktopuj Gathe Jaway Machi রক্তপুঁজে গেঁথে যাওয়া মাছি,আকিমুন রহমান,BDT 120.00,
Jottosob Ajgubi যত্তোসব আজগুবি,এখ্‌লাসউদ্দিন আহ্‌মদ,BDT 50.00,
Jakhane Khonon Kori Sekhane Modhu যেখানে খনন করি সেখানেই মধু,শাহাবুদ্দিন নাগরী,BDT 150.00,
Je Sopno Dekte Janto যে স্বপ্ন দেখতে জানতো,আনিসুল হক,BDT 100.00,
Juddho O Jibon যুদ্ধ ও জীবন,রশীদ হায়দার,BDT 100.00,
Juddho Shesh Hoyne যুদ্ধ শেষ হয়নি,সালাউদ্দিন বাদল,BDT 60.00,
Joker Dhon [Agme Prk] যকের ধন,হেমেন্দ্রকুমার রায়,BDT 100.00,
Mohoniyo Narak মোহনীয় নরক,মোহাম্মদ আমীন,BDT 450.00,
Megher Nitombe Matha Rekhe মেঘের নিতম্বে মাথা রেখে,এনামুল হক,BDT 60.00,
Meghla Akash মেঘলা আকাশ,সৈয়দা রাজিয়া আহমেদ,BDT 120.00,
Meghna O Golpoburo মেঘনা ও গল্পবুড়ো,ফরিদুর রেজা সাগর,BDT 30.00,
Hazar Kabita হাজার কবিতা,মুহম্মদ নূরুল হুদা,BDT 600.00,
Mmukhosher Ontorale মুখোশের অন্তরালে,শিমিন শাহরিন,BDT 150.00,
Muktir Rupali Batash মুক্তির রূপালী বাতাস,সালাউদ্দিন বাদল,BDT 60.00,
Maanushie Sera মানুষই সেরা,মোহাম্মদ আমীন,BDT 40.00,
Manush [Agme Prk] মানুষ,মামুনুর রশীদ,BDT 60.00,
Moronottor মরণোত্তর,ফরিদুর রহমান,BDT 60.00,
Dhaka Shomogro-3 [MM] ঢাকা সমগ্র-৩,মুনতাসীর মামুন,BDT 400.00,
Dhaka Shomogro-4 [MM] ঢাকা সমগ্র-৪,মুনতাসীর মামুন,BDT 350.00,
The Battles of Islam দ্য ব্যাটেলস অব ইসলাম,মেজর জেনারেল : সৈয়দ মুহাম্মদ ইবরাহিম,BDT 200.00,
Morce Pora Stangun মরচে পড়া স্টেনগান,হাসনাত আবদুল হাই,BDT 180.00,
Montobbo Mregoya মন্তব্য মৃগয়া,শওকত ওসমান,BDT 70.00,
Moddho Boyosher Songkot মধ্য বয়সের সঙ্কট,মিনা ফারাহ,BDT 150.00,
Modhumiter Mukhomukhi মধুমতির মুখোমুখি,রুহুল আমিন,BDT 100.00,
Mozar Mozar Chora [Agame Prk] মজার মজার ছড়া,লুৎফর রহমান রিটন,BDT 100.00,
Voter ভোটার,আয়াত আলী পাটওয়ারী,BDT 100.00,
Nondito Kanna Nindito Hashi নন্দিত কান্না নিন্দিত হাসি,মোহাম্মদ আমীন,BDT 100.00,
Buyr Bosonte বৈরী বসন্তে,প্রণব ভট্ট,BDT 60.00,
Boicittromoy Tother Socittro Noble Prize বৈচিত্রময় তথ্যে সচিত্র নোবেল প্রাইজ,মোহাম্মদ আমীন,BDT 200.00,
Busher Iraq Juddho বুশের ইরাক যুদ্ধ,মিনা ফারাহ,BDT 120.00,
Buddhijeebee Dekh Sob বুদ্ধিজীবী দেখ সব,সাখাওয়াত টিপু,BDT 100.00,
Bishas Korun Ami Rajaker Noi বিশ্বাস করুন আমি রাজাকার নই,"হামিদুল হোসেন তারেক, বীর বিক্রম",BDT 70.00,
Bisshoshahitter Classroome বিশ্বসাহিত্যের ক্লাসরুমে,মুহম্মদ আকতার হোসেন,BDT 200.00,
Bisshokobitar Sonali Shosyo বিশ্বকবিতার সোনালি শস্য,খোন্দকার আশরাফ হোসেন,BDT 200.00,
Bishoghonta বিশ্বঘন্টা,প্রদ্যোত কুমার সেন,BDT 80.00,
Beye Jounojibon 50 devorce বিয়ে যৌনজীবন ৫০% ডিভোর্স,মিনা ফারাহ,BDT 150.00,
Babui বাবুই,হাসনাত আবদুল হাই,BDT 80.00,
"Bagh Vut Seral O Mosha বাঘ, ভূত বেড়াল ও মশা",মনজুরে মওলা,BDT 150.00,
Bangladesher Monipuri Troye Songscritir Tribeni Songgome বাংলাদেশের মণিপুরী: ত্রয়ী সংস্কৃতির ত্রিবেণী সঙ্গমে,এ. কে. শেরাম,BDT 100.00,
Banglasdesher Samajik Itihas Rajnoitik Dhara বাংলাদেশের সামাজিক ইতিহাস : রাজনৈতিক ধারা,শেখ আবদুল জলিল,BDT 350.00,
Bangladesher Moulbadi বাংলাদেশের মৌলবাদী,অধ্যাপক সৈয়দ মোদাচ্ছের আলী,BDT 40.00,
Bangladesh-1992 বাংলাদেশ ১৯৯২,ড. মোহাম্মদ হাননান,BDT 150.00,
Bonkubabu Ebang Mamdor Goppo বঙ্কুবাবু এবং মামদোর গপ্পো,এখ্‌লাসউদ্দিন আহ্‌মদ,BDT 60.00,
Bongo Songscritir Somajtontro বঙ্গ সংস্কৃতির সমাজতত্ত্ব,শেখ মাসুম কামাল,BDT 150.00,
Phokalor And Gender : Loko Oitijjo Prittotonto O Nariri Sotontro Shor ফোকলোর ও জেন্ডার : লোক ঐতিহ্যে পিতৃতন্ত্র ও নারীর স্বতন্ত্র স্বর,সুস্মিতা চক্রবর্তী,BDT 300.00,
Fere Asheo Promithuse ফিরে এসো প্রমিথিউস,আয়াত আলী পাটওয়ারী,BDT 100.00,
Project Vutong Adhunikong প্রোজেক্ট ভূতং আধুনিকং,সেজান মাহমুদ,BDT 50.00,
Preyo Bangladesh প্রিয় বাংলাদেশ,লুৎফর রহমান রিটন,BDT 100.00,
Probasher Pachali প্রবাসের পাঁচালী,ফাহিম রেজা নূর,BDT 100.00,
Om ওম,শামীম আজাদ,BDT 70.00,
Abong Tumi এবং তুমি,আজিজুর রহমান আজিজ,BDT 200.00,
Akhonoi Uthibo Chand এখনই উঠিবে চাঁদ,অমর রায়,BDT 75.00,
"Ekoda, Ek Juddhe একদা, এক যুদ্ধে",হাসনাত আবদুল হাই,BDT 150.00,
Akto Daroy Sumittra একটু দাঁড়াও সুমিত্রা,মুস্তফা হাবীব,BDT 60.00,
Ei Basonte Tomake এই বসন্তে তোমাকে,নাসির আহমেদ,BDT 150.00,
Uddhaner Aral Theke উদ্যানের আড়াল থেকে,ভূঁইয়া শফিকুল ইসলাম,BDT 150.00,
Uditi উদিতি,মোর্শেদা জামান লিজি,BDT 100.00,
Indira Road ইন্দিরা রোড,লিলিয়ান,BDT 220.00,
Abirvab আবির্ভাব,প্রদ্যোত কুমার সেন,BDT 100.00,
Amader Songcriti O Songgram আমাদের সংস্কৃতি ও সংগ্রাম,কামাল লোহানী,BDT 250.00,
Amader Rajniti Chole Bake Bake আমাদের রাজনীতি চলে বাঁকে বাঁকে,আনজির লিটন,BDT 30.00,
Oporup Europe অপরূপ ইউরোপ,সাকিল চৌধুরী,BDT 160.00,
Komola Ronger Dinguli কমলা রঙের দিনগুলি,আসমা আব্বাসী,BDT 130.00,
Chotoder Zia ছোটদের জিয়া,বোরহান আহমেদ,BDT 125.00,
Banglar Sheikh Mujib বাংলার শেখ মুজিব,মোঃ মজিবুর রহমান,BDT 150.00,
Brammoner Barir Kakatua ব্রাহ্মণের বাড়ির কাকাতুয়া,আবদুল্লাহ আবু সায়ীদ,BDT 200.00,
Rajarajrar Goppo রাজরাজড়ার গপ্পো,এখ্‌লাসউদ্দিন আহ্‌মদ,BDT 160.00,
Amjupite Atonko আমঝুপিতে আতঙ্ক,সৈয়দ সাদরুল হুদা,BDT 60.00,
Adho Alo Adho Adhar আধো আলো আধো আঁধার,অমর রায়,BDT 100.00,
Akasher Opare Akash [Agme Prk] আকাশের ওপারে আকাশ,তাসরীনা শিখা,BDT 250.00,
Adibashi Kobita Songgroho আদিবাসী কবিতাসংগ্রহ,হাফিজ রশীদ খান,BDT 200.00,
Akash Puran আকাশ পুরাণ,তারিক সুজাত,BDT 100.00,
Ami And Ami আমি এবং আমি,মুহম্মদ মুহিউদ্দিন,BDT 100.00,
He Andho Joler Raza হে অন্ধ জলের রাজা,আসাদ মান্নান,BDT 140.00,
Khoy Purush ক্ষয় পুরুষ,শাহজাহান কবীর,BDT 60.00,
Redoye Roktokhoron হৃদয়ে রক্তক্ষরণ,ডি. এম. ফিরোজ শাহ,BDT 100.00,
Hridoy Bidarok হৃদয় বিদারক,আশরাফ আহমেদ,BDT 250.00,
Mritir Karnishe স্মৃতির কার্ণিশে,শামস মনোয়ার,BDT 125.00,
Shakhana Amar Dhupshaya Din সেখানে আমার ধুপছায়া দিন,জাহান আরা,BDT 80.00,
Sei Aak Jhare সেই এক ঝড়ে,শিহাব সরকার,BDT 90.00,
Sugondhi Moyur Lo সুগন্ধ ময়ূর লো,হাবীবুল্লাহ সিরাজী,BDT 50.00,
Sanai [Agme Prk] সানাই,মোর্শেদা জামান লিজি,BDT 250.00,
Shamvrom Hanir Agey O Porey সম্ভবহানির আগে ও পরে,বিশ্বজিৎ চৌধুরী,BDT 70.00,
Songshot Betorko সংসদ বিতর্ক,সৈয়দা সাজেদা চৌধুরী,BDT 200.00,
Shat Doshoker Cchorasomoggro ষাট দশকের ছড়াসমগ্র,আবু সালেহ,BDT 300.00,
Shrestho Cina Kobita শ্রেষ্ঠ চীনা কবিতা,ফয়েজ আহ্‌মদ,BDT 200.00,
Shaser Bilash শেষের বিলাস,প্রদ্যোত কুমার সেন,BDT 80.00,
Shiekh Hafizur Rahmaner Kabitha শেখ হাফিজুর রহমানের কবিতা,অনুপম হাসান,BDT 400.00,
Shucita শুচিতা,হাসনাত আবদুল হাই,BDT 125.00,
Shokunera Valo Ache শকুনেরা ভালো আছে,হাসানআল আবদুল্লাহ্,BDT 45.00,
Shoharer Jhal Rang শহরের জল রং,শামস মনোয়ার,BDT 125.00,
Lag Valki Lag লাগ ভেল্কি লাগ,এনায়েত কবীর,BDT 200.00,
Rajnoitik Chhanda-Ras রাজনৈতিক ছন্দ-রস,এ্যাডভোকেট বারেক সিকদার,BDT 300.00,
Rajnoitik Kolam [GAC] রাজনৈতিক কলাম,গোলাম আকবর চৌধুরী,BDT 225.00,
Dhaka Smriti Bismritir Nogori -1 ঢাকা স্মৃতি বিস্মৃতির নগরী,মুনতাসীর মামুন,BDT 550.00,
Na Manush [HAF] না মানুষ,হাফিজ আল ফারুকী,BDT 90.00,
Porir Boyosh Charsho Bochor পরির বয়র চারশো বছর,ইমদাদুল হক মিলন,BDT 200.00,
Putuler Moto Meye পুতুলের মতো মেয়ে,প্রণব ভট্ট,BDT 125.00,
Bodle Jan Ekhoni বদলে যান এখনই,তারিক হক,BDT 225.00,
"Bolechi, Bolchi, Bolbo বলেছি বলছি বলব",শাহ্‌ মোয়াজ্জেম হোসেন,BDT 650.00,
Se Fire Ashte Cheyechilo সে ফিরে আসতে চেয়েছিলো,ফিরোজ আশরাফ,BDT 130.00,
Abeg আবেগ,অরুণ চৌধুরী,BDT 40.00,
Uttap উত্তাপ,অরুণ চৌধুরী,BDT 50.00,
Unish Shotoke Bangladesher Shongbad Samoyik Potro -12 Part উনিশ শতকে বাংলাদেশের সংবাদ-সাময়িকপত্র -১২,মুনতাসীর মামুন,BDT 200.00,
Ek Chilte Roddur এক চিলতে রোদ্দুর,আবুল বাশার বুলবুল,BDT 100.00,
Gonomaddhome Bangladesher Muktijuddho -14 Part গণমাধ্যমে বাংলাদেশের মুক্তিযুদ্ধ -১৪,মুনতাসীর মামুন,BDT 700.00,
Gonomaddhome Bangladesher Muktijuddho -17Part গণমাধ্যমে বাংলাদেশের মুক্তিযুদ্ধ -১৭,মুনতাসীর মামুন,BDT 600.00,
Gonomaddhome Bangladesher Muktijuddho-7 Part গণমাধ্যমে বাংলাদেশের মুক্তিযুদ্ধ -৭ম খন্ড,মুনতাসীর মামুন,BDT 450.00,
Gonomaddhome Bangladesher Muktijuddho -8 Part গণমাধ্যমে বাংলাদেশের মুক্তিযুদ্ধ-৮,মুনতাসীর মামুন,BDT 500.00,
Gonomaddhome Bangladesher Muktijuddho -3Part গণমাধ্যমে বাংলাদেশের মুক্তিযুদ্ধ-৩,হাসিনা আহমেদ,BDT 800.00,
Proshashoner Ondormohol: Bangladesh প্রশাসনের অন্দরমহল : বাংলাদেশ,মুনতাসীর মামুন,BDT 400.00,
Bashonakushum বাসনাকুসুম,ইশরাত জাহান উর্মি,BDT 125.00,
Muktijuddher Golposhomogro [RK] মুক্তিযুদ্ধের গল্পসমগ্র,রাবেয়া খাতুন,BDT 300.00,
Smritir Jotirmoy Aloy Jader Dekhechi স্মৃতির জ্যোতির্ময় আলোয় যাঁদের দেখেছি,রাবেয়া খাতুন,BDT 150.00,
Jameneer Japit Jibon যামিনীর যাপিত জীবন,মুহম্মদ মুহিউদ্দিন,BDT 200.00,
Megher Velay Vese মেঘের ভেলায় ভেসে,তাসরীনা শিখা,BDT 225.00,
Mago Tor Choron Tole মাগো তোর চরণ তলে,আনোয়ারা খানম,BDT 125.00,
Mosrin Krisno Golap মসৃণ কৃষ্ণ গোলাপ,আবু জাফর ওবায়দুল্লাহ,BDT 50.00,
Monolog মনোলগ,শামস আল মমীন,BDT 150.00,
Bihongo Uriye Dau বিহঙ্গ উড়িয়ে দাও,আহমেদ শরীফ শুভ,BDT 80.00,
Bish Bochorer Ful বিশ বছরের ফুল,আবু সাঈদ শাহিন,BDT 60.00,
Ive luge Love Story আইভি লিগ লাভ স্টোরি,রাশীদুল বারী,BDT 100.00,
Biplober Istahar বিপ্লবের ইস্তেহার,রাশীদুল বারী,BDT 65.00,
Bidut Abiskarer Itikatha বিদ্যুৎ আবিস্কারের ইতিকথা,মাহমূদ সাইয়েদ,BDT 200.00,
Bikele Akjon বিকেলে একজন,হাসনাত আবদুল হাই,BDT 200.00,
Bagdebi Amar Dorojey বাগদেবী আমার দরজায়,তুষার কবির,BDT 70.00,
Bangladesher Kabitar Kabi বাংলাদেশের কবিতার কবি,ড. ইয়াসমিন আরা লেখা,BDT 250.00,
Bangladesher Udsob O Mela : Brihotor Khulna Zela বাংলাদেশের উৎসব ও মেলা : বৃহত্তর খুলনা জেলা,ড. শেখ গাউস মিয়া,BDT 1000.00,
Bangladesher Etihas Pothon Pathon বাংলাদেশে ইতিহাস পঠন পাঠন,ড. মমতাজউদ্দীন পাটোয়ারী,BDT 70.00,
Valobasar Boyas Nei ভালোবাসার বয়স নেই,শিউলী খন্দকার,BDT 200.00,
The Time Machine দ্য টাইম মেশিন,ইশতিয়াক আহমেদ,BDT 120.00,
Microscopic View Of A Song Of Agony মাইক্রোস্কোপিক ভিউ অভ এ সং অভ অগনি,মুন্সী মহিউদ্দিন,,
Ditio Jibon [Kakoli Prk] দ্বিতীয় জীবন,আনিসুল হক,BDT 100.00,
Nari : Adhikar O Ain নারী : অধিকার ও আইন,সা'দ উল্লাহ,BDT 250.00,
Kosto[MAJ] কষ্ট,এম এ জলিল,BDT 200.00,
Sombrom Samachar সম্ভ্রম সমাচার,শুক্লা পঞ্চমী,BDT 275.00,
Liberation War & Bangladesh : Testimony of A  soldier টেস্টিমোনি অভ এ সোলডার,ব্রিগেডিয়ার শামসুদ্দিন আহমেদ,BDT 600.00,
Magura Gura Gura মাগুরা গুঁড়া গুঁড়া,ফরিদুর রেজা সাগর,BDT 75.00,
Shrestho Adhunik Ganer Shorolipi শ্রেষ্ঠ আধুনিক গানের স্বরলিপি,শঙ্কর রায়,BDT 150.00,
Shershtho Deshattobodhok Ganer Swaralipi শ্রেষ্ঠ দেশাত্মবোধক গানের স্বরলিপি,শঙ্কর রায়,BDT 150.00,
Srestho Robindroshongeet Sworolipi শ্রেষ্ঠ রবীন্দ্র সঙ্গীত স্বরলিপি,শঙ্কর রায়,BDT 100.00,
Boni Adam [Somoy Prk] বণী আদম,শওকত ওসমান,BDT 150.00,
Math Magic [Spomoy Prk] ম্যাথ ম্যাজিক,আবুল বাসার,BDT 300.00,
"Pi,e O Onnanno Mojar Shongkha পাই ও অন্যান্য মজার সংখ্যা",আবুল বাসার,BDT 200.00,
Super Power Memory সুপার পাওয়ার মেমোরি,আবুল বাসার,BDT 200.00,
Rabindro-Bhabna রবীন্দ্র-ভাবনা,আহমদ শরীফ,BDT 60.00,
Moddhojuger Kaboo-Shongroho মধ্যযুগের কাব্য-সংগ্রহ,আহমদ শরীফ,BDT 200.00,
Kotha-shahitto Showkat Osman কথা-সাহিত্য শওকত ওসমান,বুলবন ওসমান,BDT 100.00,
Bidyashagor Rochonasangroho বিদ্যাসাগর রচনাসংগ্রহ,আনিসুজ্জামান,BDT 400.00,
Anukabboshomogro অণুকাব্যসমগ্র,দন্ত্যস রওশন,BDT 150.00,
Kishor Uponnashshomogro-3[AI] কিশোর উপন্যাসসমগ্র-৩,আলী ইমাম,BDT 250.00,
Kishorshomogro-1[FRS] কিশোরসমগ্র-১,ফরিদুর রেজা সাগর,BDT 300.00,
Bhushorgo Switzerland ভূস্বর্গ সুইজারল্যান্ড,রাবেয়া খাতুন,BDT 125.00,
Oraurir Din-Vol 2 ওড়াউড়ির দিন (২য় খন্ড),আবদুল্লাহ আবু সায়ীদ,BDT 250.00,
Teerthojatri Tinjon Tarkik তীর্থযাত্রী তিনজন তার্কিক,মুহাম্মাদ হুমায়ুন কবির,BDT 175.00,
Augaster Ekrat আগস্টের একরাত,সেলিনা হোসেন,BDT 350.00,
Shondeho [Sommoy Prk] সন্দেহ,আনোয়ারা সৈয়দ হক,BDT 250.00,
Ekushe February Shokol Bhashay Kotha Koy একুশে ফেব্রুয়ারি সকল ভাষার কথা কয়,মুহাম্মদ হাবিবুর রহমান,BDT 60.00,
Bangladesh: Bangali Monos Rashtrogothon O Adhunikota বাংলাদেশ বাঙ্গালী মানস রাষ্ট্রগঠন ও আধুনিকতা,মুনতাসীর মামুন,BDT 100.00,
Jot Shorkarer Shesh Bochor জোট সরকারের শেষ বছর,ড. মহিউদ্দীন খান আলমগীর,BDT 150.00,
Uponnashshomogro-3 [AM] উপন্যাসসমগ্র-৩,আল মাহমুদ,BDT 250.00,
Poriti Unish Din Chilo [Anannya] পরিটি উনিশ দিন ছিল,ইমদাদুল হক মিলন,BDT 50.00,
Shadhinota ‘71 [Anannya] স্বাধীনতা '৭১,কাদের সিদ্দিকী,BDT 700.00,
Valentine E Ekti Golap ভ্যালেন্তাইনে একটি গোলাপ,মাহবুব উল হক,BDT 50.00,
In Evil Hour ইন ইভল আউয়ার,সাঈদ হাসান দারা,BDT 225.00,
Cholochitrer Chalchitro [Somoy Prk] চলচ্চিত্রের চালচিত্র,নূহ-উল-আলম লেনিন,BDT 440.00,
Kishoresomogro-12 [FRS] কিশোরসমগ্র- ১২,ফরিদুর রেজা সাগর,BDT 500.00,
"O Brikhho O Nishorgo ও  বৃক্ষ, ও নিসর্গ",বিপ্রদাশ বড়ুয়া,BDT 125.00,
Nirbachito Rochonaboli-1 [S kb] নির্বাচিত রচনাবলী-১,শাহরিয়ার কবির,BDT 250.00,
Pakhir Bhubon পাখির ভুবন,বিপ্রদাশ বড়ুয়া,BDT 125.00,
Patajhuriyai S. O.S পাতাঝুরিয়ায় এস. ও. এস,ফরিদুর রেজা সাগর,BDT 75.00,
Probondhoshomogro [Rth] প্রবন্ধসমগ্র,রবীন্দ্রনাথ ঠাকুর,BDT 750.00,
Bahadur Piprhe বাহাদুর পিঁপড়ে,ধ্রুব এষ,BDT 80.00,
Rochonashomogro -1 [NI] রচনাসমগ্র-১,নীলিমা ইব্রাহিম,BDT 350.00,
Rochonaboli -1 [S sen] রচনাবলী,সত্যেন সেন,BDT 600.00,
Potro O Prempotro পত্র ও প্রেমপত্র,শামসুর রহমান,BDT 250.00,
Shona Ache Jana Nei শোনা আছে জানা নেই,ইফফাত আরা,BDT 40.00,
Science Magic সায়েন্স ম্যাজিক,সুজন হায়দার,BDT 70.00,
Amar Baba আমার বাবা শহীদ বুদ্ধিজীবীর সন্তানদের স্মৃতিকথা,আমীরুল ইসলাম,BDT 50.00,
Kishorshomogro-1 [S Osman] কিশোরসমগ্র-১,শওকত ওসমান,BDT 200.00,
Kishorshomogro-2 [K Ch] কিশোরসমগ্র-২,কাইজার চৌধুরী,BDT 250.00,
Kishorshomogro-2 [S Osman] কিশোরসমগ্র-২,শওকত ওসমান,BDT 200.00,
Kishorshomogro [AM] কিশোরসমগ্র,আল মাহমুদ,BDT 300.00,
Kishorshomogro-1 [S kabir] কিশোরসমগ্র-১,শাহরিয়ার কবির,BDT 500.00,
Kishorshomogro-2 [S kabir] কিশোরসমগ্র-২,শাহরিয়ার কবির,BDT 500.00,
Kishorshomogro-4 [S kabir] কিশোরসমগ্র-৪,শাহরিয়ার কবির,BDT 400.00,
Gangchil Deeper Bibhishika গাঙচিল দ্বীপের বিভীষিকা,আলী ইমাম,BDT 60.00,
Dekhi R Suni দেখি আর শুনি,ধ্রুব এষ,BDT 80.00,
Bishhonobi Hazrat Muhammad (Sm) বিশ্বনবী হযরত মুহম্মদ (সা.),আবদুল মান্নান সৈয়দ,BDT 60.00,
Mojar Mojar Onkogulo মজার মজার অংকগুলো,ড. আশরাফ সিদ্দিকী,BDT 60.00,
Hadiser Bani হাদীসের বাণী,আবুল ফজল,BDT 25.00,
Kishorshomogro-10 [FRS] কিশোরসমগ্র-১০,ফরিদুর রেজা সাগর,BDT 350.00,
O Bandhu Kazolvomra ও বন্ধু কাজলভোমরা,আনিসুল হক,BDT 160.00,
Tratina ত্রাতিনা,মুহম্মদ জাফর ইকবাল,BDT 260.00,
Doi Soinik [Somoy Prk] দুই সৈনিক,শওকত ওসমান,BDT 100.00,
Mitru [Somoy Prk] মৃত্যু,ফাহমিদা ফারুক,BDT 150.00,
Mritu [Oitijjhya] মৃত্যু,এ. এন. এম নূরুল হক,BDT 480.00,
Rajakarer Mon [Somoy Prk] রাজাকারের  মন,মুনতাসীর মামুন,BDT 550.00,
Rupkothar Bhindeshi রুপকথারা ভিনদেশি,হাসান হাফিজ,BDT 150.00,
Soronarthi '71 শরনার্থী '৭১,সুখেন্দু সেন,BDT 350.00,
Sustho Thakar Sohoj upay [Somoy Prk] সুস্থ থাকার সহজ উপায়,ডা. শাহনেওয়াজ চৌধুরী,BDT 200.00,
"Shabas Bangladesh সাবাশ বাংলাদেশ ক্রিকেট, জাতীয়তাবাদ, সংস্কৃতি",কৌশিক বন্দ্যোপাধ্যায়,BDT 275.00,
Matra মাত্রা,ধ্রুব এষ,BDT 100.00,
Streas স্ট্রেস,ডা. সানজিদা শাহরিয়া,BDT 200.00,
Half Circle হাফ সার্কেল,সুমন্ত আসলাম,BDT 180.00,
Bangladesh Documents 1971 (part-1) বাংলাদেশ ডকুমেন্টস ১৯৭১ (১ম খন্ড),এ.এস.এম সামছুল আরেফিন,BDT 6000.00,
Bangladesh Documents 1971 (part-2) বাংলাদেশ ডকুমেন্টস ১৯৭১ (২য় খন্ড),এ.এস.এম সামছুল আরেফিন,BDT 6000.00,
Bangladesh Documents 1971 (3-part) বাংলাদেশ ডকুমেন্টস ১৯৭১ (৩য় খন্ড),এ.এস.এম সামছুল আরেফিন,BDT 6000.00,
Bangladesh Documents 1971 (4part) বাংলাদেশ ডকুমেন্টস ১৯৭১ (৪র্থ খন্ড),এ.এস.এম সামছুল আরেফিন,BDT 6000.00,
Opraptoboyoskota অপ্রাপ্তবয়স্কা,অনুপম দেবাশীষ রায়,BDT 125.00,
Arunachale Rupkatha অরুণাচলের রুপকথা,রতন কর্মকার,BDT 150.00,
"Ekattur,  Jekhan Theke Shuru একাত্তর, যেখান থেকে শুরু",হাসান ফেরদাউস,BDT 300.00,
Kishoresomogro-11 [FRS] কিশোরসমগ্র-১১,ফরিদুর রেজা সাগর,BDT 300.00,
Jononetry Momota Benarjie জননেত্রী মমতা ব্যানার্জী,সঙ্ঘমিত্রা সাহা,BDT 700.00,
Bangladesh Awami League : Sonkhipto Etihash O Nirbachito Dolil -2nd part বাংলাদেশ আওয়ামী লীগ সংক্ষিপ্ত ইতিহাস ও নির্বাচিত দলিল (দ্বিতীয় খন্ড),নূহ-উল-আলম লেনিন,BDT 2500.00,
Bangladesh Awami League : Sonkhipto Etihash o Nirbachito Dolil বাংলাদেশ আওয়ামী লীগ সংক্ষিপ্ত ইতিহাস ও নির্বাচিত দলিল,নূহ-উল-আলম লেনিন,BDT 2000.00,
Bimurta Bosanta বিমূর্ত বসন্ত,মাসুমা সিদ্দিকী,BDT 200.00,
"Mark Twain : Jar, Rus Biolob O Maxim Gorki মার্ক টোয়েন : জার,রুশ বিপ্লব ও মাক্সিম গোর্কি",মনজুর শামস,BDT 225.00,
Shoid Pulicer Rokter Reen শহিদ পুলিশের রক্তের ঋণ,আবিদা সুলতানা,BDT 200.00,
Kobitasonggrah[IG] কবিতাসংগ্রহ,ঈশ্বরচন্দ্র গুপ্ত,BDT 250.00,
Bongobondhu O Bangladsh Part-2 বঙ্গবন্ধু ও বাংলাদেশ (দ্বিতীয় খন্ড),মুনতাসীর মামুন,BDT 1200.00,
Bongobondhu O Bangladsh Part-1 বঙ্গবন্ধু ও বাংলাদেশ (প্রথম খন্ড),মুনতাসীর মামুন,BDT 1200.00,
Bangladesher Jalani Nirapatta বাংলাদেশের জ্বালানি নিরাপত্তা,তুষার আব্দুল্লাহ,BDT 140.00,
Bichitra'r Nirbachito Kobita বিচিত্রা'র  নির্বাচিত কবিতা,মাহবুব রেজা,BDT 425.00,
Bichitra'r Nirbachito Golpo বিচিত্রা'র নির্বাচিত গল্প,মাহবুব রেজা,BDT 600.00,
Unish Sotoke Purbobonger Mudron-O-prokashona উনিশ শতকে পূর্ববঙ্গের মুদ্রণ ও প্রকাশনা,মুনতাসীর মামুন,BDT 800.00,
Unish Sotoke Purbobonger Mudron-O-prokashona (1847-1900) উনিশ শতকে পূর্ববঙ্গের মুদ্রণ ও প্রকাশনা (১৮৪৭-১৯০০),মুনতাসীর মামুন,BDT 600.00,
Gender O Unnoyonkosh Vol-1 জেন্ডার ও উন্নয়ন কোষ  (১খন্ড),সেলিনা হোসেন,BDT 1000.00,
Gender O Unnoyonkosh Vol-2 জেন্ডার ও উন্নয়ন কোষ (২ খন্ড),সেলিনা হোসেন,BDT 1000.00,
Notes From Kazan নোটস ফ্রম কাজান,শাহরিয়ার কবির,BDT 200.00,
Kalratri Khandachitra কালরাত্রি খণ্ডচিত্র,শওকত ওসমান,BDT 60.00,
Frankenstein ফ্র্যাঙ্কেনস্টাইন,কবীর চৌধুরী,BDT 100.00,
Gawotry Sondha গায়ত্রী সন্ধ্যা,সেলিনা হোসেন,BDT 750.00,
Puttra [Somoy Prk] পুত্র,সেলিম আল দীন,BDT 80.00,
PrioDorShini [Somoy Prk] প্রিয়দর্শিনী,প্রণব ভট্ট,BDT 130.00,
Tratuler Jagat ত্রাতুলের জগৎ,মুহম্মদ জাফর ইকবাল,BDT 140.00,
J-Noder Jatri জি-নোডের যাত্রী,জাকারিয়া স্বপন,BDT 150.00,
Sreshtho Golpo [HA] শ্রেষ্ঠ গল্প,হুমায়ূন আহমেদ,BDT 500.00,
Kabbosomogro[AHMK] কাব্যসমগ্র,আবু হেনা মোস্তফা কামাল,BDT 150.00,
Kabbosomogro[HHR] কাব্যসমগ্র,হাসান হাফিজুর রহমান,BDT 250.00,
Aloi Nachon Patai Patai [Chandrabati Acdy] আলোর নাচন পাতায় পাতায়,আলী ইমাম,BDT 300.00,
Amar Akash Neele আমার আকাশ নীলে,ফারজানা উর্মি,BDT 135.00,
Jhilimili Dana ঝিলিমিলি ডানা,মাধুর্য খান,BDT 125.00,
Sokolei Bhut Noy Keu Keu Bhut সকলেই ভূত নয় কেউ কেউ ভূত,ধ্রুব এষ,BDT 125.00,
"Fire Esho, Sundoritoma ফিরে এসো, সুন্দরীতমা",আনিসুল হক,BDT 100.00,
Sobkichu Bhege Chure Jay সবকিছু ভেঙে-চুরে যায়,কবীর চৌধুরী,BDT 250.00,
Rodonruposhi [Somoy Prk] রোদনরূপসী,আবদুল্লাহ আবু সায়ীদ,BDT 125.00,
Shirsho 15 Paki Juddhaporadhi শীর্ষ ১৫ পাকি যুদ্ধাপরাধী,ডা. এম এ হাসান,BDT 275.00,
Koi Hai? কোই হ্যায়?,মুনতাসীর মামুন,BDT 600.00,
Beyond Land and Time বিয়ন্ড ল্যান্ড এন্ড টাইম,ফয়জুল লতিফ চৌধুরী,BDT 300.00,
Shishu-Niramoy শিশু-নিরাময়,ডা. প্রণব কুমার চৌধুরী,BDT 250.00,
Uponnashshomogro [NE] উপন্যাসসমগ্র,নীলিমা ইব্রাহিম,BDT 500.00,
Ward Number 6 ওয়ার্ড নম্বর ৬,মনজুর শামস,BDT 100.00,
"Nondini, Tumi Kothay! নন্দিনী, তুমি কোথায়!",মোস্তফা কামাল,BDT 150.00,
Trish Lokkho Shahid : Bahullo Naki Bastobota ত্রিশ লক্ষ শহিদ : বাহুল্য নাকি বাস্তবতা,আরিফ রহমান,BDT 325.00,
Charlie And The Chocolate Factory চার্লি অ্যান্ড দ্য চকোলেট ফ্যাক্টরি,রোয়াল্ড ডাল,BDT 200.00,
Nam Diye Jay Chena নাম দিয়ে যায় চেনা,আলম তালুকদার,BDT 100.00,
Chader Burir Boyosh Jokhon Sholo চাঁদের বুড়ির বয়স যখন ষোলো,মারজুক রাসেল,BDT 40.00,
Kaloder Shathe Shadader Dheshe কালোদের সাথে শাদাদের দেশে,মিতালী হোসেন,BDT 120.00,
Bohe Joboboti Dhara-1 বহে জলবতী ধারা-১,আবদুল্লাহ আবু সায়ীদ,BDT 300.00,
Iccamatir Shonali-Rupali ইচ্ছামতির সোনালি-রুপালি,আবু হেনা মোস্তফা কামাল,BDT 60.00,
"Dui Bhuboner Dui Shilpi : Jibonkotha Kolim Sorafi, Mustopa Monowar দুই ভুবনের দুই শিল্পী : জীবনকথা কলিম শরাফী, মুস্তফা মনোয়ার",মারুফ রায়হান,BDT 80.00,
Jibon Joyi Hobe জীবন জয়ী হবে : সরদার ফজলুল করিমের সাথে কথোপকথন,শান্তনু মজুমদার,BDT 75.00,
Bigyanshomogro -1 [JH] বিজ্ঞানসমগ্র-১,জহুরুল হক,BDT 500.00,
Bangladesher Mach [Somoy Prk] বাংলাদেশের মাছ,মোকারম হোসেন,BDT 100.00,
Manush O Mohabissho [Somoy Prk] মানুষ ও মহাবিশ্ব,শিশিরকুমার ভট্টাচার্য,BDT 275.00,
Porir Meye Meghoboti পরীর মেয়ে মেঘবতী,হুমায়ূন আহমেদ,BDT 100.00,
Bhayer Hate Hat ভায়ের হাতে হাত,বুলবন ওসমান,BDT 75.00,
Khatimander Morodeho Ebong Ek Dojon Mojar Bishoy খ্যাতিমানদের মরদেহ এবং এক ডজন মজার বিষয়,ড .মাহফুজ পারভেজ,BDT 250.00,
Ditiyo Jonmer Por দ্বিতীয় জন্মের পর,সুমন্ত আসলাম,BDT 100.00,
Bangladesher Muktijuddhe Markin Bhumikar Gopon Dalil বাংলাদেশের মুক্তিযুদ্ধে মার্কিন ভূমিকার গোপন দলিল,আসিফ রশীদ,BDT 100.00,
Borendro Onchole Muslim Itihash-Oitijjo বরেন্দ্র অঞ্চলে মুসলিম ইতিহাস-ঐতিহ্য,ড. এ কে এম ইয়াকুব আলী,BDT 200.00,
Modhojuger Shahitte Shomaj O Shongskritir Roop [Somoy Prk] মধ্যযুগের সাহিত্যে সমাজ ও সংস্কৃতির রূপ,আহমদ শরীফ,BDT 200.00,
Madhojuger Sahitto Somaz O Sangskriti Rup [Agme Prk] মধ্যযুগের সাহিত্যে সমাজ ও সংস্কৃতির রূপ,আহমদ শরীফ,BDT 350.00,
Nirbachito Premer Uponnash [KBAB] নির্বাচিত প্রেমের উপন্যাস,কাসেম বিন আবুবাকার,BDT 250.00,
She Tomar Koto Dour সে তোমার কতো দূউর,মানিক চৌধুরী,BDT 40.00,
Fobiyaner Zatri ফোবিয়ানের যাত্রী,মুহম্মদ জাফর ইকবাল,BDT 150.00,
Neta J Rate Nihoto Holen [Katha Prk] নেতা যে রাতে নিহত হলেন,ইমদাদুল হক মিলন,BDT 250.00,
Kismot Alir Matha Gorom কিসমত আলীর মাথা গরম,জামাল রেজা,BDT 120.00,
Rilke: Noishobde O Nisshongotay রিলকে : নৈঃশব্দ্যে ও নিঃসঙ্গতায়,জাহানারা পারভীন,BDT 175.00,
Hance Andersoner Khoje হান্স আন্ডেরসেনের খোঁজে,মুনতাসীর মামুন,BDT 100.00,
Kokhono Sokhono Kobita Rajneetir Kotha Koy কখনো-সখনো কবিতা রাজনীতির কথা কয়,মুহাম্মদ হাবিবুর রহমান,BDT 125.00,
Ekattorer Diary [BR] একাত্তরের ডায়েরি,সরদার জহুরুল আনোয়ার,BDT 80.00,
Oditir Dairy অদিতির ডায়েরি,তাসলিমা জামান পান্না,BDT 100.00,
Novo Noukar Malla নভো নৌকার মাল্লা,আবু কায়সার,BDT 75.00,
Muktijuddho Muktir Joy মুক্তিযুদ্ধ মুক্তির জয়,সুফিয়া কামাল,BDT 100.00,
Durdiner Dinlipi দূর্দিনের দিনলিপি,আবুল ফজল,BDT 100.00,
Kotha O Kobita কথা ও কবিতা,আবু হেনা মোস্তফা কামাল,BDT 150.00,
Uttorporb Mujibnogor উত্তরপর্ব মুজিবনগর,শওকত ওসমান,BDT 800.00,
Pata Orar Drishho পাতা ওড়ার দৃশ্য,ধ্রুব এষ,BDT 60.00,
Shundor Barir Shohoj Prokoushol সুন্দর বাড়ীর সহজ প্রকৌশল,প্রকৌশলী লেঃ কর্ণেল মোঃ আবদুল কাদির,BDT 600.00,
Ekushe Februari [Anupam Prk] একুশে ফেব্রুয়ারী,জহির রায়হান,BDT 75.00,
Ekushe February [Somoy Prk] একুশে ফেব্রুয়ারী,হাসান হাফিজুর রহমান,BDT 100.00,
Oprokashito-Ogronthito Jibonanondo Dash অপ্রকাশিত-অগ্রন্থিত জীবনানন্দ দাশ,সমরেন্দ্র সেনগুপ্ত,BDT 250.00,
"Jibonanondo: Tulonay Shomporke জীবনানন্দ : তুলনায়, সম্পর্কে",ফয়জুল লতিফ চৌধুরী,BDT 75.00,
Pakistani Juddhoporadh 191 Jon পাকিস্তানি যুদ্ধাপরাধী ১৯১ জন,ডা. এম এ হাসান,BDT 225.00,
Rahnama Part-2 রাহনামা-২,শওকত ওসমান,BDT 350.00,
Abdul Haque : Smriti Shonchoy-1 আবদুল হক : স্মৃতি সঞ্চয়,সৈয়দ আজিজুল হক,BDT 175.00,
Araz Ali Matubbar : Shotobarshe Fire Dekha আরজ আলি মাতুব্বর : শতবর্ষে ফিরে দেখা,আইয়ুব হোসেন,BDT 250.00,
Tora Shob Joyddhoni Kor তোরা সব জয়ধ্বনি কর,আবদুল মান্নান সৈয়দ,BDT 300.00,
Oporadh Shutrer Shondhane অপরাধ সূত্রের সন্ধানে,সুপন রায়,BDT 100.00,
Bangladesher Utshob [Somoy Prk] বাংলাদেশের উৎসব,মুনতাসীর মামুন,BDT 200.00,
Kafkar Nirbachito Golpo কাফকার নির্বাচিত গল্প,কবীর চৌধুরী,BDT 150.00,
Prem O Kolera প্রেম ও কলেরা,কবীর চৌধুরী,BDT 400.00,
The Dinner Party দি ডিনার পার্টি,কবীর চৌধুরী,BDT 150.00,
Lola Grage Er Upakhyan লোলা গ্রেগ-এর উপাখ্যান,কবীর চৌধুরী,BDT 110.00,
Sophia Lauren: Taar Apon Kotha সোফিয়া লোরেন : তাঁর আপন কথা,খায়রুল আলম সবুজ,BDT 250.00,
Raiders Of The Last Ark রাইডার্স অভ দি লাস্ট আর্ক,মুনতাসীর মামুন,BDT 60.00,
Aguner Dana আগুনের ডানা (উইংগস অফ ফায়ার অবলম্বনে),আসিফ রশীদ,BDT 80.00,
The Vanquished Generales And Liberation War Of Bangladesh দি ব্যাংকীষেদ জেনেরালেস এন্ড দ্য লিবারেশন ওয়ার অফ বাংলাদেশ,মুনতাসীর মামুন,BDT 450.00,
"Ei Megh, Roudrochaya এই মেঘ, রৌদ্রছায়া",হুমায়ূন আহমেদ,BDT 200.00,
Ebong Himu... এবং হিমু...,হুমায়ূন আহমেদ,BDT 100.00,
Srabonmegher Din শ্রাবনমেঘের দিন,হুমায়ূন আহমেদ,BDT 250.00,
Jolpodmo জলপদ্ম,হুমায়ূন আহমেদ,BDT 120.00,
Paradigm Shift প্যারাডাইম শিফট,আবেদ চৌধুরী,BDT 300.00,
Amader Shada Bari আমাদের শাদা বাড়ি,হুমায়ূন আহমেদ,BDT 100.00,
A Few Youths In The Moon এ ফিউ যৌথস ইন দ্য মুন,হুমায়ূন আহমেদ,BDT 100.00,
Kew Katha Rakheni [Katha Prk] কেউ কথা রাখেনি,ইমদাদুল হক মিলন,BDT 300.00,
Faad [AH] ফাঁদ,আনিসুল হক,BDT 125.00,
"Bhalobasha, Ami Tomar Jonno Kandchi ভালবাসা, আমি তোমার জন্যে কাঁদছি",আনিসুল হক,BDT 125.00,
Maa [AH] মা,আনিসুল হক,BDT 300.00,
Bill Gates (The Greatest Enterprenure Of Software) বিল গেটস (দ্যা গ্রেটেস্ট এনট্র্যাপ্রেনার অব সফটওয়্যার),শরিফুল ইসলাম ভুঁইয়া,BDT 200.00,
Goniter Shotoproshno গণিতের শতপ্রশ্ন,ড. মো. রাশেদ তালুকদার,BDT 100.00,
Oscar Wielder Golposhomgreo অসকার ওয়াইল্ড গল্পসমগ্র,খসরু চৌধুরী,BDT 200.00,
Shonirbachito Kobita [S kamal] স্বনির্বাচিত কবিতা,সুফিয়া কামাল,BDT 250.00,
Nirbachito Kobita [AMS] নির্বাচিত কবিতা,আবদুল মান্নান সৈয়দ,BDT 320.00,
Anondouddan অানন্দউদ্যান,নির্মলেন্দু গুণ,BDT 40.00,
Tumi Chuye Jao Brishti Tobu তুমি ছুঁয়ে যাও বৃষ্টি তবু,সুমন্ত আসলাম,BDT 100.00,
'71 Upakkhan '৭১ উপাখ্যান,সাঈদ হাসান দারা,BDT 125.00,
Shorkar Shongbidhan O Odhikar সরকার সংবিধান ও অধিকার,মুহাম্মদ হাবিবুর রহমান,BDT 75.00,
"Jago, Otho, Darao Bangladesh জাগো, ওঠো, দাঁড়াও বাংলাদেশ",মুহাম্মদ হাবিবুর রহমান,BDT 100.00,
Chawa-Pawa O Na-Pawar Hisheb চাওয়া-পাওয়া ও না-পাওয়ার হিসেব,মুহাম্মদ হাবিবুর রহমান,BDT 150.00,
Mohajagotik Alor Fire Dekha মহাজাগতিক আলোয় ফিরে দেখা,আসিফ,BDT 125.00,
Jibon O Bigyan জীবন ও বিজ্ঞান,জহুরুল হক,BDT 90.00,
Shishur Ittadi শিশুর ইত্যাদি,ডা. প্রণব কুমার চৌধুরী,BDT 40.00,
Hridoyer Kacher Bishoy হৃদয়ের কাছের বিষয়,রাবেয়া খাতুন,BDT 50.00,
Hashi Khushi Kolorob হাসি খুশি কলরব,যোগীন্দ্রনাথ সরকার,BDT 200.00,
Jader Safolle Alokito Bangladesh যাদের সাফল্যে আলোকিত বাংলাদেশ,শুভ কিবরিয়া,BDT 400.00,
Chora Company Private Limited ছড়া কোম্পানি প্রাইভেট লিমিটেড,লুৎফর রহমান রিটন,BDT 80.00,
Mofoswale Tv Shangbadikota মফস্বলে টিভি সাংবাদিকতা,তুষার আব্দুল্লাহ,BDT 100.00,
Misir Ali! Apni Kothay? মিসির আলি! আপনি কোথায়?,হুমায়ূন আহমেদ,BDT 150.00,
Sreshthogolpo [SO] শ্রেষ্ঠগল্প,শওকত ওসমান,BDT 300.00,
"Shilpo, Dhormo O Bigganer Shomatotto শিল্প, ধর্ম ও বিজ্ঞানের সমাজতত্ত্ব",বুলবন ওসমান,BDT 150.00,
Ikaras ইকারাস,মুহম্মদ জাফর ইকবাল,BDT 225.00,
Yasmin Dhorshon-Hotta-Bichar ইয়াসমিন ধর্ষণ-হত্যা-বিচার,মোঃ মুমিনুর রহমান,BDT 75.00,
Nirbachito Colum [OK] নির্বাচিত কলাম,ওবায়দুল কাদের,BDT 250.00,
Nondontotter Gorar Kotha নন্দনতত্ত্বের গোড়ার কথা,বুলবন ওসমান,BDT 250.00,
Adhunik Poddhotite Mach Chash [Somoy Prk] আধুনিক পদ্ধতিতে মাছ চাষ,কাজী মাহবুবুল হক,BDT 150.00,
Ekjon Adorsho Manush একজন আদর্শ মানুষ,জব্বার হোসেন,BDT 125.00,
Dure Jawa  Kache Pawar Golpo দূরে যাওয়া কাছে পাওয়ার গল্প,হারুন অর রশীদ,BDT 150.00,
Manobtontri Abul Fazal : Shotobarshiki Smarokgrontho মানবতন্ত্রী আবুল ফজল : শতবার্ষিক স্মারকগ্রন্থ,আবুল মোমেন,BDT 750.00,
Shongkhatotter Nana Kotha সংখ্যাতত্ত্বের নানা কথা,সি. স্ট্যানলি ওজিলভি,BDT 150.00,
Shishur Jonno Poripurok Khabar শিশুদের জন্য পরিপূরক খাবার,ড. মো. আসিরুল হক,BDT 100.00,
Hironmoy Dukkho Ebong Protidin Ekti Poppy হিরন্ময় দুঃখ এবং প্রতিদিন একটি পপি,রাবেয়া খাতুন,BDT 150.00,
Oronner Agun Bhora Rate অরণ্যের আগুন-ভরা রাতে,নূহ-উল-আলম লেনিন,BDT 80.00,
Goniter Moja Goniter Dhadha গণিতের মজা গণিতের ধাঁধাঁ,সুব্রত মজুমদার,BDT 125.00,
Rup-Rupali রূপ-রূপালী,মুহম্মদ জাফর ইকবাল,BDT 250.00,
Ontorongo Alap অন্তরঙ্গঁ আলাপ,আবদুল্লাহ আবু সায়ীদ,BDT 125.00,
Zet Zete Moddhojug Ghure Dariyeche যেতে যেতে মধ্যযুগ ঘুরে দাঁড়িয়েছে,আসাদ চৌধুরী,BDT 90.00,
Roktakto Usa [Somotot] রক্তাক্ত ঊষা,জিতেন ঘোষ,BDT 250.00,
Kishor Muktijuddho Kosh কিশোর মুক্তিযুদ্ধ কোষ,মুনতাসীর মামুন,BDT 900.00,
Kishor Muktijuddho Kosh কিশোর মুক্তিযুদ্ধ কোষ,,BDT 900.00,
Pakisthani Generalder Mon : Banglali Bangladesh Muktijudah পাকিস্তানি জেনারেলদের মন : বাঙালি বাংলাদেশ  মুক্তিযুদ্ধ,মুনতাসীর মামুন,BDT 600.00,
"Ditiyo Prem Prothom Melar Age দ্বিতীয় প্রেম, প্রথম খেলার আগে",দেবব্রত মুখোপাধ্যায়,BDT 200.00,
Shopner Soman Boro স্বপ্নের সমান বড়,আবদুল্লাহ আবু সায়ীদ,BDT 150.00,
1001 Math Formula ১০০১ ম্যাথ ফর্মুলা,আবুল বাসার,BDT 225.00,
Bhromonshomogro-3 [RK] ভ্রমণসমগ্র-৩,রাবেয়া খাতুন,BDT 500.00,
Shantibahini : Guerilla Jibon শান্তিবাহিনী : গেরিলা জীবন,গোলাম মোর্তোজা,BDT 200.00,
Chayamanob [Somoy Prk] ছায়ামানব,শাহাবুদ্দীন নাগরী,BDT 250.00,
Ekattorer Diary [Somoy Prk] একাত্তরের ডায়েরি,এ. এইচ. এম বজলুর রহমান,BDT 120.00,
Gonotontrer 15 Bochor গণতণ্ত্রের ১৫ বছর,মতিউর রহমান,BDT 150.00,
Hamlet [Somoy Prk] হ্যামলেট,শামসুর রহমান,BDT 175.00,
Hawa Ar Roder Chora হাওয়া আর রোদের ছড়া,আলম তালুকদার,BDT 100.00,
Sharnoboal স্বর্ণবোয়াল,সেলিম আল দীন,BDT 180.00,
Kishorshomogro-4 [KC] কিশোরসমগ্র-৪,কাইজার চৌধুরী,BDT 400.00,
Premer Kobita [HH] প্রেমের কবিতা,হাসান হাফিজ,BDT 40.00,
Fao Pachal ফাও প্যাঁচাল,জামাল রেজা,BDT 150.00,
Bohe Jolobotidhara -2 বহে জলবতীধারা (২য় খণ্ড),আবদুল্লাহ আবু সায়ীদ,BDT 200.00,
Eeshaneer Vaber Somoy ঈশানীর ভাবের সময়,খসরু চৌধুরী,BDT 350.00,
Astiter Proshne Kadbe অস্তিত্বের প্রশ্নে কাঁদবে,মিশুক সেলিম,BDT 175.00,
Sera 10 Uponnash [Ah] সেরা ১০ উপন্যাস,আনিসুল হক,BDT 1000.00,
Sundarban [Somoy] সুন্দরবন,সাজিদ কামাল,BDT 250.00,
Janaje জানাযে,ড.আব্দুস সাঈদ,BDT 160.00,
Bitorker Shorol Path বিতর্কের সরল পাঠ,শামীম আল আমিন,BDT 120.00,
Tommy Mia's  Children's Recepie টমি মিয়া'স চিল্ড্রেন'স রেসিপি,টমি মিয়া,BDT 125.00,
Aha Footbal আহা ফুটবল,রোমেন রায়হান,BDT 80.00,
"Priotoma Tomake প্রিয়তমা, তোমাকে",আনিসুল হক,BDT 600.00,
Prokashkonama O Humayun Ahmed প্রকাশকনামা ও হুমায়ূন আহমেদ,ফরিদ আহমেদ,BDT 460.00,
Tok Mishti Talkshow টক মিষ্টি টকশো,তুষার আব্দুল্লাহ,BDT 125.00,
Uponnashshomogro-4 [Am] উপন্যাসসমগ্র-৪,আল মাহমুদ,BDT 400.00,
Krishnacurar Lal কৃষ্ণচূড়ার লাল,মাসুমা সিদ্দিকী,BDT 250.00,
Bongobondhu O Bangladsh বঙ্গবন্ধু ও বাংলাদেশ,আবুল মাল আব্দুল মুহিত,BDT 250.00,
Tishaner Ditiyo Jogot তিশানের দ্বিতীয় জগৎ,ধ্রুব এষ,BDT 60.00,
Amra Jebhabe Beche Achi আমরা যেভাবে বেঁচে আছি,বোরহানউদ্দীন খান জাহাঙ্গীর,BDT 75.00,
Baat Mera Saccha Dhaka Bhohut Accha বাত মেরা সাচ্চা ঢাকা বাহুত আচ্ছা,আসলাম সানী,BDT 75.00,
Ekti Kacha Moricher Kahini Orthoniti 2004 একটি কাঁচা মরিচের কাহিনী অর্থনীতি ২০০৪,মহীউদ্দীন খান আলমগীর,BDT 90.00,
Bangladesher Protnobostu: Pracheen Jug বাংলাদেশের প্রত্নবস্তু : প্রাচীন যুগ,ড. এ কে এম শাহনাওয়াজ,BDT 125.00,
Nidrashomogro নিদ্রাসমগ্র,জাহানারা পারভীন,BDT 75.00,
Suicide Note সুইসাইড নোট,অরুণ চৌধুরী,BDT 200.00,
Hoptom-Phonchom হপ্তম-পঞ্চম,শওকত ওসমান,BDT 125.00,
The Evidence-2 :  Liberation War -5 Sector দ্য এভিডেন্স-২,লে. জেনারেল মীর শওকত আলী,BDT 350.00,
The Evidence-1 : Liberation War The Beginning দ্য এভিডেন্স-১,লে. জেনারেল মীর শওকত আলী,BDT 300.00,
kanadar Somokalin Kobita কানাডার সমকালীন কবিতা,পারভেজ চৌধুরী,BDT 125.00,
Shadhinata Songgram Dhakai Garila Aparetion স্বাধীনতা সংগ্রাম ঢাকায় গেরিলা অপারেশন,হেদায়েত হোসাইন মোরশেদ,BDT 100.00,
Theater: Eastern Reinforcement থিয়েটার : ইস্টার্ন রীইনফোর্সমেন্ট,সাঈদ হাসান দারা,BDT 150.00,
Gadhar Pithe Radha গাধার পিঠে রাধা,দন্ত্যস রওশন,BDT 70.00,
Notun Baoali নতুন বাওয়ালী,খসরু চৌধুরী,BDT 150.00,
Jattri যাত্রী,মতিয়ার রহমান পাটোয়ারী,BDT 70.00,
Ekakee Tarar Desh Theke একাকী তারার দেশ থেকে,আহমেদ আমিন আবদুল্লাহ,BDT 150.00,
Unis Shotoke Purbononger Theator O Natok [Somoy Prk] উনিশ শতকে পূর্ববঙ্গের থিয়েটার ও নাটক,মুনতাসীর মামুন,BDT 350.00,
Bangla Uponnashe Chittoboibhob: Fire dekha বাংলা উপন্যাসের চিত্তবৈভব : ফিরে দেখা,অনীক মাহমুদ,BDT 120.00,
Ektukhani Gonit একটুখানি গণিত,গৌরাঙ্গ দেব রায়,BDT 350.00,
Ma Hawar Shontan মা হাওয়ার  সন্তান,জাহানারা পারভীন,BDT 80.00,
Tristana ত্রিস্তানা,ধ্রুব এষ,BDT 125.00,
EkantonProdiper Aloi একান্ত প্রদীপের আলোয়,মোহাম্মদ আবু তাহের,BDT 200.00,
Kothashomogro কথাসমগ্র,আবু হেনা মোস্তফা কামাল,BDT 250.00,
Smribichitra স্মৃতিবিচিত্রা,আবু ইসহাক,BDT 100.00,
Desh-Bidesher Lokgolpo দেশ-বিদেশের লোকগল্প,কবীর চৌধুরী,BDT 200.00,
Dui Nobel Bijoyeer Ek Dojon Chotogolpo দুই নোবেল বিজয়ীর এক ডজন ছোটগল্প,কবীর চৌধুরী,BDT 125.00,
Kalo Golap [Somoy Prk] কালো গোলাপ,গোলাম মোহম্মদ কাদের,BDT 50.00,
Hashir Char Uponnash [AH] হাসির চার উপন্যাস,আনিসুল হক,BDT 300.00,
Bhabnar Nirjhore ভাবনার নির্ঝরে,মিনা চৌধুরী,BDT 120.00,
Swapner Thikana [B Co-Op] স্বপ্নের ঠিকানা,আ.জ.ম. ওবায়েদুল্লাহ,BDT 80.00,
Swopner Thikana [Somoy Prk] স্বপ্নের ঠিকানা,ইফতেখারুল ইসলাম,BDT 160.00,
Lodghingmaster লজিংমাস্টার,হুমায়ুন কবীর ঢালী,BDT 110.00,
Ouponibeshikottor Oupibeshik Mon ঔপনিবেশিকোত্তর ঔপনিবেশিক মন,মুনতাসীর মামুন,BDT 250.00,
Proshongo: Poribesh O Manob Cancar Polithin প্রসঙ্গঃ পরিবেশ ও মানব কান্স্যার পলিথিন,হারুন-আর-রশিদ,BDT 125.00,
Shopner Shohore স্বপ্নের শহরে,শমী কায়সার,BDT 40.00,
Humayon 50 হুমায়ুন ৫০,হুমায়ূন আহমেদ,BDT 1000.00,
Kishorsomogro-4 [FRS] কিশোরসমগ্র-৪,ফরিদুর রেজা সাগর,BDT 250.00,
Anando Mojar Bigghan Khela আনন্দ মজার বিজ্ঞান খেলা,শেখ আনোয়ার,BDT 100.00,
Anur Saykel আনুর সাইকেল,ধ্রুব এষ,BDT 80.00,
Amar Prokriti Amar Poribesh আমার প্রকৃতি আমার পরিবেশ,আমীরুল ইসলাম,BDT 50.00,
Ai Amar Boi এই আমার বই,ধ্রুব এষ,BDT 80.00,
Ekattorer Golpo Shono একাত্তরের গল্প শোনো,আবু কায়সার,BDT 75.00,
Vromonshomogro -1 [RK] ভ্রমণসমগ্র-১,রাবেয়া খাতুন,BDT 500.00,
Kaker Ka Boker Cha কাকের কা বকের ছা,বিপ্রদাশ বড়ুয়া,BDT 100.00,
Path O Probasher Golpo-2 : Newyark Bosoti পথ ও প্রবাসের গল্প-২ : নিউইয়র্ক বসতি,আবু রায়হান,BDT 225.00,
Omorjada অমর্যাদা,কবীর চৌধুরী,BDT 300.00,
Brihot Jonogoshthir Jonno Unnoyon বৃহৎ জনগোষ্ঠির জন্য উন্নয়ন,শেখ হাসিনা,BDT 100.00,
Botgasher Modurrohossho বটগাছের মধুরহস্য,ফরিদুর রেজা সাগর,BDT 125.00,
Bhasha- Andolon: Itihash O Uttorptobhab ভাষা-আন্দলোনঃ ইতিহাস ও উত্তরপ্রভাব,আহমদ রফিক,BDT 500.00,
Bengali Beauty's Recipe বাঙলা বিউটি’স রেসিপি,টমি মিয়া,BDT 150.00,
Baccar Susastho বাচ্চার সুস্বাস্থ্য: সন্তানের ওপর  মা-বাবার রক্ত গ্রুপের প্রভাব ও অন্যান্য,ডা. প্রণব কুমার চৌধুরী,BDT 100.00,
Ratbhor Shurjo রাতভর সূর্য,মুহাম্মদ ইব্রাহীম,BDT 80.00,
Kishor O Upojogi : Muktijuddher Nirbachito Golpo কিশোর উপযোগী : মুক্তিযুদ্ধের নির্বাচিত গল্প,,BDT 40.00,
Ontoraler Ami [Somoy Prk] অন্তরালের আমি,জুয়েল আইচ,BDT 60.00,
Kotha Lekaha Kotha কথা লেখা কথা,হাসান আজিজুল হক,BDT 140.00,
Jononi [Somoy Prk] জননী,শওকত ওসমান,BDT 250.00,
Onnorokom Atdin অন্যরকম আটদিন,শাহরিয়ার কবির,BDT 60.00,
Kishorshomogro-3 [S kabir] কিশোর সমগ্র-৩,শাহরিয়ার কবির,BDT 450.00,
A Hand Book Of Indian Elections And Governance (1947-2014) এ হ্যান্ড বুক অফ ইন্ডিয়ান ইলেকশনস এন্ড গভার্নেস (১৯৪৭-২০১৪),সঙ্ঘমিত্রা সাহা,BDT 800.00,
Bandorbane Beku Mama বান্দরবানে বেকু মামা,হাসান মোস্তাফিজুর রহমান,BDT 200.00,
Bangladeshi Genarelder Mon বাংলাদেশি জেনারেলদের মন,মুনতাসীর মামুন,BDT 900.00,
Basics Of Capital Market বেসিক অফ ক্যাপিটাল মার্কেট,মাহবুব হোসেন মজুমদার,BDT 850.00,
Paanch Adventure পাঁচ আ্যডভেঞ্চার,আবু কায়সার,BDT 200.00,
Noyoner Golpo নয়নের গল্প,মাহবুব রেজা,BDT 80.00,
Prithibir Kothay Ke Kemon পৃথিবীর কোথায় কে কেমন,আমীরুল ইসলাম,BDT 50.00,
Bangladesher Ognikishor বাংলাদেশের অগ্নিকিশোর,লুৎফর রহমান রিটন,BDT 100.00,
Kishor Muktijuddhoshomogro-2 কিশোর মুক্তিযুদ্ধসমগ্র-২,আমীরুল ইসলাম,BDT 425.00,
Kishorshomogro -9 [FRS] কিশোরসমগ্র -৯,ফরিদুর রেজা সাগর,BDT 400.00,
Bangladesher Itihash (1947-71) বাংলাদেশের ইতিহাস (১৯৪৭-৭১),ড. মো. মাহবুবুর রহমান,BDT 350.00,
Holi artisan হোলি আর্টিজান,নুরুজ্জামান লাবু,BDT 400.00,
Sohoje Shikhi C programming সহজে শিখি সি প্রোগ্রামিং,আরিফুজ্জামান ফয়সাল,BDT 200.00,
Shomoshamoyik Ancholik O Antorjatik Rajniit সমসাময়িক আঞ্চলিক ও আন্তর্জাতিক রাজনীতি,মোহাম্মদ মনিরুজ্জামান মিঞা,BDT 150.00,
Gonokobitatontrre Bangladesh গণকবিতাতন্ত্রী বাংলাদেশ,আখতারুজ্জামান আজাদ,BDT 334.00,
Kolerar Somoykar Prem কলেরার সময়কার প্রেম,কামরুজ্জামান,BDT 600.00,
Golpota Bolbo Bole Bese Achi গল্পটা বলবো বলেই বেঁচে আছি,কামরুজ্জামান,BDT 690.00,
Patar Jhore Ontoshitr Bishad পাতার ঝড়ে অন্ত্যেষ্টির বিষাদ,কামরুজ্জামান,BDT 180.00,
Itihash Nirmatar Mrittu [kakoli Prk] ইতিহাস নির্মাতার মৃত্যু,আসাদুজ্জামান আসাদ,BDT 80.00,
Juddho Joyer Prostiti [Agme Prk] যুদ্ধ জয়ের প্রস্তুতি,আসাদুজ্জামান আসাদ,BDT 350.00,
Company Amole Dhaka কোম্পানি আমলে ঢাকা,জেমস টেলর,BDT 250.00,
Alor Pathojatri আলোর পথযাত্রী,আসাদুজ্জামান,BDT 500.00,
Aloi Bhubon Bhora আলোয় ভুবন ভরা,আনিসুজ্জামান,BDT 300.00,
Amar Bangladesh:Adunik Jug আমার বাংলাদেশ: আধুনিক যুগ,ড. এ কে এম শাহনাওয়াজ,BDT 400.00,
Amader Choto Nodi আমাদের ছোট নদী,লুৎফর রহমান রিটন,BDT 250.00,
Abhoman Bangkar Pitha আবহমান বাংলার পিঠা,মাহবুবা চৌধুরী,BDT 1000.00,
Anonder Ghorbari আনন্দের ঘরবাড়ি,সাজ্‌জাদ আরেফিন,BDT 100.00,
Atmaparichay Bhasa- Andolon Sadinota আত্মপরিচয় ভাষা- আন্দোলন স্বাধীনতা,আনিসুজ্জামান,BDT 300.00,
Aj Chutibar আজ ছুটিবার,মাহফুজুর রহমান,BDT 600.00,
Ami Seemaheen Jeno-Ba Prachin Botbrikkher Moto আমি সীমাহীন যেন-বা প্রাচীন বটবৃক্ষের মতো,আল মাহমুদ,BDT 150.00,
Hete Zai Bonobiraler Sathe হেঁটে যাই বনবিড়ালের সাথে,আরিফ নজরুল,BDT 100.00,
Shushu Kishor Shomogro [Kakoli Prk] শিশু কিশোর সমগ্র,মঞ্জু সরকার,BDT 300.00,
Soindojjo O Kodorjjo সৌন্দর্য ও কদর্য,আহসান হাবীব,BDT 400.00,
Rajinitir Bhitor Jokhon Politics Dhuke! রাজনীতির ভিতর যখন পলিটিকস ঢোকে!,আহসান হাবীব,BDT 85.00,
Sheikh Sadir Niti Golpo শেখ সাদীর নীতি গল্প,আমীরুল ইসলাম,BDT 50.00,
Ei Muhurte Lekha Holo Je Choragulo এই মুহূর্তে লেখা হল যে ছড়াগুলো,আমীরুল ইসলাম,BDT 100.00,
Pakhimegh O Meghpakhir Chhora পাখিমেঘ ও মেঘপাখির  ছড়া,আমীরুল ইসলাম,BDT 100.00,
Chora Rochonaboli-3 [AI] ছড়া রচনাবলী-৩,আমীরুল ইসলাম,BDT 600.00,
Ekfota Brishti Othobae Ekmutho Roder Chora একফোঁটা বৃষ্টি অথবা একমুঠো রোদের ছড়া,আমীরুল ইসলাম,BDT 125.00,
Chora Jokhon Ful Hoye Othe Jai ছড়া যখন ফুল হয়ে উঠে যায়,আমীরুল ইসলাম,BDT 130.00,
Chotoder Jana Ojana ছোটদের জানা অজানা,আমীরুল ইসলাম,BDT 225.00,
Ekhon Takhon Manik Raton [Tamralipi] এখন তখন মানিক রতন,মুহম্মদ জাফর ইকবাল,BDT 200.00,
Sera Pach Science Fiction [Tamralipi] সেরা পাঁচ সায়েন্স ফিকশন,হুমায়ূন আহমেদ,BDT 470.00,
Adorsher Golpo: Je Golpo Purono Hoy Na আদর্শের গল্পঃ যে গল্প পুরনো হয় না,আমীরুল ইসলাম,BDT 80.00,
Akash Kusum Rupkatha আকাশ কুসুম রূপকথা,আমীরুল ইসলাম,BDT 300.00,
"Chobi Anka, Chobi Bojha ছবি আঁকা, ছবি বোঝা",আমীরুল ইসলাম,BDT 200.00,
Bangla Banggali Bangladesh বাংলা বাঙালি বাংলাদেশ,আমীরুল ইসলাম,BDT 50.00,
Muktijuddher Shesh Nei মুক্তিযুদ্ধের শেষ নেই,আমীরুল ইসলাম,BDT 75.00,
Akash-Joyer Golpo আকাশ-জয়ের গল্প,সিরু বাঙালি,BDT 70.00,
Abir O Pakhhirobot আবির ও পক্ষিরোবট,জসিম আল ফাহিম,BDT 150.00,
Arumanob O Shiyalbandu আরুমানব ও শেয়ালবন্ধু,মাহফুজুর রহমান,BDT 80.00,
Rituder Rangtuli ঋতুদের রংতুলি,সুজন বড়ুয়া,BDT 150.00,
Ekushey Februaryir Golpo একুশে ফেব্রুয়ারীর গল্প,সুজন বড়ুয়া,BDT 100.00,
Gabdale Abdale গাবডালে আবডালে,মাহমুদউল্লাহ,BDT 70.00,
Biler Dhare Neel Vut বিলের ধারে নীল ভূত,শরিফুল ইসলাম ভুঁইয়া,BDT 85.00,
Bunohash O Rajkonnar Golpo বুনোহাঁস ও রাজকন্যার গল্প,মাহফুজুর রহমান,BDT 80.00,
Bangk Ure Akashe ব্যাঙ উড়ে আকাশে,মালেক মাহমুদ,BDT 70.00,
Bangk Dake Ghagger Ghangk ব্যাঙ ডাকে ঘ্যাঙর ঘ্যাঙ,নাবীল অনুসূর্য,BDT 100.00,
Vut Shikarer Golpo ভূত শিকারের গল্প,আবুল কালাম বেলাল,BDT 80.00,
Vut-Petni O Porir Goppo ভূত-পেতনি ও পরীর গপ্‌পো,বিপ্রদাশ বড়ুয়া,BDT 150.00,
Vuter Chele Vuttong ভূতের ছেলে ভূতং,সরদার আবুল হাসান,BDT 70.00,
Ghashforing O Neel Projapoti ঘাসফড়িং ও নীল প্রজাপতি,মনিরুজ্জামান পলাশ,BDT 70.00,
Chader Deshe Vombol চাঁদের দেশে ভোম্বল,মালেক মাহমুদ,BDT 70.00,
Chara Tomtom ছড়া টমটম,মালেক মাহমুদ,BDT 100.00,
Charar Dana Dhorte Mana ছড়ার ডানা ধরতে মানা,রুবেল মাহমুদ,BDT 80.00,
Chotoder Mojar Chara ছোটদের মজার ছড়া,এইচ এস সরোয়ারদী,BDT 80.00,
Chotomamar Vutbari ছোটমামার ভূতবাড়ি,মালেক মাহমুদ,BDT 80.00,
Chottomonir Khelnapati ছোট্টমণির খেলনাপাতি,আমির আসহাব,BDT 80.00,
Jadur Penchile জাদুর পেন্সিল,মেহেরুননিসা সিমি,BDT 100.00,
Jutor Deshe Guplu জুতোর দেশে গুপলু,সাদিয়া ইসলাম বৃষ্টি,BDT 75.00,
Tiye Pakhir Biye টিয়ে পাখির বিয়ে,আহমেদ জাকির,BDT 80.00,
Dyne [Shishu Prk] ডাইনি,মাহমুদউল্লাহ,BDT 70.00,
Daduke Ghere Golper Vire দাদুকে ঘিরে গল্পের ভিড়ে,মেহেরুননেসা রশিদ,BDT 150.00,
Dadur Bari Shubonnogram দাদুর বাড়ি সুবর্ণগ্রাম,মুরাদ চৌধুরী,BDT 80.00,
Dui Bamoner Kando দুই বামনের কান্ড,মাহফুজুর রহমান,BDT 80.00,
Debpaharer Piki দেবপাহাড়ের পিকি,বুলবন ওসমান,BDT 100.00,
Nimpata Toi Toi নিমপাতা তৈ তৈ,মনিরুজ্জামান,BDT 70.00,
Pakhhiraj Porir Deshe পঙ্খিরাজে পরির দেশে,রশীদ নিউটন,BDT 80.00,
Pataka Amar Desh Amar পতাকা আমার দেশ আমার,সুজন বড়ুয়া,BDT 100.00,
Porir Deshe Rajkumar পরির দেশে রাজকুমার,তমসুর হোসেন,BDT 150.00,
Porir Meye Fulfuri পরির মেয়ে ফুলপরি,বোরহান মাসুদ,BDT 80.00,
Petni Vuter Kando পেতনি ভূতের কান্ড,অপু বড়ুয়া,BDT 80.00,
Prokitrir Bismoy প্রকৃতির বিস্ময়,মৃত্যুঞ্জয় রায়,BDT 80.00,
Pranider Mojar Katha প্রাণীদের মজার কথা,মৃত্যুঞ্জয় রায়,BDT 70.00,
Vutatrist ভূতার্টিস্ট,মনিরুজ্জামান পলাশ,BDT 80.00,
Mamabarir Vut মামাবাড়ির ভূত,মুরাদ চৌধুরী,BDT 80.00,
Minur Beral Mini মিনুর বেড়াল মিনি,রশীদ নিউটন,BDT 80.00,
Meghgulo Sob মেঘগুলো সব,এখ্‌লাসউদ্দিন আহ্‌মদ,BDT 150.00,
Lal Sabujer Bangladesh লাল সবুজের বাংলাদেশ,আরিফ রায়হান,BDT 150.00,
Lalmoroger Kukukroku লালমোরগের কুক্কুরকু,মালেক মাহমুদ,BDT 80.00,
Ludmilar Nosib লুদমিলার নসিব,সিরু বাঙালি,BDT 70.00,
Sada Hati Neel Hati সাদা হাতি নীল হাতি,খোকন দাস,BDT 80.00,
Shukhi Manusher Golpo সুখী মানুষের গল্প,মাহফুজুর রহমান,BDT 80.00,
Smitir Danai Kishorbelai স্মৃতির ডানায় কিশোরবেলায়,হাসনাত আমজাদ,BDT 150.00,
Hercules O Saudagar হারকিউলিস ও সওদাগর,মাহফুজুর রহমান,BDT 80.00,
Hasir Chara হাসির ছড়া,সুকুমার রায়,BDT 70.00,
Alor Michil আলোর মিছিল,মুস্তাফা মাসুদ,BDT 150.00,
Chotoder Hasir Galpo [Subrna] ছোটদের হাসির গল্প,হাফিজ উদ্দিন আহমেদ,BDT 80.00,
Chotoder Hasir Golpo [Shishu Prk] ছোটদের হাসির গল্প,শরিফুল ইসলাম ভুঁইয়া,BDT 150.00,
Chotoder Hashir Golpo [Kakoli Prk] ছোটদের হাসির গল্প,শেখ আনোয়ার,BDT 95.00,
Toma Muktijuddher Golpo Jane তমা মুক্তিযুদ্ধের গল্প জানে,লিটন ঘোষ জয়,BDT 70.00,
Nora X Thirty নোরা এক্স থার্টি,নাসরীন মুস্তাফা,BDT 125.00,
Pataka Amar Desh পতাকা আমার দেশ,ইফতেখার হালিম,BDT 125.00,
Jibanananda Das Kabbo: 12 Nibonddo জীবনানন্দ দাশের কাব্য : ১২ নিবন্ধ,সৈকত রহমান,BDT 150.00,
Upamohadeshiyo Bumi Avidhan উপমহাদেশীয় ভূমি অভিধান,হাসান জাহাঙ্গীর আলম,BDT 350.00,
Adrishya Aloy Nari অদৃশ্য আলোয় নারী,তানজীরা মুক্তি,BDT 150.00,
Awami League Badlale Bangladesh Badlabe আওয়ামী লীগ বদলালে দেশ বদলাবে,নূহ-উল-আলম লেনিন,BDT 500.00,
Ajker Debdash আজকের দেবদাস,ইমদাদুল হক মিলন,BDT 150.00,
Abittir Shreshtho Kabitasamagra আবৃত্তির শ্রেষ্ঠ কবিতাসমগ্র,ইকবাল খোরশেদ,BDT 750.00,
Amader Beersreshtho আমাদের বীরশ্রেষ্ঠ,ফারুক নওয়াজ,BDT 80.00,
Amar Alo Amar Adhar আমার আলো আমার আঁধার,রণজিৎ বিশ্বাস,BDT 300.00,
Amar Ekta Voy Ache আমার একটা ভয় আছে,সুস্ময় সুমন,BDT 200.00,
Alaler Ghorer Dulal [Jonaki Prk] আলালের ঘরের দুলাল,প্যারীচাঁদ মিত্র,BDT 200.00,
Islamic Knowledge Bank ইসলামিক নলেজ ব্যাংক,মাওলানা মুহাম্মদ গুফরান রশিদী কিরানভী,BDT 200.00,
Ucchotor Adalote Bangla Procholon উচ্চতর আদালতে বাংলা প্রচলন,গাজীউল হক,BDT 400.00,
Upannash [KNI] উপন্যাস,কাজী নজরুল ইসলাম,BDT 400.00,
Uponnyash Shomogro [HD] উপন্যাস সমগ্র,হরিপদ দত্ত,BDT 750.00,
"Uponnasher Binirman Uponnasher Jadu উপন্যাসের বিনির্মাণ, উপন্যাসের জাদু",কামরুজ্জামান জাহাঙ্গীর,BDT 170.00,
"Ekdin Ei Shohore একদিন, এই শহরে",সুস্ময় সুমন,BDT 90.00,
Eka Ebong Koiekjon একা এবং কয়েকজন,সুনীল গঙ্গোপাধ্যায়,BDT 600.00,
One million and one gain strategy ওয়ান মিলিয়ন এন্ড ওয়ান লাভ স্ট্র্যাটেজিজ,জ্যোতিপ্রকাশ দত্ত,BDT 300.00,
Kopalkundola [Jonaki Prk] কপালকুণ্ডলা,বঙ্কিমচন্দ্র চট্টোপাধ্যায়,BDT 130.00,
Kapalkundala [Katha Prk] কপালকুণ্ডলা,বঙ্কিমচন্দ্র চট্টোপাধ্যায়,BDT 200.00,
Kado Nodi Kado [Jonaki] কাঁদো নদী কাঁদো,সৈয়দ ওয়ালীউল্লাহ্‌,BDT 150.00,
KaloGhora কালোঘোড়া,ইমদাদুল হক মিলন,BDT 125.00,
Kiler Chote Kathal Pake কিলের চোটে কাঁঠাল পাকে,অসীম সাহা,BDT 60.00,
Kemon Kore Swadhin Holam [Afsar Brds] কেমন করে স্বাধীন হলাম,ড.কামরুল আহসান,BDT 100.00,
Kemon Kore Sadin Holam [Jonaki Prk] কেমন করে স্বাধীন হলাম,আলম তালুকদার,BDT 100.00,
Qur'an Bible Ved and Science কোরআন বাইবেল বেদ ও বিজ্ঞান,ডাঃ এন সি বোস,BDT 500.00,
Khatiman Bish Rastronayok খ্যাতিমান বিশ রাষ্ট্রনায়ক,শামসুজ্জামান শামস,BDT 275.00,
Godfather গডফাদার,মারিও পূজো,BDT 250.00,
Gonodebota গণদেবতা,তারাশঙ্কর বন্দ্যোপাধ্যায়,BDT 300.00,
Golposhomogro[HD] গল্পসমগ্র,হরিপদ দত্ত,BDT 300.00,
Grihohin Grihi গৃহহীন গৃহী,মনজুরুল হক খান,BDT 200.00,
Hasir Raza Gopal Varh [Jonaki Prk] হাসির রাজা গোপাল ভাঁড়,,BDT 175.00,
Chader Amabssaiy [Jonaki Prk] চাঁদের অমাবস্যা,সৈয়দ ওয়ালীউল্লাহ্‌,BDT 150.00,
Chader buke Hata 12 Novochari চাঁদের বুকে হাঁটা ১২ নভোচারী,শামসুজ্জামান শামস,BDT 200.00,
Aso Zadu Shikhi এসো জাদু শিখি,আশরাফুল ইসলাম সাগর,BDT 60.00,
Dustu Vuter Pathshala দুষ্টু ভূতের পাঠশালা,নজরুল ইসলাম খোকন,BDT 125.00,
Vuter Dacter ভূতের ডাক্তার,নজরুল ইসলাম খোকন,BDT 80.00,
Chotogolpo [KNI] ছোটগল্প,কাজী নজরুল ইসলাম,BDT 300.00,
Chotoder Prio adventure O Goyenda Golpo ছোটদের প্রিয় অ্যাডভেঞ্চার ও গোয়েন্দা গল্প,ইমদাদুল হক মিলন,BDT 400.00,
Chotoder Prio Bish Biggani ছোটদের প্রিয় বিশ বিজ্ঞানী,শামসুজ্জামান শামস,BDT 250.00,
Chotoder Prio Science Fiction ছোটদের প্রিয় সায়েন্স ফিকশন,ইমদাদুল হক মিলন,BDT 400.00,
Joy Bangla O Ananny Golpo জয় বাংলা ও অন্যান্য গল্প,কামরুজ্জামান জাহাঙ্গীর,BDT 150.00,
Joldighi জলদিঘি,মহি মুহাম্মদ,BDT 160.00,
Zat Nimer Pata জাত নিমের পাতা,মাহবুব কামাল,BDT 300.00,
Jatisogger Rajotto Joyonti Bangladesh O Shekh Hasina জাতিসংঘের রজত জয়ন্তী বাংলাদেশ ও শেখ হাসিনা,পান্না কায়সার,BDT 100.00,
Jatiyo O Antorjatik Pekkhapot জাতীয় ও আন্তর্জাতিক প্রেক্ষাপট,মোহাম্মদ শামসুল কবির,BDT 200.00,
Atish Dipankar Jibon O Kormo অতীশ দীপংকর জীবন ও কর্ম,জিতেন্দ্র লাল বড়ুয়া,BDT 200.00,
Shawkat Ali: Jibon O Shilper Unmesh শওকত আলী: জীবন ও শিল্পের উন্মেষ,শাফিক আফতাব,BDT 300.00,
Hazrat Abu Huraira (ra)-Er Jibon kormo O Shreshtho Hadithsomuho হযরত আবূ হুরায়রা (রা:)-এর জীবন-কর্ম ও শ্রেষ্ঠ হাদীসসমূহ,মুফতী আমিনুল ইসলাম,BDT 200.00,
Bibhutibhushaner Pather Pachali: Tnistho Path O Shilposandorshon বিভূতিভূষণের পথের পাঁচালী: তন্বিষ্ঠ পাঠ ও শিল্পসন্দর্শন,অনীক মাহমুদ,BDT 100.00,
Tritiyo Tire Dhosh [Kakoli Prk] তৃতীয় তীরে ধস,মাহবুবা ইসলাম,BDT 100.00,
Tritiyo Tire Dosh [Jonaki Prk] তৃতীয় তীরে ধস,হুমায়ূন মালিক,BDT 200.00,
Dinguli দিনগুলি,ইমদাদুল হক মিলন,BDT 60.00,
Dui Nari দুই নারী,রাহাত খান,BDT 125.00,
The New Life দ্য নিউ লাইফ,অনীশ দাস অপু,BDT 300.00,
Drubotarai ধ্রুবতারায়,এম জহিরুল হক,BDT 250.00,
Nandanik Nazrul নান্দনিক নজরুল,মুহম্মদ নূরুল হুদা,BDT 100.00,
Nari : Bidrohi নারী : বিদ্রোহী,আনোয়ারা সৈয়দ হক,BDT 250.00,
Noggorer Tori নোঙরের তরী,শেখ হাফিজুর রহমান,BDT 100.00,
Nobeljoyider Katha নোবেলজয়ীদের কথা,শামসুজ্জামান শামস,BDT 150.00,
Pother Pachali [Obosor] পথের পাঁচালী,বিভূতিভূষণ বন্দ্যোপাধ্যায়,BDT 180.00,
Pather Pachali [Jonaki Prk] পথের পাঁচালী,বিভূতিভূষণ বন্দ্যোপাধ্যায়,BDT 200.00,
Padmanodir Majhi [Jonki Prk] পদ্মানদীর মাঝি,মানিক বন্দ্যোপাধ্যায়,BDT 150.00,
Md. Osman Ghanir Paye Hete Bishho Vromon মোঃ ওসমান গণির পায়ে হেঁটে বিশ্ব ভ্রমণ,জাহাঙ্গীর আলম,BDT 350.00,
Puro Serious Adha Rommo পুরো সিরিয়াস আধা রম্য,রণজিৎ বিশ্বাস,BDT 150.00,
Purnang Gitikay Protifalita Lokojebon পূবর্ববঙ্গ গীতকায় প্রতিফলিত লোকজীবন,ফরিদা পারভীন কেয়া,BDT 300.00,
Probondho Shomogro [MSK] প্রবন্ধ সমগ্র,মোহাম্মদ শামসুল কবির,BDT 400.00,
Baṅgabandhukē Nibēdita Chaṛā Kabitā বঙ্গবন্ধুকে নিবেদিত ছড়া কবিতা,খালেক বিন জয়েনউদ্দীন,BDT 300.00,
Bangladesher Avvudoyer Prekkhapot বাংলাদেশের অভুদয়ের প্রেক্ষাপট,শেখ হাফিজুর রহমান,BDT 400.00,
Bangladesher Rajniti (1953-1966) বাংলাদেশের রাজনীতি (১৯৫৩-১৯৬৬),ড. খায়রুল আহসান ছিদ্দিকী,BDT 400.00,
Otikrom অতিক্রম,সৈয়দ শামসুল হক,BDT 200.00,
William Shakespeare Er Tinti Naktok উইলিয়াম শেক্সপিয়ারের তিনটি নাটক,সৈয়দ শামসুল হক,BDT 300.00,
Uponnash Shomogro [Ssh] -10 উপন্যাস সমগ্র-১০,সৈয়দ শামসুল হক,BDT 450.00,
Bhossho Jodi Shorbange Amar ভস্ম যদি সর্বাঙ্গে আমার,সৈয়দ শামসুল হক,BDT 120.00,
Amar Somadhikaler Prosadhon আমার সমাধিকালের প্রসাধন,সৈয়দ শামসুল হক,BDT 125.00,
Nishiddho Loban নিষিদ্ধ লোবান,সৈয়দ শামসুল হক,BDT 120.00,
Jole Khuji Dhatob Mudra জলে খুঁজি ধাতব মুদ্রা,মাহবুবুল হক শাকিল,BDT 200.00,
Shobi Holo Kismot সবই হলো কিসমত,ডঃ মাহবুবুল হক,BDT 25.00,
Bangla O Bangladesh : Somaj O Itihash বাংলা ও বাংলাদেশ : সমাজ ও ইতিহাস,ডঃ মাহবুবুল হক,BDT 250.00,
Shat Shotero সাতসতেরো,মাহবুব-উল-আলম,BDT 50.00,
Faguner Podaboli ফাগুনের পদাবলি,মাহবুব-উল-আলম,BDT 250.00,
Vhuter Kobole Ahona ভূতের কবলে অহনা,সালেহ রফিক,BDT 150.00,
Nekre O Shiyal নেকড়ে ও শেয়াল,অনুপম সৈকত অপু,BDT 80.00,
Kabiler Mintu Mama কাবিলের মিন্টু মামা,মিতুল সাইফ,BDT 70.00,
Yeter Dish Nepal ইয়েতির দেশ নেপাল,মুনির সিরাজ,BDT 40.00,
Kanone Kusumkoli কাননে কুসুমকলি,আলী ইমাম,BDT 500.00,
Choto Pakhi Moitusi ছোট্ট পাখি মৌটুসি,আলী ইমাম,BDT 70.00,
Dhonesh Patkir Bishal Thot ধনেশ পাখির বিশাল  ঠোঁট,আলী ইমাম,BDT 70.00,
Shiyal O Azogor শিয়াল ও অজগর,আলী ইমাম,BDT 70.00,
Singoh Jakhon Vishon Jobdo সিংহ যখন ভীষণ জব্দ,আলী ইমাম,BDT 70.00,
Chora O Kobita Shomogro [AI] ছড়া ও কবিতা সমগ্র,আলী ইমাম,BDT 250.00,
Banglar Madhusudan বাঙলার মধুসূদন,সুহৃদ সরকার,BDT 150.00,
Baloker Aviman বালকের অভিমান,ইমদাদুল হক মিলন,BDT 100.00,
Bibarnno Prantor বিবর্ণ প্রান্তর,লুৎফর রহমান মোমেন,BDT 110.00,
Jana-Ajana Bissher Bichitro Bismoy জানা-অজানা বিশ্বের বিচিত্র বিস্ময়,রেজাউল হক রেজা,BDT 300.00,
Bishad Shindhu [jonaki] বিষাদ সিন্ধু,মীর মশাররফ হোসেন,BDT 300.00,
Britto Theke Bindute বৃত্ত থেকে বিন্দুতে,আল ফারুক,BDT 150.00,
Bhanga Mon ভাঙ্গা মন,নূর ইলিয়াস,BDT 160.00,
Motichur মতিচুর,বেগম রোকেয়া সাখাওয়াত হোসেন,BDT 250.00,
Mohaplabon মহাপ্লাবন,কাজী সিরাজ,BDT 100.00,
Marti Rin মাতৃ ঋণ,মকবুলা মনজুর,BDT 250.00,
Manushkatha মানুষকথা,মাসুদা ভাট্টি,BDT 70.00,
Muktijhuddho O Bangladesher Uponnash মুক্তিযুদ্ধ ও বাংলাদেশের উপন্যাস,ড. মোহাম্মদ আনোয়ার সাঈদ,BDT 400.00,
Muktijuddher Shahid Buddhijibi মুক্তিযুদ্ধের শহীদ বুদ্ধিজীবি,ফারুক নওয়াজ,BDT 100.00,
Muktijhuddher Kishor Golpo [SUA] মুক্তিযুদ্ধের কিশোর গল্প,সরওয়ার-উল ইসলাম,BDT 100.00,
Muktijhuddher Golpo [MA] মুক্তিযুদ্ধের গল্প,মহীবুল আজিজ,BDT 200.00,
Muktijuddher Golposhomogro [RG] মুক্তিযুদ্ধের গল্পসমগ্র,রবীন্দ্র গোপ,BDT 600.00,
Muktijuddher Golpo [SA] মুক্তিযুদ্ধের গল্প,সমীর আহমেদ,BDT 275.00,
Muktijhuddher Golpo [HM] মুক্তিযুদ্ধের গল্প,হুমায়ূন মালিক,BDT 300.00,
Mushlim Shishu : Jibon Gotone Pita-Matar Kattobbo মুসলিম শিশু : জীবন গড়নে পিতা-মাতার কর্তব্য,হাসান জাহাঙ্গীর আলম,BDT 225.00,
Mrittur Pore Koborer Jibon মৃত্যুর পরে কবরের জীবন,মুফতী আমিনুল ইসলাম,BDT 200.00,
Zugsrostha Nazrul যুগস্রষ্টা নজরুল,খান মুহাম্মদ মঈনুদ্দীন,BDT 300.00,
Romjaner Eitihash O Rojar Fazayel Masael রমযানের ইতিহাস ও রোজার ফাযায়েল মাসায়েল,মোহাম্মদ গিয়াস উদ্দিন,BDT 200.00,
Rahosshomoyi রহস্যময়ী,ইমদাদুল হক মিলন,BDT 70.00,
Rajnitir Mulkatha রাজনীতির মূলকথা,ননী ভৌমিক,BDT 450.00,
Rajbondir Rojnamcha রাজবন্দীর রোজনামচা,শহীদুল্লাহ কায়সার,BDT 160.00,
Lal Eter Bari O Biplobi Rakto লাল ইটের বাড়ি ও বিপ্লবীর রক্ত,রবীন্দ্র গোপ,BDT 300.00,
Lalsalu [jonaki] লালসালু,সৈয়দ ওয়ালীউল্লাহ্‌,BDT 150.00,
Shishu Kishor Shrestho Golpo শিশু কিশোর শ্রেষ্ঠ গল্প,ঈশ্বরচন্দ্র বিদ্যাসাগর,BDT 175.00,
Shekh Hasina Banglar Prioymukh শেখ হাসিনা বাংলার প্রিয়মুখ,বাদল চৌধুরী,BDT 300.00,
Chotoder Prio Shrestho Golpo ছোটদের প্রিয় শ্রেষ্ঠ ভূতের গল্প,,BDT 175.00,
Shor Kobi Posoggo ষড় কবি প্রসঙ্গ : জীবনানন্দ দাশ ‍থেকে রুদ্র মুহম্মদ শহিদুল্লাহ,অনুপম হাসান,BDT 350.00,
Sangshoptok সংশপ্তক,শহীদুল্লাহ কায়সার,BDT 250.00,
Sokhi Vhalobasha Kare Koy সখী ভালবাসা কারে কয়,এরশাদ ইবনে ওমর,BDT 60.00,
Sadaroner Asha - Akakkha সাধারণের আশা-আকাঙ্ক্ষা,ড. জি. সি. দেব,BDT 250.00,
Sarakkhon Sarabela সারাক্ষণ সারাবেলা,সুমন মাহবুব,BDT 140.00,
Sahitter Ruptatta O Alankar সাহিত্যের রূপতত্ত্ব ও অলঙ্কার,শাফিক আফতাব,BDT 150.00,
Sngihobahini সিংহবাহিনী,সমরেশ মজুমদার,BDT 600.00,
Shukh Ek Morichikar Nam সুখ এক মরীচিকার নাম,শাহাদাত হোসেন,BDT 200.00,
Sure O Sore Bangabandhu সুরে ও স্বরে বঙ্গবন্ধু,ফজলুল হক সরকার,BDT 200.00,
"Se,Tumi Ebang Shahrukh সে, তুমি এবং শাহরুখ",সুস্ময় সুমন,BDT 100.00,
Sohag সোহাগ,হরষিত,BDT 85.00,
Shadinotar Chiro Ashlan স্বাধীনতা চির অম্লান,ফয়ছল আহমদ জীবন,BDT 125.00,
13B / Horror Thriller ১৩বি/ হরর থ্রিলার,সুস্ময় সুমন,BDT 120.00,
Haste Haste Pora হাসতে হাসতে পড়া,আলম তালুকদার,BDT 100.00,
Computerer Itibritto কম্পিউটারের ইতিবৃত্ত,খায়রুল আলম মনির,BDT 275.00,
Shonchoyita [Kakoli] সঞ্চয়িতা,রবীন্দ্রনাথ ঠাকুর,BDT 200.00,
Gora গোরা,রবীন্দ্রনাথ ঠাকুর,BDT 150.00,
Ghore Baire [Kakoli] ঘরে - বাইরে,রবীন্দ্রনাথ ঠাকুর,BDT 120.00,
Noukadubi [Kakoli] নৌকাডুবি,রবীন্দ্রনাথ ঠাকুর,BDT 120.00,
Boi Thakuranir Hat বউ ঠাকুররানির হাট,রবীন্দ্রনাথ ঠাকুর,BDT 100.00,
Jogajog [Kakoli] যোগাযোগ,রবীন্দ্রনাথ ঠাকুর,BDT 120.00,
Altaf আলতাফ,অমিত গোস্বামী,BDT 300.00,
Autobiography of Jawaharlal Nehru অটোবায়োগ্রাফী অব জওহরলাল নেহরু,কাজল চৌধুরী,BDT 650.00,
Folklore Of Bangladesh ফোকলোর অব বাংলাদেশের,শামসুজ্জামান খান,BDT 990.00,
Autobiography of Mahatma Gandhi অটোবায়োগ্রাফী অব মহাত্মা গান্ধী,ড. নাজমুল আলম,BDT 500.00,
Al Kayada Theke IS আল কায়দা থেকে আইএস,সুজন কবির,BDT 500.00,
Europe O America ইউরোপ ও আমেরিকায়,সিরাজ উদ্দীন সাথী,BDT 650.00,
Interpreter of Maladies ইন্টারপ্রেটার অব ম্যালাডিজ,ঝুম্পা লাহিড়ী,BDT 300.00,
Indira Gandhi ইন্দিরা গান্ধী,পুপুল জয়কর,BDT 600.00,
Uponnash Troyi [Nalonda] উপন্যাস ত্রয়ী,অ্যালব্যের ক্যামু,BDT 500.00,
A History Of the Sikhs এ হিষ্ট্রি অব দ্যা শিখ্‌স ২য় খণ্ড,জাকির শামীম,BDT 450.00,
A History Of The Sikhs-1 এ হিষ্ট্রি অব দ্যা শিখ্‌স-১,জাকির শামীম,BDT 350.00,
Ebong Koitiller Nitishasro এবং কৌটিল্যের নীতিশাস্ত্র,মানিক মোহাম্মদ রাজ্জাক,BDT 175.00,
Composition for Four Hands বিশ্বের সেরা রহস্য উপন্যাস : ১৩ কম্পোজিশন ফর ফোর হ্যান্ডস,হিলডা লরেন্স,BDT 200.00,
Kam Eji-Go Easy বিশ্বের সেরা রহস্য উপন্যাস : ৩ কাম ইজি-গো ইজি,জেমস হ্যাডালি চেজ,BDT 300.00,
Cairo Trilogy (Palace of Desire) কায়রো ট্রিলজি (প্যালেস অব ডিজায়ার),নগিব মাহফুজ,BDT 750.00,
Cairo Trilogy (Palace Walk) কায়রো ট্রিলজি (প্যালেস ওয়াক),নগিব মাহফুজ,BDT 900.00,
Koitiller Arthoshasro কৌটিল্যের অর্থশাস্ত্র,মানিক মোহাম্মদ রাজ্জাক,BDT 825.00,
Chankker Kutkoishol চাণক্যের কূটকৌশল,মানিক মোহাম্মদ রাজ্জাক,BDT 450.00,
True Love and a Little Malice [Nalonda] ট্রুথ লাভ এন্ড এ লিটল ম্যালিস,খুশবন্ত সিং,BDT 650.00,
Trent's Last Case বিশ্বের সেরা রহস্য উপন্যাস : ৪ ট্রেন্টস্ লাস্ট কেস,ই. সি. বেন্টলে,BDT 200.00,
DiffICult Dotter [Nalonda] ডিফিকাল্ট ডটার্স,আনোয়ার হোসেইন মঞ্জু,BDT 450.00,
Death At The President's Lawging বিশ্বের সেরা রহস্য উপন্যাস : ১৯ ডেথ অ্যাট দ্য প্রোসডেন্টস লজিং,মিচেল ইনেস,BDT 200.00,
Delhi: City Of Jins দিল্লি : সিটি অফ জ্বিনস,আনোয়ার হোসেইন মঞ্জু,BDT 500.00,
Desher Nam Vietnam দেশের নাম ভিয়েতনাম,মানিক মোহাম্মদ রাজ্জাক,BDT 550.00,
The Egyptian Cross Mystery বিশ্বের সেরা রহস্য উপন্যাস : ৭ দ্য ইজিপশিয়ান ক্রুশ মিস্ট্রি,মানিক মোহাম্মদ রাজ্জাক,BDT 300.00,
The Case Of The Mischievous Dall বিশ্বের সেরা রহস্য উপন্যাস : ১৫ দ্য কেস অব দ্য মিসচিভাস ডল,আর্ল স্ট্যানলি গার্ডনার,BDT 275.00,
The Poyjan Chocolate Case বিশ্বের সেরা রহস্য উপন্যাস : ১৮ দ্য পয়জন চকলেট কেস,সোহেল মল্লিক,BDT 200.00,
The Phantom Lady বিশ্বের সেরা রহস্য উপন্যাস : ৯ দ্য ফ্যানটম লেডি,উইলিয়াম আইরিশ,BDT 300.00,
The Locked Room বিশ্বের সেরা রহস্য উপন্যাস : ২ দ্য লক্‌ড রুম,মাজ সোয়ল পার ওয়ালু,BDT 275.00,
The Last Mughal দ্য লাস্ট মোগল,আনোয়ার হোসেইন মঞ্জু,BDT 750.00,
The Hound Of The Baskerville বিশ্বের সেরা রহস্য উপন্যাস : ৫ দ্য হাউন্ড অব দ্য বাস্কারভিল,স্যার আর্থার কোনান ডায়েল,BDT 250.00,
The House Without A Ki বিশ্বের সেরা রহস্য উপন্যাস : ১০ দ্য হাউস উইদাউট এ কি,আর্ল ডার বিগারস,BDT 275.00,
Nokkhotrer Razarbag নক্ষত্রের রাজারবাগ,মোশতাক আহমেদ,BDT 500.00,
Nattorupe Rabindranath- 1 নাট্যরুপে রবীন্দ্রনাথ,বাবুল বিশ্বাস,BDT 750.00,
Nattorupe Rabindranath- 2 নাট্যরুপে রবীন্দ্রনাথ,বাবুল বিশ্বাস,BDT 750.00,
Nattorupe Rabindranath -3 নাট্যরুপে রবীন্দ্রনাথ,বাবুল বিশ্বাস,BDT 750.00,
Nattorupe Rabindranath -4 নাট্যরুপে রবীন্দ্রনাথ,বাবুল বিশ্বাস,BDT 750.00,
Nattorupe Rabindranath- 5 নাট্যরুপে রবীন্দ্রনাথ,বাবুল বিশ্বাস,BDT 750.00,
Nattorupe Rabindranath 6 নাট্যরুপে রবীন্দ্রনাথ,বাবুল বিশ্বাস,BDT 750.00,
Anubad Natoksomggro অনুবাদ নাটকসমগ্র-৩,আবদুস সেলিম,BDT 700.00,
Anubad Natok Samoggro-1 অনুবাদ নাটকসমগ্র,আবদুস সেলিম,BDT 750.00,
Natokshomogro -1 [MR] নাটকসমগ্র,মামুনুর রশীদ,BDT 450.00,
Natoksamoggro-1 [MC] নাটকসমগ্র,মুনীর চৌধুরী,BDT 650.00,
Anubad Natok Samoggro-2 অনুবাদ নাটকসমগ্র,আবদুস সেলিম,BDT 700.00,
Natoksamoggro-2 [MR] নাটকসমগ্র,মামুনুর রশীদ,BDT 500.00,
Natoksomoggro-2 [MC] নাটকসমগ্র,মুনীর চৌধুরী,BDT 750.00,
Natoksamoggro-3 [MR] নাটকসমগ্র-৩,মামুনুর রশীদ,BDT 500.00,
Natoksomoggro [MH] নাটকসমগ্র,মান্নান হীরা,BDT 750.00,
Pashcadpraggone Mitru বিশ্বের সেরা রহস্য উপন্যাস : ১২ পশ্চাদ্‌প্রাঙ্গণে মৃত্য,ডি তারাসেনকভ,BDT 275.00,
Pach Adday পাঁচ অধ্যায়,মোশতাক আহমেদ,BDT 700.00,
Paradise And Other Stories প্যারাডাইজ অ্যান্ড আদার স্টোরিজ,খুশবন্ত সিং,BDT 250.00,
Plain Murders বিশ্বের সেরা রহস্য উপন্যাস : ১ প্লেইন মার্ডার,সিসিল স্কট ফরেস্টার,BDT 275.00,
Bideshir Chokhe 1971 বিদেশির চোখে ১৯৭১,আন্দালিব রাশদী,BDT 950.00,
Vashar Lorai O Rastrovasha Andolon ভাষার লড়াই ও রাষ্ট্রভাষা আন্দোলন,গোলাম কুদ্দুছ,BDT 999.00,
Vasharsongramer Smriti ভাষাসংগ্রামের স্মৃতি,এম আর মাহবুব,BDT 500.00,
Bishorjon [Kak] বিসর্জন,রবীন্দ্রনাথ ঠাকুর,BDT 125.00,
Shesher Kobita [Kakoli] শেষের কবিতা,রবীন্দ্রনাথ ঠাকুর,BDT 70.00,
Robindro Uponnash Shomogro রবীন্দ্র উপন্যাস সমগ্র,রবীন্দ্রনাথ ঠাকুর,BDT 350.00,
Moharaza Ronojjit Sing [Nalonda] মহারাজা রণজিৎ সিং,খুশবন্ত সিং,BDT 350.00,
Manuchir Chokhe Mogol Varat(1653-1708) মানুচির চোখে মোগল ভারত (১৬৫৩-১৭০৮),আনোয়ার হোসেইন মঞ্জু,BDT 400.00,
Mageres Mistek বিশ্বের সেরা রহস্য উপন্যাস : ১৭ মায়গ্রেস মিসটেক,জর্জ সিমেনঁ,BDT 200.00,
Murdere On The Orient Express বিশ্বের সেরা রহস্য উপন্যাস : ৬ মার্ডার অন দ্য ওরিয়েন্ট এক্সপ্রেস,আগাথা ক্রিস্টি,BDT 300.00,
Marde Plan Six মার্ডার প্ল্যান সিক্স,জন বিংহ্যাম,BDT 175.00,
Mystery Miles বিশ্বের সেরা রহস্য উপন্যাস : ১৬''  মিস্ট্রি মাইল,মারগেরি অ্যলিংহ্যাম,BDT 225.00,
Meghe Dakha Tara মেঘে ঢাকা তারা,ঋত্বিককুমার ঘটক,BDT 500.00,
Mogoul Shahjadider Kanna [Nalonda] মোগল শাহজাদীদের কান্না,আনোয়ার হোসেইন মঞ্জু,BDT 200.00,
Rastro Vasha Andolon রাষ্ট্র ভাষা আন্দোলন,এম আর মাহবুব,BDT 200.00,
Lalonsomoggro লালনসমগ্র,আবদেল মাননান,BDT 800.00,
From the third world to fast Lee Kuan Yew'r Atnokatha ফ্রম থার্ড ওয়ার্ল্ড টু ফার্স্ট লী কুয়ান ইউ র আত্মকথা,মানিক মোহাম্মদ রাজ্জাক,BDT 500.00,
Lady Behave বিশ্বের সেরা রহস্য উপন্যাস : ১১ লেডি বিহেভ,পিটার চেইনি,BDT 300.00,
Sharonarthi শরণার্থী,সুধাংশু শেখর বিশ্বাস,BDT 300.00,
Shipahi Bidroho Ebang Ekti Oitihasik Abichar সিপাহি বিদ্রোহ এবং একটি ঐতিহাসিক অবিচার,আনোয়ার হোসেইন মঞ্জু,BDT 300.00,
White Mogulos [Nalonda] হোয়াইট মোগলস,আনোয়ার হোসেইন মঞ্জু,BDT 650.00,
DEMOCRACY GOVERNANCE DEVELOPMENT ডেমোক্রেসি গভর্নেন্স ডেভেলপমেন্ট,আনু মাহমুদ,BDT 500.00,
FOOD SECURITY ECONOMIC DEVELOPMENT ফুড সিকিউরিটি ইকোনমিক ডেভেলপমেন্ট,আনু মাহমুদ,BDT 360.00,
Darbish : The Saint দারবিশ: দ্য সেন্ট,লতিফুল ইসলাম শিবলী,BDT 350.00,
Anumanob অণুমানব,মোশতাক আহমেদ,BDT 300.00,
Atipto Atna অতৃপ্ত আত্মা,মোশতাক আহমেদ,BDT 150.00,
Avisopto Atta অভিশপ্ত আত্মা,মোশতাক আহমেদ,BDT 250.00,
Ecchey Holay Chute Pari ইচ্ছে হলে ছুঁতে পারি তোমার অভিমান,লতিফুল ইসলাম শিবলী,BDT 200.00,
Utsorgo Sahitto উৎসর্গ সাহিত্য,আলম তালুকদার,BDT 200.00,
Ulu Pishacher Atta উলু পিশাচের আত্না,মোশতাক আহমেদ,BDT 300.00,
Ei Shob Dinratri এই শব দিনরাত্রি,ধ্রুব এষ,BDT 100.00,
Ekusher Chora Kabita [Agme Prk] একুশের ছড়া কবিতা,ফারুক হোসেন,BDT 150.00,
Ekusher Chora Kabita [Nalonda]` একুশের ছড়া কবিতা,নাসের মাহমুদ,BDT 200.00,
Ekusher Chora Kobita [Kakoli Prk] একুশের ছড়া কবিতা,আসলাম সানী,BDT 250.00,
Kabitasomoggro O Anannay কবিতাসমগ্র ও অন্যান্য,যোহরা হাসীন,BDT 550.00,
Kakatuya Bonera কাকাতুয়া বোনেরা,আন্দালিব রাশদী,BDT 200.00,
Golpo Somogro [Anupam Prk] গল্পসমগ্র,রবীন্দ্রনাথ ঠাকুর,BDT 750.00,
Chokher Bali [Kakoli Prokash] চোখের বালি,রবীন্দ্রনাথ ঠাকুর,BDT 120.00,
Chokher Bali [Jonaki Prokash] চোখের বালি,রবীন্দ্রনাথ ঠাকুর,BDT 180.00,
Sonar Tori [Jonaki] সোনার তরী,রবীন্দ্রনাথ ঠাকুর,BDT 150.00,
Jogajog [Jonaki] যোগাযোগ,রবীন্দ্রনাথ ঠাকুর,BDT 250.00,
Manoshi মানসী,রবীন্দ্রনাথ ঠাকুর,BDT 200.00,
Geetangoji [Jonaki] গীতাঞ্জলী,রবীন্দ্রনাথ ঠাকুর,BDT 150.00,
Kolpona কল্পনা,রবীন্দ্রনাথ ঠাকুর,BDT 150.00,
Khonika ক্ষণিকা,রবীন্দ্রনাথ ঠাকুর,BDT 200.00,
Sohoj Path 1/2 সহজ পাঠ,রবীন্দ্রনাথ ঠাকুর,BDT 200.00,
Konar Onishchito Jatra কণার অনিশ্চিত যাত্রা,সিরাজুল ইসলাম চৌধুরী,BDT 90.00,
Rabindranather Kabbo Vabna রবীন্দ্রনাথের কাব্য ভাবনা,রবীন্দ্রনাথ ঠাকুর,BDT 400.00,
Natok Somoggro [RTH] নাটক সমগ্র,রবীন্দ্রনাথ ঠাকুর,BDT 350.00,
Kaler Dhabni কালের ধ্বনি,গোলাম কুদ্দুছ,BDT 300.00,
Kishor Bangla Uppannash কিশোর বাংলার উপন্যাস,মাহবুব রেজা,BDT 450.00,
Kishor Gankosh-1 কিশোর জ্ঞানকোষ-১,আবু ইকবাল,BDT 300.00,
Cree ক্রি,মোশতাক আহমেদ,BDT 150.00,
Creeki ক্রিকি,মোশতাক আহমেদ,BDT 200.00,
Gigo গিগো,মোশতাক আহমেদ,BDT 225.00,
Gito গিটো,মোশতাক আহমেদ,BDT 200.00,
Gipilia গিপিলিয়া,মোশতাক আহমেদ,BDT 175.00,
Grikdarshon : Progga O Proshar গ্রিকদর্শন : প্রজ্ঞা ও প্রসার,মোঃ আব্দুল হালিম,BDT 250.00,
Great Wall to Opera House গ্রেট ওয়াল টু অপেরা হাউজ,আহমেদ ফরিদ,BDT 250.00,
Channachara Mohapran ছন্নাছাড়া মহাপ্রাণ,বিষ্ণু প্রভাকর,BDT 600.00,
Joki জকি,মোশতাক আহমেদ,BDT 180.00,
Joler Akhor জলের অক্ষর,রুখসানা কাজল,BDT 200.00,
Jago Bangali Konthe Sobai জাগো বাঙালি কোনঠে সবায়,মোনায়েম সরকার,BDT 150.00,
Jorasako Theke Bolchi জোড়াসাঁকো থেকে বলছি,ড. বিশ্বজিৎ ঘোষ,BDT 350.00,
Jochna Rater Jonaki জোছনা রাতের জোনাকি,মোশতাক আহমেদ,BDT 250.00,
Tumi Amar Kashto Sobuj Kore Dao Na তুমি আমার কষ্টগুলো সবুজ করে দাও না,লতিফুল ইসলাম শিবলী,BDT 300.00,
Droher Dipaboli দ্রোহের দীপাবলি,সুধাংশু শেখর বিশ্বাস,BDT 275.00,
Nari Uttso Theke Nirontor নারী উৎস থেকে নিরন্তর,মেহেরুন নেছা রুমা,BDT 500.00,
Nissoggo Jiri নিঃসঙ্গ জিরি,মোশতাক আহমেদ,BDT 150.00,
Niki নিকি,মোশতাক আহমেদ,BDT 200.00,
Niri নিরি,মোশতাক আহমেদ,BDT 275.00,
Nirbachito Rachonabli-1 [MG] নির্বাচিত রচনাবলী - ১,মহাত্মা গান্ধী,BDT 500.00,
Nirbachito Rachonaboli-2 [MG] নির্বাচিত রচনাবলী - ২,মহাত্মা গান্ধী,BDT 500.00,
Nirbachito Rochonaboli-3 [MG] নির্বাচিত রচনাবলী,মহাত্মা গান্ধী,BDT 500.00,
Nirbachito Rachonabali-4 [MG] নির্বাচিত রচনাবলী,মহাত্মা গান্ধী,BDT 500.00,
Nirbachito Raochanaboli-5 [MG] নির্বাচিত রচনাবলী,মহাত্মা গান্ধী,BDT 500.00,
